accession_a	accession_b	screen_hamming_distance	exact_hamming_distance	exact_primary_edge
470	476	0.000868	0.0008710592366032742	True
470	484	0.001152	0.0011094357218694505	False
470	504	0.00126	0.0012444503703985892	False
470	506	0.001724	0.0016349284202940649	False
470	544	0.001612	0.0016389433787219714	False
470	546	0.001732	0.0016534159032876813	False
470	680	0.0016	0.0015902036508297099	False
470	681	0.00144	0.001394684512503281	False
470	685	0.001576	0.0015848814966345779	False
470	728	0.00144	0.0014592039607284777	False
470	742	0.001092	0.001037539954672053	False
470	853	0.001668	0.0016298863794776241	False
470	854	0.001676	0.0015753576417590785	False
470	867	0.001464	0.0014279246334412984	False
470	868	0.00154	0.0015432379743358256	False
470	1612	0.001452	0.0014001000378246432	False
470	1622	0.0015	0.0014792787528680109	False
470	1651	0.001372	0.0013746097203637478	False
470	1652	0.001432	0.0014102774905837554	False
470	1676	0.001492	0.001431192622859362	False
470	1684	0.001468	0.001484600907063143	False
470	1739	0.001184	0.0010411814285950381	False
470	1741	0.001148	0.0011435161829435416	False
470	1756	0.0016	0.00152979253215865	False
470	1757	0.001484	0.0015030883900567593	False
470	1793	0.001532	0.0014920705971615737	False
470	1797	0.001432	0.001390109327317992	False
470	1819	0.00164	0.001541650665189909	False
470	1820	0.001636	0.001568728291796721	False
470	1834	0.001428	0.0014184007785657989	False
470	1942	0.001292	0.0012264297430361246	False
470	1943	0.001228	0.0011897348904275828	False
470	2017	0.001588	0.0015503341799293349	False
470	2031	0.001588	0.001557617127775305	False
470	2053	0.001648	0.0015992606500740572	False
470	2081	0.001128	0.0011590157898977856	False
470	2091	0.001092	0.0011255889267073073	False
470	2106	0.001096	0.001018678987173515	False
470	2108	0.00146	0.001447439198823449	False
470	2141	0.001048	0.001007567823152099	False
470	2159	0.001048	0.0010344587075064504	False
470	2166	0.001076	0.0010447295313917929	False
470	2191	0.001596	0.0015376357067620023	False
470	2212	0.00164	0.0015140128118257146	False
470	2239	0.001676	0.0015750775283803872	False
470	2240	0.001428	0.0013828263794720217	False
470	2285	0.001464	0.0014362346636758027	False
470	2286	0.001424	0.0014381020862004104	False
470	2370	0.001096	0.0010362327589048276	False
470	2412	0.001076	0.0010301636356998525	False
470	6739	0.00148	0.0014613514966317768	False
470	6740	0.00152	0.0015210156462929936	False
470	6749	0.001564	0.0014843207936844516	False
470	6750	0.001512	0.0014991668027550832	False
470	6805	0.001472	0.0015041154724452937	False
470	6806	0.001564	0.0015743305593705441	False
470	6814	0.00164	0.0015621923129605939	False
470	6927	0.001436	0.0013605106803029595	False
470	7248	0.001768	0.0016894571580126105	False
470	7358	0.0016	0.0015819869917214357	False
470	7359	0.001524	0.001462658692399002	False
470	7377	0.001984	0.0018926327286899313	False
470	7475	0.001736	0.0015967396296658368	False
470	7515	0.00186	0.0018539770824305512	False
470	7568	0.001572	0.0015417440363161394	False
470	7757	0.001604	0.0015578972411539962	False
470	7767	0.001512	0.0015242836357110571	False
470	8037	0.001636	0.0015296991610324194	False
470	8057	0.00144	0.0014048619652623929	False
470	8464	0.001568	0.001540716953927605	False
470	8483	0.001444	0.001458083507213713	False
470	8699	0.001156	0.0010648976946575563	False
470	8723	0.001088	0.0010452897581491752	False
476	484	0.001092	0.0010307238624572349	False
476	504	0.001216	0.0011638710884617658	False
476	506	0.001664	0.0015963661451609153	False
476	544	0.00164	0.0015977667120543712	False
476	546	0.001656	0.001619708926718512	False
476	680	0.001604	0.0015324069236931008	False
476	681	0.001388	0.0013079427362352519	False
476	685	0.001556	0.0015509877778129475	False
476	728	0.001476	0.0014269909221789946	False
476	742	0.000952	0.0009810504233026694	True
476	853	0.001608	0.0015767582086525342	False
476	854	0.001592	0.0014966457823468626	False
476	867	0.001356	0.0012689136054709505	False
476	868	0.00152	0.0014607912698743944	False
476	1612	0.001456	0.001310370385517242	False
476	1622	0.001432	0.0013583631443996604	False
476	1651	0.001408	0.0013705947619358412	False
476	1652	0.001324	0.0012831993877841996	False
476	1676	0.001488	0.0013956182237655848	False
476	1684	0.001416	0.001410931088467368	False
476	1739	0.0011	0.0010226005744751912	False
476	1741	0.001112	0.0010649910657837866	False
476	1756	0.001468	0.0014079432124279956	False
476	1757	0.00156	0.0015233499244487532	False
476	1793	0.001552	0.00148394730917953	False
476	1797	0.001404	0.001319800869266511	False
476	1819	0.001644	0.0014733963719154965	False
476	1820	0.001488	0.0014270842933052248	False
476	1834	0.00144	0.0013447309599700242	False
476	1942	0.001256	0.001194590188991563	False
476	1943	0.001096	0.0011033665986644754	False
476	2017	0.00156	0.0014837605669270693	False
476	2031	0.001496	0.0014888026077435103	False
476	2053	0.001628	0.001612239236620081	False
476	2081	0.00106	0.0010438891912557193	False
476	2091	0.00112	0.0011312845654073609	False
476	2106	0.001012	0.0009448224263252794	True
476	2108	0.001424	0.0014030879138640156	False
476	2141	0.000988	0.0009910411338093206	True
476	2159	0.001084	0.0010494914588295426	False
476	2166	0.001024	0.0009830112169535075	True
476	2191	0.0016	0.0014966457823468626	False
476	2212	0.001604	0.0014883357521123584	False
476	2239	0.001656	0.0014793721239942412	False
476	2240	0.001528	0.0013679803704013903	False
476	2285	0.001404	0.001356775835253744	False
476	2286	0.001404	0.0013928170899786731	False
476	2370	0.000988	0.0010282962131752448	False
476	2412	0.00108	0.0010123297505898487	False
476	6739	0.001468	0.001405608934272236	False
476	6740	0.001492	0.0014178405518084167	False
476	6749	0.00156	0.001476384247954869	False
476	6750	0.001444	0.0014047685941361626	False
476	6805	0.001524	0.001509250884387965	False
476	6806	0.001536	0.0015060762660961317	False
476	6814	0.001556	0.0015245637490897482	False
476	6927	0.001432	0.0012810518518809007	False
476	7160	0.00192	0.0018961808314866858	False
476	7248	0.001676	0.0016103718140954733	False
476	7358	0.001652	0.0016072905669298706	False
476	7359	0.001448	0.0013723688133342184	False
476	7377	0.001836	0.001751175472450896	False
476	7475	0.001684	0.001548653499657188	False
476	7515	0.001776	0.001732314504952358	False
476	7568	0.00156	0.0015082238019994306	False
476	7757	0.001536	0.0014511740438726646	False
476	7767	0.001524	0.0015396898715390708	False
476	8037	0.001576	0.001455842600184184	False
476	8057	0.001484	0.0013989795843098785	False
476	8464	0.001532	0.001496925895725554	False
476	8483	0.00152	0.001453695064280885	False
476	8699	0.001072	0.0010108358125701625	False
476	8723	0.001084	0.0010392206349442	False
484	504	0.001148	0.0011333387301844294	False
484	506	0.00162	0.00161924207108736	False
484	544	0.001684	0.001686189168594547	False
484	546	0.001684	0.0017352090098654998	False
484	680	0.001672	0.0016127994633774634	False
484	681	0.001424	0.001369847792925998	False
484	685	0.001536	0.001623350400641497	False
484	728	0.001488	0.0014522944973874292	False
484	742	0.001012	0.0010362327589048276	False
484	853	0.001572	0.0016420246258875741	False
484	854	0.00166	0.0016099049584643213	False
484	867	0.001352	0.0013532277324569892	False
484	868	0.001596	0.0015101845956502688	False
484	1612	0.00134	0.0013704080196833804	False
484	1622	0.001476	0.0014522011262611987	False
484	1651	0.001484	0.0014595774452333993	False
484	1652	0.001416	0.001426150582042921	False
484	1676	0.001444	0.0014519210128825077	False
484	1684	0.001452	0.0014984198337452401	False
484	1739	0.001192	0.0011332453590581991	False
484	1741	0.00114	0.0011840392517275292	False
484	1756	0.00144	0.0014323130763741266	False
484	1757	0.00158	0.0015785322600509115	False
484	1793	0.001588	0.0015768515797787645	False
484	1797	0.001288	0.0013583631443996604	False
484	1819	0.001504	0.001451080672746434	False
484	1820	0.001468	0.0014396893953463271	False
484	1834	0.001308	0.0013267103326075596	False
484	1942	0.001092	0.001116065071831808	False
484	1943	0.001076	0.0010995383824890295	False
484	2017	0.001612	0.0015852549811394994	False
484	2031	0.001476	0.0014672338775842911	False
484	2053	0.00156	0.0016057966289101844	False
484	2081	0.001048	0.0010731143537658302	False
484	2091	0.000892	0.0009847852683518847	True
484	2106	0.001128	0.001085345971302011	False
484	2108	0.001364	0.0014506138171152822	False
484	2141	0.00096	0.0010923488057692898	False
484	2159	0.00108	0.0011362332350975713	False
484	2166	0.001084	0.001059295427083733	False
484	2191	0.00166	0.0015893633106936363	False
484	2212	0.001584	0.0015403434694226835	False
484	2239	0.001508	0.001424189788392083	False
484	2240	0.001412	0.0014119581708559024	False
484	2285	0.001376	0.0014170002116723431	False
484	2286	0.00144	0.0015079436886207395	False
484	2370	0.00108	0.0011292304006302923	False
484	2412	0.001204	0.0012075687755375866	False
484	6739	0.001472	0.001459484074107169	False
484	6740	0.001488	0.0015662072713885004	False
484	6749	0.001572	0.001550614293308026	False
484	6750	0.00152	0.0015051425548338279	False
484	6805	0.0016	0.0015935650113740036	False
484	6806	0.00158	0.0015778786621672989	False
484	6814	0.001608	0.001623817256272649	False
484	6927	0.001404	0.0013479989493880877	False
484	7033	0.001928	0.0019079455933917145	False
484	7160	0.001828	0.0018297939607368812	False
484	7248	0.001552	0.0015522016024539427	False
484	7358	0.001664	0.0016996346107717227	False
484	7359	0.001428	0.0014352075812872685	False
484	7377	0.001808	0.001726058639494922	False
484	7475	0.00164	0.0016077574225610224	False
484	7515	0.001596	0.0016190553288348993	False
484	7568	0.001564	0.0016166276795529092	False
484	7757	0.001492	0.0015205487906618416	False
484	7767	0.001568	0.0016049562887741108	False
484	8037	0.00158	0.00152017530615692	False
484	8057	0.001472	0.0014661134240695265	False
484	8464	0.001616	0.0016058900000364147	False
484	8483	0.001612	0.0015594845502999127	False
484	8699	0.001164	0.0011799309221733922	False
484	8723	0.00108	0.0011076616704710732	False
504	506	0.001696	0.001727739319767069	False
504	544	0.001664	0.0017099054346570652	False
504	546	0.001904	0.001863127452801129	False
504	680	0.001716	0.0016802134165158022	False
504	681	0.001404	0.001395431481513124	False
504	685	0.001676	0.0017647142857543019	False
504	728	0.001444	0.0015014077097846123	False
504	742	0.00112	0.0011118633711514406	False
504	853	0.001744	0.0017921653968660356	False
504	854	0.001824	0.0017546302041214201	False
504	867	0.001372	0.001374703091489978	False
504	868	0.00148	0.001487028556345133	False
504	1612	0.001352	0.0013517337944373032	False
504	1622	0.001472	0.0014775980725958639	False
504	1651	0.001456	0.0014423971580070083	False
504	1652	0.00146	0.001472089176148271	False
504	1676	0.001576	0.0015925379289854695	False
504	1684	0.001528	0.0015546292517359327	False
504	1739	0.001204	0.0011536002645764233	False
504	1741	0.001168	0.0011803044066783137	False
504	1756	0.001364	0.0014410899622397829	False
504	1757	0.00168	0.0016885234467503066	False
504	1793	0.001744	0.0017615396674624689	False
504	1797	0.0013	0.0013279241572485545	False
504	1819	0.001556	0.0015125188738060284	False
504	1820	0.001424	0.0014396893953463271	False
504	1834	0.0014	0.0014152261602739659	False
504	1942	0.000976	0.0010114894104537753	False
504	1943	0.000984	0.0010950565684299711	False
504	2017	0.001584	0.0015747974150016962	False
504	2031	0.00152	0.0015150398942142488	False
504	2053	0.001708	0.0017426786999639307	False
504	2081	0.001124	0.0010960836508185053	False
504	2091	0.000984	0.0010680723129493895	False
504	2106	0.001244	0.0012072886621588954	False
504	2108	0.00144	0.0015406235828013747	False
504	2141	0.00122	0.0012290441345705755	False
504	2159	0.001212	0.001231098299347644	False
504	2166	0.001288	0.0012099964248195767	False
504	2191	0.001624	0.0016565905215795145	False
504	2212	0.001588	0.00154912035528834	False
504	2239	0.001528	0.00148394730917953	False
504	2240	0.001464	0.0014692880423613594	False
504	2285	0.00126	0.0013800252456851103	False
504	2286	0.001644	0.0016401572033629666	False
504	2370	0.001204	0.0012661124716840388	False
504	2412	0.001328	0.001299259221495826	False
504	6739	0.001468	0.0014774113303434031	False
504	6740	0.001476	0.0015495872109194918	False
504	6749	0.0016	0.0016124259788725418	False
504	6750	0.001564	0.001602808752870812	False
504	6805	0.001596	0.0016744244066895183	False
504	6806	0.001696	0.0017188690627751822	False
504	6814	0.001604	0.0016421179970138046	False
504	6927	0.00156	0.001432219705247896	False
504	7033	0.001932	0.0018308210431254154	False
504	7160	0.001816	0.0017605125850739345	False
504	7248	0.001548	0.0015038353590666024	False
504	7358	0.001812	0.001828300022717195	False
504	7359	0.001592	0.001582547218478818	False
504	7377	0.001716	0.0016162541950479877	False
504	7475	0.001668	0.0016764785714665869	False
504	7515	0.001592	0.0015482800151522663	False
504	7568	0.00172	0.0016950594255864338	False
504	7757	0.001592	0.0016083176493184048	False
504	7767	0.001556	0.0015898301663247883	False
504	8037	0.001632	0.0016572441194631273	False
504	8057	0.001564	0.0015451053968604331	False
504	8464	0.001532	0.0016383831519645891	False
504	8483	0.001472	0.001575731126264	False
504	8699	0.001288	0.001244170257019898	False
504	8723	0.00122	0.0012275501965508893	False
506	544	0.00156	0.0015364218821210074	False
506	546	0.001592	0.001618495102077517	False
506	680	0.00158	0.0015821737339738965	False
506	681	0.001492	0.0014805859486352363	False
506	685	0.001412	0.001549400468667031	False
506	728	0.001572	0.0016478136357138582	False
506	742	0.001656	0.001681613983409258	False
506	853	0.001496	0.0016136398035135368	False
506	854	0.001608	0.0016226034316316538	False
506	867	0.001316	0.0014170935827985736	False
506	868	0.001736	0.001703089342442247	False
506	1612	0.001528	0.0015366086243734681	False
506	1622	0.001352	0.0013965519350278884	False
506	1651	0.00148	0.0015245637490897482	False
506	1652	0.001516	0.001572369765719706	False
506	1676	0.001488	0.001547719788394884	False
506	1684	0.001568	0.0016334344822743787	False
506	1739	0.00166	0.0016669547165910875	False
506	1741	0.00164	0.0016949660544602033	False
506	1756	0.001484	0.0015357682842373945	False
506	1757	0.001432	0.0015210156462929936	False
506	1793	0.001472	0.0015282985941389637	False
506	1797	0.0015	0.0016410909146252705	False
506	1819	0.00162	0.0016279255858267859	False
506	1820	0.00152	0.001626058163302178	False
506	1834	0.001496	0.0015608851171933684	False
506	1942	0.001856	0.001847160990215733	False
506	1943	0.001624	0.0016986075283831883	False
506	2017	0.00144	0.001436047921423342	False
506	2031	0.001656	0.0016814272411567973	False
506	2053	0.001572	0.0016349284202940649	False
506	2081	0.001684	0.0016833880348076354	False
506	2091	0.001672	0.0017259652683686915	False
506	2106	0.001652	0.001623350400641497	False
506	2108	0.00128	0.0014263373242953817	False
506	2141	0.001612	0.001631100204118619	False
506	2159	0.001652	0.001657430861715588	False
506	2166	0.00168	0.0016333411111481484	False
506	2191	0.00164	0.001584694754382117	False
506	2212	0.001412	0.0014086901814378387	False
506	2239	0.0016	0.0016415577702564223	False
506	2240	0.001592	0.0015843212698771955	False
506	2285	0.001516	0.001538756160276767	False
506	2286	0.001404	0.001492630823918956	False
506	2370	0.00158	0.0016515484807630737	False
506	2412	0.001664	0.0016348350491678346	False
506	6739	0.001588	0.0015896434240723276	False
506	6740	0.001532	0.0015779720332935291	False
506	6749	0.001656	0.0015733968481082402	False
506	6750	0.001588	0.0016466931821990936	False
506	6805	0.001668	0.0016370759561973637	False
506	6806	0.001568	0.001578625631177142	False
506	6814	0.001668	0.0017078512698799966	False
506	6927	0.001408	0.0014402496221037093	False
506	7358	0.001548	0.0016111187831053164	False
506	7359	0.001472	0.0015649934467475055	False
506	7475	0.001564	0.0015720896523410148	False
506	7568	0.001496	0.0015710625699524806	False
506	7757	0.001504	0.001551361262317869	False
506	7767	0.001596	0.0016284858125841682	False
506	8037	0.001512	0.001548186644026036	False
506	8057	0.001468	0.001454161919912037	False
506	8464	0.001516	0.0015922578156067784	False
506	8483	0.001456	0.0015154133787191704	False
506	8699	0.001616	0.0015818002494689752	False
506	8723	0.00162	0.0016004744747150524	False
544	546	0.001416	0.0013730224112178313	False
544	680	0.00122	0.0012795579138612145	False
544	681	0.001292	0.0013085029629926342	False
544	685	0.001308	0.0013134516326828447	False
544	728	0.001476	0.001523536666701214	False
544	742	0.0016	0.0016167210506791395	False
544	853	0.001256	0.001319800869266511	False
544	854	0.00136	0.001356775835253744	False
544	867	0.001212	0.0012892685109891747	False
544	868	0.00144	0.001478345041605707	False
544	1612	0.001448	0.0014011271202131776	False
544	1622	0.001408	0.0014255903552855386	False
544	1651	0.001336	0.0013196141270140503	False
544	1652	0.001324	0.0014103708617099857	False
544	1676	0.001424	0.0014441712094053856	False
544	1684	0.00152	0.0015726498790983971	False
544	1739	0.00166	0.001646319697694172	False
544	1741	0.001624	0.00166518066519271	False
544	1756	0.001468	0.0015037419879403722	False
544	1757	0.001296	0.0013580830310209694	False
544	1793	0.001416	0.0014083166969329171	False
544	1797	0.001468	0.0015905771353346314	False
544	1819	0.001348	0.001409717263826373	False
544	1820	0.001496	0.0015363285109947769	False
544	1834	0.001424	0.0015047690703289063	False
544	1942	0.001752	0.001761352925210008	False
544	1943	0.001648	0.001701875517801252	False
544	2017	0.00132	0.0013494928874077739	False
544	2031	0.001576	0.0016058900000364147	False
544	2053	0.00138	0.0013465050113684015	False
544	2081	0.00166	0.0016853488284584736	False
544	2091	0.001616	0.0016539761300450636	False
544	2106	0.001548	0.001548186644026036	False
544	2108	0.001384	0.001438942426336484	False
544	2141	0.00158	0.0015936583825002341	False
544	2159	0.00158	0.001629139410467781	False
544	2166	0.001664	0.0016252178231661047	False
544	2191	0.001424	0.0013438906198339506	False
544	2212	0.001316	0.0013619112471964152	False
544	2239	0.00144	0.0014933777929287992	False
544	2240	0.001392	0.0014204549433428674	False
544	2285	0.0013	0.0013565890930012832	False
544	2286	0.001244	0.001291789531397395	False
544	2370	0.00158	0.001629419523846472	False
544	2412	0.001536	0.0015660205291360397	False
544	6739	0.00142	0.001392350234347521	False
544	6740	0.001276	0.001400286780077104	False
544	6749	0.001504	0.0014061691610296183	False
544	6750	0.001348	0.0014189610053231812	False
544	6805	0.001436	0.0014776914437220944	False
544	6806	0.001376	0.0014816130310237705	False
544	6814	0.001516	0.0015135459561945626	False
544	6927	0.001336	0.0013529476190782981	False
544	7358	0.001476	0.0014778781859745552	False
544	7359	0.001504	0.001474703567682722	False
544	7475	0.00146	0.0013708748753145322	False
544	7568	0.001296	0.001316439508722217	False
544	7757	0.001296	0.0013038344066811148	False
544	7767	0.001364	0.0014082233258066869	False
544	8037	0.00124	0.0013247495389567215	False
544	8057	0.001276	0.0012908558201350912	False
544	8464	0.001252	0.0013310987755403877	False
544	8483	0.001288	0.0012708743991217885	False
544	8699	0.001536	0.0015251239758471305	False
544	8723	0.001588	0.0016466931821990936	False
546	680	0.001188	0.0011933763643505678	False
546	681	0.001372	0.0013537879592143715	False
546	685	0.001236	0.001279931398366136	False
546	728	0.001492	0.0015701288586901768	False
546	742	0.001696	0.0017318476493212059	False
546	853	0.001176	0.0012489321844576478	False
546	854	0.001312	0.0012648052759168134	False
546	867	0.001348	0.0013545349282242146	False
546	868	0.001616	0.001646319697694172	False
546	1612	0.00136	0.0013679803704013903	False
546	1622	0.001584	0.0015877760015477198	False
546	1651	0.00136	0.00137031464855715	False
546	1652	0.001388	0.0014717156916433495	False
546	1676	0.001272	0.0013008465306417426	False
546	1684	0.001384	0.0014971126379780147	False
546	1739	0.00174	0.0016807736432731845	False
546	1741	0.001648	0.0016723702419124498	False
546	1756	0.00162	0.0016089712472020176	False
546	1757	0.001184	0.00125192006049702	False
546	1793	0.001192	0.0012147583522573264	False
546	1797	0.001556	0.001640717430120349	False
546	1819	0.001468	0.0015255908314782826	False
546	1820	0.001632	0.0016185884732037473	False
546	1834	0.001416	0.00146938141348759	False
546	1942	0.001976	0.0019199904686754345	False
546	1943	0.001824	0.0018242850642892884	False
546	2017	0.001536	0.0014711554648859672	False
546	2031	0.001536	0.0015579906122802265	False
546	2053	0.001212	0.0012550946787888533	False
546	2081	0.00186	0.0018099992819760394	False
546	2091	0.001736	0.0017192425472801038	False
546	2106	0.001612	0.0015718095389623237	False
546	2108	0.001472	0.0015085039153781218	False
546	2141	0.001524	0.0015616320862032115	False
546	2159	0.001668	0.0016718100151550674	False
546	2166	0.001608	0.0016251244520398744	False
546	2191	0.001344	0.0012620041421299018	False
546	2212	0.001572	0.0015205487906618416	False
546	2239	0.001608	0.0016152271126594533	False
546	2240	0.001392	0.0014642460015449187	False
546	2285	0.001412	0.0014321263341216658	False
546	2286	0.001108	0.0011936564777292591	False
546	2370	0.001684	0.001675078004573131	False
546	2412	0.00164	0.0015788123734296027	False
546	6739	0.001244	0.0013332463114436865	False
546	6740	0.001356	0.0013615377626914936	False
546	6749	0.001296	0.0013324993424338434	False
546	6750	0.001276	0.0013770373696457379	False
546	6805	0.00134	0.0013704080196833804	False
546	6806	0.001184	0.0012953376341941498	False
546	6814	0.001284	0.0013375413832502844	False
546	6927	0.001272	0.001322228518548501	False
546	7358	0.001252	0.00130504823132211	False
546	7359	0.00128	0.0013233489720632656	False
546	7475	0.001284	0.0012742357596660825	False
546	7568	0.001272	0.0013428635374454164	False
546	7757	0.001272	0.001332872826938765	False
546	7767	0.001452	0.0014785317838581678	False
546	8037	0.001352	0.0013332463114436865	False
546	8057	0.001244	0.0012580825548282257	False
546	8464	0.001188	0.0012215744444721446	False
546	8483	0.001344	0.0013378214966289755	False
546	8699	0.001576	0.0015468794482588106	False
546	8723	0.001628	0.0016404373167416577	False
680	681	0.001256	0.001233059092998482	False
680	685	0.00132	0.0012264297430361246	False
680	728	0.001576	0.0015056094104649797	False
680	742	0.001636	0.0016034623507544248	False
680	853	0.001228	0.0012324054951148695	False
680	854	0.001324	0.0012402486697182219	False
680	867	0.00132	0.0012931900982908508	False
680	868	0.001612	0.0015254040892258218	False
680	1612	0.001428	0.0013417430839306518	False
680	1622	0.001524	0.0014765709902073297	False
680	1651	0.00134	0.0012880546863481795	False
680	1652	0.001368	0.001365739463371861	False
680	1676	0.001324	0.0012962713454564537	False
680	1684	0.00138	0.0014193344898281027	False
680	1739	0.001688	0.0016005678458412827	False
680	1741	0.001596	0.0015897367951985578	False
680	1756	0.00152	0.0014852545049467555	False
680	1757	0.001164	0.0012066350642752828	False
680	1793	0.001236	0.0012650853892955047	False
680	1797	0.001568	0.001562939281970437	False
680	1819	0.001448	0.0014177471806821862	False
680	1820	0.001604	0.001486094845082829	False
680	1834	0.001436	0.0014067293877870007	False
680	1942	0.001844	0.001769569584318282	False
680	1943	0.001676	0.0016650872940664797	False
680	2017	0.001492	0.0014197079743330243	False
680	2031	0.001476	0.0014253102419068476	False
680	2053	0.001096	0.0011812381179406176	False
680	2081	0.001784	0.0016748912623206701	False
680	2091	0.001644	0.0016461329554417112	False
680	2106	0.001568	0.0014929109372976473	False
680	2108	0.001364	0.0014184007785657989	False
680	2141	0.001544	0.0015053292970862886	False
680	2159	0.001656	0.0015953390627723811	False
680	2166	0.001692	0.001602808752870812	False
680	2191	0.001292	0.001190761972816117	False
680	2212	0.001504	0.0014412767044922436	False
680	2239	0.001572	0.0014980463492403186	False
680	2240	0.001308	0.0013631250718374103	False
680	2285	0.001368	0.0013054217158270315	False
680	2286	0.001096	0.001161256696927315	False
680	2370	0.001608	0.0015788123734296027	False
680	2412	0.001588	0.001506636492853514	False
680	6739	0.001288	0.0012343662887657075	False
680	6740	0.001256	0.0012947774074367675	False
680	6749	0.001444	0.00129543100532038	False
680	6750	0.001304	0.0012938436961744636	False
680	6805	0.001328	0.0013008465306417426	False
680	6806	0.001236	0.0012989791081171348	False
680	6814	0.001336	0.0013268037037337899	False
680	6927	0.001276	0.001290762449008861	False
680	7358	0.00132	0.0013075692517303303	False
680	7359	0.00134	0.0012974851700974486	False
680	7475	0.00124	0.0012177462282966986	False
680	7568	0.001228	0.001264898647043044	False
680	7757	0.001316	0.0012606969463626763	False
680	7767	0.001352	0.0013904828118229135	False
680	8037	0.00126	0.0012550946787888533	False
680	8057	0.001264	0.0012150384656360175	False
680	8464	0.001112	0.0011790905820373188	False
680	8483	0.001236	0.0012637781935282792	False
680	8699	0.001684	0.0015051425548338279	False
680	8723	0.00164	0.0015523883447064034	False
681	685	0.001304	0.0013308186621616967	False
681	728	0.001312	0.0013653659788669394	False
681	742	0.001348	0.0013257766213452557	False
681	853	0.00138	0.0013593902267881948	False
681	854	0.0013	0.001280398253997288	False
681	867	0.001048	0.0011027130007808627	False
681	868	0.001388	0.0013702212774309196	False
681	1612	0.001324	0.0012237219803754435	False
681	1622	0.001284	0.0012459443084182754	False
681	1651	0.001228	0.0011690998715306673	False
681	1652	0.001216	0.001169473356035589	False
681	1676	0.001236	0.001216345661403243	False
681	1684	0.00142	0.0014045818518837018	False
681	1739	0.00144	0.0013770373696457379	False
681	1741	0.001396	0.0014203615722166371	False
681	1756	0.00116	0.0012307248148427225	False
681	1757	0.001316	0.0012833861300366603	False
681	1793	0.001388	0.001360884164807881	False
681	1797	0.001112	0.0012012195389539202	False
681	1819	0.00124	0.0012627511111397449	False
681	1820	0.001372	0.0013241893121993392	False
681	1834	0.0011	0.0012324988662410997	False
681	1942	0.001532	0.0014760107634499474	False
681	1943	0.001316	0.00135341447470945	False
681	2017	0.001348	0.0013465050113684015	False
681	2031	0.00138	0.001357522804263587	False
681	2053	0.001368	0.0013422099395618036	False
681	2081	0.001392	0.0013650858654882484	False
681	2091	0.001412	0.001394030914619668	False
681	2106	0.001416	0.0012949641496892283	False
681	2108	0.001244	0.0013274573016174027	False
681	2141	0.001296	0.0013279241572485545	False
681	2159	0.00136	0.0013596703401668859	False
681	2166	0.001356	0.0013073825094778696	False
681	2191	0.001292	0.0012292308768230363	False
681	2212	0.001352	0.0013563089796225921	False
681	2239	0.001284	0.001292256387028547	False
681	2240	0.001196	0.0012284839078131932	False
681	2285	0.001104	0.0011679794180159027	False
681	2286	0.001168	0.001188334323534127	False
681	2370	0.001344	0.001374703091489978	False
681	2412	0.001388	0.001353881330340602	False
681	6739	0.00124	0.0012156920635196303	False
681	6740	0.001096	0.001170220325045432	False
681	6749	0.00138	0.001276570037821842	False
681	6750	0.001224	0.0012380077626886925	False
681	6805	0.00128	0.0013135450038090752	False
681	6806	0.001284	0.001313731746061536	False
681	6814	0.001344	0.0012817988208907438	False
681	6927	0.001172	0.0011777833862700933	False
681	7248	0.001768	0.0017201762585424077	False
681	7358	0.001344	0.0013691941950423855	False
681	7359	0.001196	0.0011686330158995155	False
681	7377	0.00196	0.001877599977366839	False
681	7475	0.001328	0.0012468780196805793	False
681	7515	0.001828	0.001827553053707352	False
681	7568	0.001284	0.0013291379818895497	False
681	7757	0.001244	0.0012177462282966986	False
681	7767	0.0012	0.001248745442205187	False
681	8037	0.001332	0.001255281421041314	False
681	8057	0.001168	0.001173581685589726	False
681	8464	0.001216	0.001256215132303618	False
681	8483	0.001172	0.0012096229403146552	False
681	8699	0.001372	0.0012767567800743029	False
681	8723	0.001392	0.0013167196221009082	False
685	728	0.001384	0.001465739939564605	False
685	742	0.00154	0.0016179348753201346	False
685	853	0.00106	0.001170687180676584	False
685	854	0.001132	0.0011770364172602502	False
685	867	0.001224	0.0013203610960238932	False
685	868	0.0015	0.0015742371882443138	False
685	1612	0.0013	0.0013874015646573106	False
685	1622	0.001468	0.001508784028756813	False
685	1651	0.00126	0.0013338999093272994	False
685	1652	0.001296	0.0013807722146949532	False
685	1676	0.001244	0.0013452911867274065	False
685	1684	0.001324	0.001367140030265317	False
685	1739	0.00152	0.0015761979818951519	False
685	1741	0.001596	0.0016802134165158022	False
685	1756	0.001448	0.001522136099807758	False
685	1757	0.001188	0.0012481852154478047	False
685	1793	0.001188	0.0012913226757662432	False
685	1797	0.001456	0.0016113988964840075	False
685	1819	0.001384	0.0014318462207429745	False
685	1820	0.001452	0.0015659271580098094	False
685	1834	0.001332	0.0014538818065333457	False
685	1942	0.001716	0.001767422048414983	False
685	1943	0.001628	0.0016903908692749144	False
685	2017	0.001268	0.001366206319003013	False
685	2031	0.001532	0.00149356453518126	False
685	2053	0.001216	0.0012726484505201658	False
685	2081	0.001728	0.0017410913908180142	False
685	2091	0.001572	0.0016921649206732916	False
685	2106	0.00148	0.0015040221013190632	False
685	2108	0.001332	0.001461444867758007	False
685	2141	0.001464	0.0015121453893011069	False
685	2159	0.001464	0.0015588309524163	False
685	2166	0.001532	0.0015956191761510722	False
685	2191	0.001268	0.001264245049159431	False
685	2212	0.00132	0.001400286780077104	False
685	2239	0.001524	0.0015345544595963996	False
685	2240	0.00134	0.0014015006047180991	False
685	2285	0.001264	0.0013533211035832197	False
685	2286	0.00116	0.001183012169338995	False
685	2370	0.001552	0.0016194288133398209	False
685	2412	0.001508	0.001530819614547184	False
685	6739	0.001184	0.0013218550340435794	False
685	6740	0.00124	0.001368820710537464	False
685	6749	0.001284	0.0012865607483284935	False
685	6750	0.001248	0.0013279241572485545	False
685	6805	0.001352	0.001338661836765049	False
685	6806	0.001148	0.0012906690778826304	False
685	6814	0.001384	0.0013754500604998211	False
685	6927	0.001196	0.0012781573469677586	False
685	7358	0.00128	0.001327270559364942	False
685	7359	0.001284	0.001374142864732596	False
685	7475	0.001168	0.0011855331897472155	False
685	7568	0.001212	0.0013105571277697028	False
685	7757	0.001284	0.0012979520257286007	False
685	7767	0.001384	0.001443797724900464	False
685	8037	0.001204	0.0012174661149180076	False
685	8057	0.00116	0.0012198003930737672	False
685	8464	0.00112	0.001248278586574035	False
685	8483	0.001292	0.0013445442177175634	False
685	8699	0.001412	0.0014740499697991091	False
685	8723	0.001496	0.0015412771806849873	False
687	867	0.001976	0.002040065737007711	False
687	1652	0.001984	0.002068357188255518	False
687	1797	0.001928	0.0019014096145555876	False
687	1834	0.001916	0.0019509896825839227	False
687	2239	0.001988	0.0019717180726070683	False
687	6740	0.001944	0.002062194693924313	False
687	7767	0.001952	0.0020604206425259355	False
687	8057	0.002	0.0020963685261246342	False
728	742	0.001388	0.0013964585639016582	False
728	853	0.001452	0.0014978596069878578	False
728	854	0.001532	0.0015107448224076512	False
728	867	0.00116	0.0013029940665450414	False
728	868	0.0015	0.0015505209221817957	False
728	1612	0.001244	0.0012957111186990714	False
728	1622	0.001332	0.0014458518896775326	False
728	1651	0.001244	0.0013296048375207015	False
728	1652	0.001264	0.0013772241118981986	False
728	1676	0.001324	0.0014085968103116084	False
728	1684	0.001276	0.0013148521995763004	False
728	1739	0.00152	0.0015001938851436174	False
728	1741	0.001548	0.0015621923129605939	False
728	1756	0.001368	0.0014659266818170657	False
728	1757	0.001428	0.0015172808012437781	False
728	1793	0.001428	0.001458083507213713	False
728	1797	0.001336	0.0014379153439479497	False
728	1819	0.001296	0.001358456515525891	False
728	1820	0.001396	0.0013982326153000354	False
728	1834	0.001284	0.0013401557747847353	False
728	1942	0.001644	0.001573583590360701	False
728	1943	0.001428	0.0014526679818923508	False
728	2017	0.00138	0.0014831069690434567	False
728	2031	0.00134	0.001343983990960181	False
728	2053	0.001472	0.001507570204115818	False
728	2081	0.001536	0.0014641526304186882	False
728	2091	0.001412	0.001447906054454601	False
728	2106	0.00156	0.0015030883900567593	False
728	2108	0.001372	0.0014930043084238776	False
728	2141	0.001472	0.0014228825926248575	False
728	2159	0.00144	0.00147180906276958	False
728	2166	0.001508	0.001471062093759737	False
728	2191	0.0015	0.001487775525354976	False
728	2212	0.001488	0.0015048624414551368	False
728	2239	0.001404	0.001483387082422148	False
728	2240	0.001332	0.0013684472260325424	False
728	2285	0.00124	0.0013165328798484474	False
728	2286	0.001312	0.001386000997763855	False
728	2370	0.001408	0.001421295283478941	False
728	2412	0.00142	0.0014589238473497867	False
728	6739	0.001248	0.001345197815601176	False
728	6740	0.001336	0.001390856296327835	False
728	6749	0.00138	0.0013765705140145858	False
728	6750	0.001264	0.0013985127286787267	False
728	6805	0.001424	0.0014746101965564915	False
728	6806	0.001436	0.0015311930990521056	False
728	6814	0.001376	0.001449586734726748	False
728	6927	0.001332	0.0013627515873324888	False
728	7248	0.001736	0.0017480942252852932	False
728	7358	0.00148	0.0015657404157573486	False
728	7359	0.001284	0.0014006602645820255	False
728	7475	0.001472	0.0014157863870313482	False
728	7515	0.001956	0.0019439868481166437	False
728	7568	0.001396	0.00149599218446325	False
728	7757	0.001356	0.0013816125548310268	False
728	7767	0.001384	0.0015130791005634108	False
728	8037	0.001436	0.0014223223658674752	False
728	8057	0.001272	0.0013929104611049034	False
728	8464	0.001224	0.0013470652381257838	False
728	8483	0.00138	0.0014564028269415663	False
728	8699	0.00134	0.0013974856462901923	False
728	8723	0.001504	0.0015007541119009997	False
742	853	0.001576	0.0016386632653432804	False
742	854	0.00164	0.0016201757823496637	False
742	867	0.001268	0.0013283910128797066	False
742	868	0.001384	0.0014427706425119298	False
742	1612	0.001392	0.0013257766213452557	False
742	1622	0.001384	0.001402714429359094	False
742	1651	0.00132	0.0013759169161309732	False
742	1652	0.00134	0.0013499597430389257	False
742	1676	0.001488	0.0014485596523382137	False
742	1684	0.00136	0.0014115846863509808	False
742	1739	0.001068	0.0010742348072805949	False
742	1741	0.001056	0.0011115832577727495	False
742	1756	0.001468	0.0014227892214986272	False
742	1757	0.00148	0.0015725565079721668	False
742	1793	0.001568	0.0015705023431950983	False
742	1797	0.001236	0.0012696605744807936	False
742	1819	0.001452	0.0014548155177956496	False
742	1820	0.001472	0.001486561700713981	False
742	1834	0.001352	0.0013418364550568823	False
742	1942	0.001032	0.0010408079440901166	False
742	1943	0.001032	0.0010437024490032585	False
742	2017	0.0016	0.001567327724903265	False
742	2031	0.001296	0.0014054221920197752	False
742	2053	0.001508	0.0016246575964087224	False
742	2081	0.001068	0.0010628435298804877	False
742	2091	0.000936	0.0010006583598110505	False
742	2106	0.001028	0.0010078479365307903	False
742	2108	0.001408	0.0014552823734268017	False
742	2141	0.001068	0.001069192766464154	False
742	2159	0.000988	0.0010770359410675065	False
742	2166	0.001048	0.0010144772864931477	False
742	2191	0.0016	0.001572369765719706	False
742	2212	0.001564	0.001529138934275037	False
742	2239	0.001536	0.001461911723389159	False
742	2240	0.00144	0.0013951513681344327	False
742	2285	0.001332	0.0013736760091014439	False
742	2286	0.00146	0.0014509873016202038	False
742	2370	0.001052	0.0010995383824890295	False
742	2412	0.00112	0.001150612388537051	False
742	6739	0.001484	0.0014654598261859136	False
742	6740	0.001524	0.0014879622676074369	False
742	6749	0.001456	0.0015289521920225763	False
742	6750	0.001524	0.0014958054422107893	False
742	6805	0.001532	0.0015601381481835253	False
742	6806	0.001504	0.00160719719580364	False
742	6814	0.001452	0.001541650665189909	False
742	6927	0.00136	0.0013539747014668323	False
742	7033	0.001956	0.0019032770370801953	False
742	7160	0.001872	0.001852950000042017	False
742	7248	0.00158	0.0015796527135656761	False
742	7358	0.001612	0.0016432384505285693	False
742	7359	0.00144	0.001442117044628317	False
742	7377	0.001764	0.001725311670485079	False
742	7475	0.00162	0.001582547218478818	False
742	7515	0.001672	0.0016270852456907125	False
742	7568	0.00148	0.0014920705971615737	False
742	7757	0.001456	0.001496272297841941	False
742	7767	0.0015	0.001530072645537341	False
742	8037	0.001464	0.0014617249811366983	False
742	8057	0.001492	0.0014847876493156037	False
742	8464	0.001476	0.0015106514512814207	False
742	8483	0.001472	0.0014989800605026225	False
742	8699	0.001128	0.001121854081658092	False
742	8723	0.00118	0.0010628435298804877	False
853	854	0.001176	0.0011641512018404569	False
853	867	0.0013	0.0013261501058501773	False
853	868	0.001448	0.0015079436886207395	False
853	1612	0.001288	0.001356775835253744	False
853	1622	0.001416	0.0015076635752420482	False
853	1651	0.001352	0.0013929104611049034	False
853	1652	0.001372	0.0014298854270921365	False
853	1676	0.001272	0.0013279241572485545	False
853	1684	0.001368	0.0014265240665478425	False
853	1739	0.001564	0.0016096248450856302	False
853	1741	0.001576	0.0017031827135684772	False
853	1756	0.001364	0.0014300721693445973	False
853	1757	0.001128	0.0012310049282214135	False
853	1793	0.001216	0.0012827325321530475	False
853	1797	0.00146	0.0016263382766808694	False
853	1819	0.001404	0.0014129852532444366	False
853	1820	0.00148	0.0015115851625437245	False
853	1834	0.001288	0.0014154129025264266	False
853	1942	0.001816	0.0018006621693530006	False
853	1943	0.001632	0.0017081313832586877	False
853	2017	0.001408	0.0014478126833283706	False
853	2031	0.001504	0.0015241902645848266	False
853	2053	0.001204	0.0012564018745560787	False
853	2081	0.001804	0.0017860962736610604	False
853	2091	0.001632	0.001724658072601466	False
853	2106	0.001484	0.0015223228420602189	False
853	2108	0.001368	0.001436047921423342	False
853	2141	0.00146	0.0015508010355604867	False
853	2159	0.001604	0.0016570573772106665	False
853	2166	0.001568	0.0015978600831806015	False
853	2191	0.001272	0.0012248424338902081	False
853	2212	0.001348	0.0014363280348020332	False
853	2239	0.001488	0.0014789052683630893	False
853	2240	0.001424	0.0014476259410759098	False
853	2285	0.001372	0.0013589233711570428	False
853	2286	0.001124	0.0012184931973065417	False
853	2370	0.001436	0.001554442509483472	False
853	2412	0.001472	0.0015571502721441531	False
853	6739	0.001252	0.0012964580877089145	False
853	6740	0.001244	0.0013189605291304375	False
853	6749	0.001288	0.0012970183144662968	False
853	6750	0.00122	0.0013180268178681336	False
853	6805	0.001396	0.0014187742630707204	False
853	6806	0.001216	0.0013653659788669394	False
853	6814	0.001276	0.0014040216251263195	False
853	6927	0.001232	0.0012996327060007474	False
853	7358	0.0013	0.0013562156084963616	False
853	7359	0.001264	0.0013261501058501773	False
853	7475	0.001324	0.0012761031821906903	False
853	7568	0.001248	0.001293750325048233	False
853	7757	0.001296	0.0012986989947384436	False
853	7767	0.001404	0.0014391291685889448	False
853	8037	0.0012	0.0012994459637482867	False
853	8057	0.001132	0.0011863735298832888	False
853	8464	0.001164	0.0012148517233835567	False
853	8483	0.001256	0.0012995393348745172	False
853	8699	0.001472	0.0014858147317041378	False
853	8723	0.001524	0.0015847881255083474	False
854	867	0.00126	0.001316439508722217	False
854	868	0.00156	0.0014838539380532998	False
854	1612	0.001344	0.0012854402948137289	False
854	1622	0.001488	0.0014501469614841304	False
854	1651	0.001248	0.0013055150869532618	False
854	1652	0.001348	0.001334273393832221	False
854	1676	0.001208	0.0012427696901264422	False
854	1684	0.001336	0.0014141990778854315	False
854	1739	0.001564	0.0015642464777376624	False
854	1741	0.001632	0.0016152271126594533	False
854	1756	0.001436	0.0014586437339710954	False
854	1757	0.0012	0.00120355381710968	False
854	1793	0.001256	0.001289828737746557	False
854	1797	0.001484	0.001574984157254157	False
854	1819	0.001364	0.0013545349282242146	False
854	1820	0.001544	0.0015050491837075976	False
854	1834	0.001352	0.001387961791414693	False
854	1942	0.001776	0.0017423985865852396	False
854	1943	0.001736	0.0016909510960322967	False
854	2017	0.001296	0.0014160665004100393	False
854	2031	0.001576	0.0015004739985223085	False
854	2053	0.001332	0.0013040211489335756	False
854	2081	0.001796	0.0017336217007195833	False
854	2091	0.001696	0.0016826410657977923	False
854	2106	0.001572	0.0015096243688928865	False
854	2108	0.001408	0.0014659266818170657	False
854	2141	0.001572	0.0015156934920978616	False
854	2159	0.001628	0.0015545358806097022	False
854	2166	0.001568	0.0015519214890752514	False
854	2191	0.001376	0.0012769435223267637	False
854	2212	0.00142	0.001461911723389159	False
854	2239	0.001488	0.0014411833333660131	False
854	2240	0.001328	0.00140168734697056	False
854	2285	0.001292	0.0013139184883139967	False
854	2286	0.001212	0.0012231617536180611	False
854	2370	0.001548	0.0015983269388117533	False
854	2412	0.001568	0.0015041154724452937	False
854	6739	0.00126	0.0013001929327581298	False
854	6740	0.0013	0.0013357673318519071	False
854	6749	0.00136	0.0013153190552074524	False
854	6750	0.00126	0.0012859071504448807	False
854	6805	0.001228	0.001310650498895933	False
854	6806	0.001168	0.0012322187528624087	False
854	6814	0.001364	0.0013431436508241075	False
854	6927	0.001328	0.0012938436961744636	False
854	7358	0.001308	0.001325589879092795	False
854	7359	0.001384	0.001331192146666618	False
854	7475	0.001348	0.0012551880499150835	False
854	7568	0.001304	0.0012999128193794387	False
854	7757	0.001296	0.001262284255508593	False
854	7767	0.001404	0.001407569727923074	False
854	8037	0.001208	0.0011918824263308816	False
854	8057	0.001204	0.0012046742706244447	False
854	8464	0.001172	0.0012381945049411533	False
854	8483	0.001304	0.0013368877853666716	False
854	8699	0.001472	0.001483387082422148	False
854	8723	0.001572	0.0015442650567243598	False
867	868	0.001348	0.0012813319652595918	False
867	1612	0.001164	0.0011570549962469476	False
867	1622	0.00122	0.0012509863492347162	False
867	1651	0.001108	0.0011347392970778851	False
867	1652	0.001176	0.0012531338851380152	False
867	1676	0.001124	0.0012122373318491058	False
867	1684	0.001228	0.0013287644973846281	False
867	1739	0.001384	0.0013964585639016582	False
867	1741	0.001356	0.0013871214512786196	False
867	1756	0.00124	0.0012432365457575943	False
867	1757	0.00126	0.001276289924443151	False
867	1793	0.00122	0.0012878679440957188	False
867	1797	0.001128	0.0012630312245184361	False
867	1819	0.001264	0.0012862806349498023	False
867	1820	0.001124	0.001176476190502868	False
867	1834	0.00106	0.001170687180676584	False
867	1942	0.001436	0.0014674206198367517	False
867	1943	0.0013	0.0013543481859717538	False
867	2017	0.00126	0.0013184936734992856	False
867	2031	0.001292	0.0013549084127291362	False
867	2053	0.001312	0.0013620046183226457	False
867	2081	0.00136	0.0013312855177928485	False
867	2091	0.001348	0.0013841335752392471	False
867	2106	0.001376	0.001318120188994364	False
867	2108	0.001172	0.0012669528118201122	False
867	2141	0.001296	0.001289828737746557	False
867	2159	0.001344	0.0013863744822687765	False
867	2166	0.001404	0.0013746097203637478	False
867	2191	0.001276	0.001230351330337801	False
867	2212	0.001304	0.0013088764474975558	False
867	2239	0.001212	0.001253600740769167	False
867	2240	0.00118	0.0011952437868751756	False
867	2285	0.001088	0.0011321249055434345	False
867	2286	0.001112	0.0011836657672226077	False
867	2370	0.001352	0.001388708760424536	False
867	2412	0.00138	0.0013766638851408163	False
867	6739	0.001176	0.0012261496296574336	False
867	6740	0.001024	0.0011214805971531704	False
867	6749	0.001276	0.0012698473167332544	False
867	6750	0.001216	0.001299259221495826	False
867	6805	0.00128	0.001313731746061536	False
867	6806	0.001196	0.0013184003023730552	False
867	6814	0.001368	0.001310370385517242	False
867	6927	0.001156	0.0011122368556563621	False
867	7160	0.001988	0.0020395988813765595	False
867	7248	0.00168	0.0016600452532500387	False
867	7358	0.00132	0.001367140030265317	False
867	7359	0.001132	0.0012005659410703076	False
867	7377	0.001904	0.0018669556689765749	False
867	7475	0.001288	0.0012694738322283328	False
867	7515	0.001748	0.0018144810960350978	False
867	7568	0.001284	0.001322228518548501	False
867	7757	0.00106	0.0010726474981346784	False
867	7767	0.001096	0.001257895812575765	False
867	8037	0.001156	0.001229697732454188	False
867	8057	0.001096	0.0011437029251960024	False
867	8464	0.001144	0.0012132644142376402	False
867	8483	0.001124	0.0011877740967767448	False
867	8699	0.001268	0.0012726484505201658	False
867	8723	0.001352	0.0013684472260325424	False
868	1612	0.001272	0.00127124788362671	False
868	1622	0.001496	0.0014499602192316696	False
868	1651	0.00136	0.0013310987755403877	False
868	1652	0.001276	0.0013436105064552595	False
868	1676	0.001456	0.0014552823734268017	False
868	1684	0.001584	0.001582267105100127	False
868	1739	0.001524	0.0015067298639797444	False
868	1741	0.001512	0.0015343677173439388	False
868	1756	0.001412	0.0014069161300394614	False
868	1757	0.001488	0.0015055160393387494	False
868	1793	0.001536	0.0015522016024539427	False
868	1797	0.001452	0.001432873303131509	False
868	1819	0.001396	0.0013784379365391936	False
868	1820	0.001384	0.0013522940211946855	False
868	1834	0.001416	0.0013941242857458986	False
868	1942	0.0016	0.0015651801889999663	False
868	1943	0.00144	0.0014091570370689907	False
868	2017	0.00156	0.0015129857294371803	False
868	2031	0.001536	0.001481986515528692	False
868	2053	0.001508	0.001583947785372274	False
868	2081	0.001532	0.0014936579063074904	False
868	2091	0.00144	0.0014675139909629822	False
868	2106	0.001476	0.0014472524565709883	False
868	2108	0.001432	0.001516533832233935	False
868	2141	0.001492	0.0014815196598975402	False
868	2159	0.001508	0.0015207355329143024	False
868	2166	0.001504	0.0014508939304939735	False
868	2191	0.001552	0.0014808660620139274	False
868	2212	0.001612	0.001487308669723824	False
868	2239	0.001312	0.0013093433031287076	False
868	2240	0.001336	0.0013925369765999819	False
868	2285	0.001356	0.0012780639758415283	False
868	2286	0.001412	0.001436047921423342	False
868	2370	0.001516	0.0015381959335193846	False
868	2412	0.001448	0.0015166272033601653	False
868	6739	0.001388	0.0013227887453058833	False
868	6740	0.001444	0.0014218555102363233	False
868	6749	0.001392	0.0014217621391100928	False
868	6750	0.001404	0.0014186808919444901	False
868	6805	0.001412	0.0014893628345008926	False
868	6806	0.001504	0.001500567369648539	False
868	6814	0.001436	0.0014805859486352363	False
868	6927	0.00128	0.0013382883522601275	False
868	7248	0.001692	0.0016648071806877884	False
868	7358	0.001508	0.0015438915722194382	False
868	7359	0.001376	0.0014094371504476818	False
868	7475	0.001652	0.0015528552003375553	False
868	7515	0.00188	0.0018153214361711714	False
868	7568	0.001416	0.001478625154984398	False
868	7757	0.001456	0.0013987928420574178	False
868	7767	0.001436	0.0013808655858211837	False
868	8037	0.001472	0.0014540685487858065	False
868	8057	0.001444	0.0014087835525640692	False
868	8464	0.001404	0.0014316594784905138	False
868	8483	0.001296	0.0013942176568721289	False
868	8699	0.001496	0.001507850317494509	False
868	8723	0.001556	0.0015592044369212217	False
1612	1622	0.001376	0.0013338999093272994	False
1612	1651	0.001192	0.001182545313707843	False
1612	1652	0.00114	0.001194123333360411	False
1612	1676	0.001136	0.0011526665533141195	False
1612	1684	0.001272	0.0013110239834008546	False
1612	1739	0.001444	0.0013705013908096107	False
1612	1741	0.001456	0.001407289614544383	False
1612	1756	0.001252	0.001246597906301888	False
1612	1757	0.00128	0.001309156560876247	False
1612	1793	0.001304	0.0013283910128797066	False
1612	1797	0.00114	0.0012012195389539202	False
1612	1819	0.001308	0.001268540120966029	False
1612	1820	0.001328	0.0013027139531663504	False
1612	1834	0.0012	0.0012627511111397449	False
1612	1942	0.001416	0.0013975790174164228	False
1612	1943	0.001344	0.001371528473198145	False
1612	2017	0.001304	0.0013453845578536368	False
1612	2031	0.001352	0.0013177467044894425	False
1612	2053	0.001364	0.0013860943688900852	False
1612	2081	0.001532	0.0014099040060788339	False
1612	2091	0.001328	0.0013367010431142108	False
1612	2106	0.001364	0.0012981387679810615	False
1612	2108	0.001184	0.0013330595691912258	False
1612	2141	0.001316	0.001283106016657969	False
1612	2159	0.001508	0.0014280180045675287	False
1612	2166	0.0014	0.001330912033287927	False
1612	2191	0.001408	0.0013242826833255695	False
1612	2212	0.001348	0.0013077559939827911	False
1612	2239	0.001344	0.0013508934543012296	False
1612	2240	0.001256	0.0012124240741015666	False
1612	2285	0.001132	0.0011293237717565228	False
1612	2286	0.001148	0.0012185865684327722	False
1612	2370	0.00146	0.0013754500604998211	False
1612	2412	0.001448	0.0013452911867274065	False
1612	6739	0.001092	0.0011322182766696648	False
1612	6740	0.001196	0.0012060748375179004	False
1612	6749	0.001248	0.0012354867422804722	False
1612	6750	0.001204	0.0012624709977610538	False
1612	6805	0.001428	0.0013764771428883555	False
1612	6806	0.00128	0.0013154124263336827	False
1612	6814	0.001276	0.0012401552985919914	False
1612	6927	0.00108	0.001143609554069772	False
1612	7248	0.001756	0.0016858156840896255	False
1612	7358	0.001444	0.0014246566440232348	False
1612	7359	0.001248	0.001253600740769167	False
1612	7377	0.001948	0.0018656484732093494	False
1612	7475	0.001324	0.0012948707785629978	False
1612	7515	0.001808	0.001824191693163058	False
1612	7568	0.001296	0.0012837596145415819	False
1612	7757	0.001288	0.0012590162660905296	False
1612	7767	0.001292	0.0012911359335137824	False
1612	8037	0.00132	0.0013187737868779767	False
1612	8057	0.001228	0.001206448322022822	False
1612	8464	0.001188	0.001232312123988639	False
1612	8483	0.001184	0.001254067596400319	False
1612	8699	0.001312	0.0012666726984414212	False
1612	8723	0.001412	0.001352200650068455	False
1622	1651	0.00136	0.0013231622298108048	False
1622	1652	0.001372	0.0013304451776567751	False
1622	1676	0.001408	0.001427551148936377	False
1622	1684	0.001488	0.0014951518443271764	False
1622	1739	0.001492	0.0014479994255808314	False
1622	1741	0.001448	0.001473769856420418	False
1622	1756	0.0013	0.001365739463371861	False
1622	1757	0.001392	0.0014038348828738587	False
1622	1793	0.001464	0.0014867484429664417	False
1622	1797	0.0013	0.001308409591866404	False
1622	1819	0.001372	0.001390856296327835	False
1622	1820	0.001376	0.001436794890433185	False
1622	1834	0.001368	0.001357242690884896	False
1622	1942	0.001576	0.0015512678911916388	False
1622	1943	0.0014	0.0014576166515825612	False
1622	2017	0.001296	0.0012981387679810615	False
1622	2031	0.001528	0.0015196150793995377	False
1622	2053	0.001564	0.0015364218821210074	False
1622	2081	0.001436	0.0014104642328362162	False
1622	2091	0.001464	0.0014416501889971652	False
1622	2106	0.001508	0.001406075789903388	False
1622	2108	0.001192	0.0012725550793939355	False
1622	2141	0.00138	0.0013925369765999819	False
1622	2159	0.0015	0.0014821732577811528	False
1622	2166	0.001496	0.0014620050945153894	False
1622	2191	0.001576	0.0014663935374482175	False
1622	2212	0.001244	0.0012153185790147087	False
1622	2239	0.001368	0.0013452911867274065	False
1622	2240	0.001264	0.0013093433031287076	False
1622	2285	0.001388	0.001332872826938765	False
1622	2286	0.00126	0.00135341447470945	False
1622	2370	0.001396	0.0014045818518837018	False
1622	2412	0.001384	0.0013906695540753743	False
1622	6739	0.001428	0.0014291384580822934	False
1622	6740	0.001372	0.001445478405172611	False
1622	6749	0.00148	0.0014222289947412449	False
1622	6750	0.00146	0.001480772690887697	False
1622	6805	0.001508	0.0015122387604273372	False
1622	6806	0.001504	0.0015292323054012676	False
1622	6814	0.001516	0.0015086906576305826	False
1622	6927	0.001304	0.0013482790627667787	False
1622	7248	0.001772	0.001683761519312557	False
1622	7358	0.001612	0.001582267105100127	False
1622	7359	0.001392	0.0013897358428130704	False
1622	7377	0.001932	0.0018189629100941564	False
1622	7475	0.00146	0.0014091570370689907	False
1622	7515	0.001904	0.0018303541874942636	False
1622	7568	0.001312	0.0013375413832502844	False
1622	7757	0.00136	0.0013574294331373568	False
1622	7767	0.001324	0.0014119581708559024	False
1622	8037	0.001448	0.0013733025245965223	False
1622	8057	0.00118	0.0012945906651843067	False
1622	8464	0.001452	0.0014728361451581142	False
1622	8483	0.001408	0.001362564845080028	False
1622	8699	0.001456	0.0013813324414523355	False
1622	8723	0.001412	0.001434553983403656	False
1651	1652	0.001148	0.001233059092998482	False
1651	1676	0.001152	0.001221667815598375	False
1651	1684	0.001272	0.0013508934543012296	False
1651	1739	0.00142	0.001431472736238053	False
1651	1741	0.0014	0.0014226958503723967	False
1651	1756	0.001396	0.001360417309176729	False
1651	1757	0.001168	0.0012636848224020487	False
1651	1793	0.001224	0.001335954074104368	False
1651	1797	0.001228	0.0012627511111397449	False
1651	1819	0.001268	0.001252386916128172	False
1651	1820	0.001312	0.0012891751398629442	False
1651	1834	0.001096	0.0012060748375179004	False
1651	1942	0.001456	0.0014648995994285313	False
1651	1943	0.001376	0.0013598570824193466	False
1651	2017	0.001408	0.0013947778836295112	False
1651	2031	0.001384	0.001390109327317992	False
1651	2053	0.001308	0.0013585498866521212	False
1651	2081	0.001428	0.001413358737749358	False
1651	2091	0.001424	0.00144043636435617	False
1651	2106	0.001244	0.001254534452031471	False
1651	2108	0.001312	0.0014065426455345399	False
1651	2141	0.001276	0.001296831572213836	False
1651	2159	0.001364	0.0013967386772803492	False
1651	2166	0.001464	0.001434834096782347	False
1651	2191	0.001232	0.0012315651549787959	False
1651	2212	0.001404	0.0013733958957227528	False
1651	2239	0.00128	0.0012947774074367675	False
1651	2240	0.00124	0.0012694738322283328	False
1651	2285	0.001148	0.0011852530763685242	False
1651	2286	0.00122	0.0012543477097790101	False
1651	2370	0.001436	0.0014283914890724503	False
1651	2412	0.001368	0.0013300716931518536	False
1651	6739	0.001108	0.0011877740967767448	False
1651	6740	0.001172	0.0012524802872544024	False
1651	6749	0.001152	0.0012034604459834496	False
1651	6750	0.001228	0.0012295109902017273	False
1651	6805	0.001116	0.0012774103779579155	False
1651	6806	0.001168	0.0012985122524859828	False
1651	6814	0.001324	0.001334553507210912	False
1651	6927	0.001224	0.0012174661149180076	False
1651	7248	0.001756	0.0017195226606587948	False
1651	7358	0.001324	0.0013918833787163693	False
1651	7359	0.001312	0.001335300476220755	False
1651	7475	0.00134	0.0013188671580042072	False
1651	7515	0.001896	0.0018371702797090818	False
1651	7568	0.00124	0.0012756363265595382	False
1651	7757	0.001208	0.0012027134769736064	False
1651	7767	0.001276	0.0012761031821906903	False
1651	8037	0.001208	0.0013085963341188647	False
1651	8057	0.001084	0.0011798375510471619	False
1651	8464	0.001156	0.001240061927465761	False
1651	8483	0.001128	0.0012517333182445593	False
1651	8699	0.001296	0.00131233117916808	False
1651	8723	0.001468	0.0014415568178709347	False
1652	1676	0.001228	0.0012623776266348233	False
1652	1684	0.001292	0.0013970187906590405	False
1652	1739	0.001464	0.0014228825926248575	False
1652	1741	0.001444	0.0015063563794748228	False
1652	1756	0.001264	0.0013288578685108584	False
1652	1757	0.001276	0.0013755434316260516	False
1652	1793	0.001348	0.001313731746061536	False
1652	1797	0.001248	0.0013010332728942034	False
1652	1819	0.0012	0.0012574289569446128	False
1652	1820	0.001308	0.0013356739607256766	False
1652	1834	0.001252	0.001262284255508593	False
1652	1942	0.001508	0.0014615382388842376	False
1652	1943	0.001404	0.0014341804988987344	False
1652	2017	0.001284	0.0013725555555866792	False
1652	2031	0.001372	0.0014033680272427067	False
1652	2053	0.001424	0.0014410899622397829	False
1652	2081	0.00144	0.0013991663265623393	False
1652	2091	0.001388	0.0014184007785657989	False
1652	2106	0.001368	0.0013419298261831125	False
1652	2108	0.001244	0.0013837600907343256	False
1652	2141	0.00132	0.0013539747014668323	False
1652	2159	0.00148	0.0014691946712351292	False
1652	2166	0.001396	0.0013961784505229671	False
1652	2191	0.001364	0.0013557487528652098	False
1652	2212	0.001392	0.001407009501165692	False
1652	2239	0.00134	0.0013599504535455771	False
1652	2240	0.00126	0.0012789976871038322	False
1652	2285	0.00112	0.001219987135326228	False
1652	2286	0.00128	0.0012631245956446664	False
1652	2370	0.001424	0.0014403429932299398	False
1652	2412	0.001364	0.0013722754422079882	False
1652	6739	0.001136	0.0012155986923933998	False
1652	6740	0.001336	0.0013305385487830054	False
1652	6749	0.001268	0.0012747959864234648	False
1652	6750	0.001192	0.00128086510962844	False
1652	6805	0.001272	0.0013614443915652634	False
1652	6806	0.00118	0.0013162527664697563	False
1652	6814	0.00136	0.0013470652381257838	False
1652	6927	0.001108	0.001150612388537051	False
1652	7248	0.001664	0.0016823609524191012	False
1652	7358	0.001336	0.0014144791912641228	False
1652	7359	0.001196	0.0012846933258038858	False
1652	7377	0.001992	0.0019253126228705665	False
1652	7475	0.001368	0.0013397822902798137	False
1652	7515	0.001812	0.001819616507977769	False
1652	7568	0.001164	0.0012933768405433115	False
1652	7757	0.00134	0.0013414629705519607	False
1652	7767	0.001288	0.0013750765759948996	False
1652	8037	0.001324	0.0013117709524106977	False
1652	8057	0.001192	0.001224095464880365	False
1652	8464	0.001264	0.001343517135329029	False
1652	8483	0.001228	0.0013157859108386043	False
1652	8699	0.001412	0.0013569625775062047	False
1652	8723	0.001416	0.0014415568178709347	False
1676	1684	0.001248	0.0013652726077407092	False
1676	1739	0.001484	0.0014576166515825612	False
1676	1741	0.001448	0.0014746101965564915	False
1676	1756	0.001348	0.0013495862585340042	False
1676	1757	0.001336	0.001349773000786465	False
1676	1793	0.001112	0.0012265231141623551	False
1676	1797	0.001228	0.0013632184429636406	False
1676	1819	0.001316	0.0013683538549063119	False
1676	1820	0.001328	0.0013642455253521748	False
1676	1834	0.001208	0.0012996327060007474	False
1676	1942	0.001568	0.0015295124187799586	False
1676	1943	0.001424	0.0014468789720660667	False
1676	2017	0.001344	0.0014005668934557952	False
1676	2031	0.001408	0.0013818926682097178	False
1676	2053	0.001332	0.0013378214966289755	False
1676	2081	0.00154	0.0014884291232385887	False
1676	2091	0.001448	0.0015031817611829898	False
1676	2106	0.001444	0.0014160665004100393	False
1676	2108	0.001224	0.0013779710809080417	False
1676	2141	0.001364	0.0013711549886932235	False
1676	2159	0.001444	0.0014719958050220408	False
1676	2166	0.001424	0.0014055155631460057	False
1676	2191	0.001264	0.0012524802872544024	False
1676	2212	0.001348	0.0013726489267129097	False
1676	2239	0.00148	0.0014256837264117691	False
1676	2240	0.00116	0.0011826386848340735	False
1676	2285	0.001132	0.0011736750567159563	False
1676	2286	0.00118	0.0012573355858183826	False
1676	2370	0.001428	0.0014455717762988413	False
1676	2412	0.001488	0.0014099973772050641	False
1676	6739	0.001124	0.0012015930234588418	False
1676	6740	0.00126	0.001263498080149588	False
1676	6749	0.001296	0.0012333392063771731	False
1676	6750	0.00118	0.001291509418018704	False
1676	6805	0.001308	0.001331192146666618	False
1676	6806	0.001184	0.0012568687301872305	False
1676	6814	0.0013	0.001279464542734984	False
1676	6927	0.001176	0.0012292308768230363	False
1676	7248	0.001876	0.001815694920676093	False
1676	7358	0.001396	0.001364058783099714	False
1676	7359	0.00112	0.0011862801587570586	False
1676	7475	0.001292	0.0012557482766724659	False
1676	7515	0.002	0.0020087864097205316	False
1676	7568	0.001256	0.001277503749084146	False
1676	7757	0.00124	0.0012232551247442914	False
1676	7767	0.001284	0.0013758235450047427	False
1676	8037	0.001352	0.001323909198820648	False
1676	8057	0.001092	0.0012186799395590025	False
1676	8464	0.00114	0.0012535073696429368	False
1676	8483	0.001216	0.0012911359335137824	False
1676	8699	0.001392	0.0013916966364639085	False
1676	8723	0.001436	0.0014086901814378387	False
1684	1739	0.001516	0.0014841340514319908	False
1684	1741	0.00152	0.0015571502721441531	False
1684	1756	0.001476	0.0014748903099351827	False
1684	1757	0.001264	0.0013951513681344327	False
1684	1793	0.00128	0.0014282047468199895	False
1684	1797	0.001428	0.0014478126833283706	False
1684	1819	0.001468	0.0014460386319299933	False
1684	1820	0.00152	0.0015198018216519985	False
1684	1834	0.001296	0.0013334330536961473	False
1684	1942	0.00156	0.0015651801889999663	False
1684	1943	0.001488	0.0015490269841621095	False
1684	2017	0.001504	0.0014554691156792624	False
1684	2031	0.001352	0.0013189605291304375	False
1684	2053	0.0013	0.0014151327891477354	False
1684	2081	0.00142	0.001478345041605707	False
1684	2091	0.001432	0.0015001938851436174	False
1684	2106	0.001404	0.001400006666698413	False
1684	2108	0.00144	0.00149599218446325	False
1684	2141	0.001508	0.0015033685034354506	False
1684	2159	0.001508	0.0015186813681372338	False
1684	2166	0.001464	0.0014805859486352363	False
1684	2191	0.0014	0.0014117714286034416	False
1684	2212	0.001428	0.0014499602192316696	False
1684	2239	0.001536	0.0014910435147730396	False
1684	2240	0.001448	0.0014332467876364305	False
1684	2285	0.001236	0.0013536945880881412	False
1684	2286	0.00122	0.0013178400756156728	False
1684	2370	0.001508	0.00150327513230922	False
1684	2412	0.001448	0.0014419303023758562	False
1684	6739	0.001148	0.0013308186621616967	False
1684	6740	0.001484	0.0014898296901320444	False
1684	6749	0.0014	0.0014146659335165835	False
1684	6750	0.0013	0.0013525741345733766	False
1684	6805	0.001356	0.001443797724900464	False
1684	6806	0.001296	0.0014226958503723967	False
1684	6814	0.00142	0.0014809594331401579	False
1684	6927	0.001272	0.0013186804157517464	False
1684	7248	0.001916	0.001924939138365645	False
1684	7358	0.00138	0.0014929109372976473	False
1684	7359	0.001256	0.0013597637112931164	False
1684	7475	0.001404	0.0013700345351784588	False
1684	7568	0.001376	0.0014067293877870007	False
1684	7757	0.001408	0.001410184119457525	False
1684	7767	0.001452	0.0015063563794748228	False
1684	8037	0.001328	0.0013733958957227528	False
1684	8057	0.001292	0.0013243760544518	False
1684	8464	0.001172	0.0013039277778073453	False
1684	8483	0.001272	0.001393283945609825	False
1684	8699	0.001392	0.0013728356689653705	False
1684	8723	0.001524	0.0015140128118257146	False
1739	1741	0.001076	0.0010267089040293283	False
1739	1756	0.001552	0.0014654598261859136	False
1739	1757	0.001564	0.0015722763945934756	False
1739	1793	0.001508	0.0015209222751667631	False
1739	1797	0.001408	0.001414292449011662	False
1739	1819	0.001544	0.001527178140624199	False
1739	1820	0.001524	0.0015081304308732003	False
1739	1834	0.001468	0.0014550956311743409	False
1739	1942	0.001276	0.001205234497381827	False
1739	1943	0.001172	0.0011838525094750685	False
1739	2017	0.0015	0.0014871219274713633	False
1739	2031	0.001676	0.0015761979818951519	False
1739	2053	0.001616	0.001626058163302178	False
1739	2081	0.001328	0.0012597632351003727	False
1739	2091	0.00122	0.0011023395162759412	False
1739	2106	0.001168	0.0010759154875527419	False
1739	2108	0.001364	0.0014540685487858065	False
1739	2141	0.001152	0.0010789967347183446	False
1739	2159	0.00108	0.0010362327589048276	False
1739	2166	0.001116	0.001061442962987032	False
1739	2191	0.001548	0.0015347412018488604	False
1739	2212	0.001488	0.0014687278156039771	False
1739	2239	0.001532	0.0014967391534730931	False
1739	2240	0.001492	0.001478345041605707	False
1739	2285	0.001464	0.0014277378911888377	False
1739	2286	0.001464	0.0014858147317041378	False
1739	2370	0.000968	0.0009954295767421488	True
1739	2412	0.00122	0.0011111164021415975	False
1739	6739	0.001472	0.0014692880423613594	False
1739	6740	0.001488	0.001478345041605707	False
1739	6749	0.00158	0.0015129857294371803	False
1739	6750	0.001584	0.0015311930990521056	False
1739	6805	0.001576	0.001630820090739928	False
1739	6806	0.00158	0.0015693818896803336	False
1739	6814	0.001568	0.0015738637037393923	False
1739	6927	0.001388	0.0013462248979897104	False
1739	7160	0.001996	0.001912614149703234	False
1739	7248	0.001624	0.0016118657521151595	False
1739	7358	0.001624	0.0016547230990549067	False
1739	7359	0.00154	0.0014816130310237705	False
1739	7377	0.001864	0.0017308205669326717	False
1739	7475	0.001672	0.001585628465644421	False
1739	7515	0.001796	0.0017259652683686915	False
1739	7568	0.001532	0.0015816135072165144	False
1739	7757	0.00154	0.0015402500982964532	False
1739	7767	0.001464	0.0015036486168141417	False
1739	8037	0.001588	0.0015064497506010533	False
1739	8057	0.00148	0.0014312859939855922	False
1739	8464	0.001456	0.0014980463492403186	False
1739	8483	0.001468	0.001501314338658382	False
1739	8699	0.001052	0.0010728342403871392	False
1739	8723	0.001176	0.0011219474527843223	False
1741	1756	0.001484	0.0015276449962553509	False
1741	1757	0.001576	0.0015920710733543177	False
1741	1793	0.0016	0.0016141066591446888	False
1741	1797	0.00134	0.0014006602645820255	False
1741	1819	0.001556	0.0015613519728245205	False
1741	1820	0.001552	0.0015604182615622166	False
1741	1834	0.00136	0.0014289517158298326	False
1741	1942	0.001176	0.0012425829478739814	False
1741	1943	0.001168	0.0011690998715306673	False
1741	2017	0.0016	0.0015907638775870922	False
1741	2031	0.001536	0.0015216692441766063	False
1741	2053	0.001652	0.001706730816365232	False
1741	2081	0.00114	0.0011669523356273685	False
1741	2091	0.001144	0.0011508925019157422	False
1741	2106	0.001028	0.0010079413076570206	False
1741	2108	0.001448	0.0015455722524915852	False
1741	2141	0.001052	0.0010743281784068254	False
1741	2159	0.001108	0.0010870266515741577	False
1741	2166	0.001104	0.001104953907810392	False
1741	2191	0.001528	0.00152745825400289	False
1741	2212	0.001596	0.0015865621769067249	False
1741	2239	0.001616	0.0015968330007920673	False
1741	2240	0.001392	0.0014417435601233955	False
1741	2285	0.00142	0.001459484074107169	False
1741	2286	0.001468	0.001507850317494509	False
1741	2370	0.001116	0.0011375404308647968	False
1741	2412	0.001144	0.0011352061527090372	False
1741	6739	0.001436	0.0014627520635252325	False
1741	6740	0.001412	0.0015084105442518913	False
1741	6749	0.001576	0.0015882428571788716	False
1741	6750	0.001508	0.0015296991610324194	False
1741	6805	0.001532	0.0016164409373004484	False
1741	6806	0.001584	0.0016130795767561545	False
1741	6814	0.001516	0.0015826405896050486	False
1741	6927	0.00144	0.001419614603206794	False
1741	7033	0.001948	0.001974332464141519	False
1741	7160	0.001792	0.0019053312018572637	False
1741	7248	0.001644	0.0016891770446339194	False
1741	7358	0.001628	0.0016606988511336516	False
1741	7359	0.00148	0.0015176542857486997	False
1741	7377	0.00178	0.0017989814890808538	False
1741	7475	0.00162	0.0016325007710120748	False
1741	7515	0.001624	0.0017416516175753965	False
1741	7568	0.001576	0.0016230702872628059	False
1741	7757	0.001496	0.0015232565533225227	False
1741	7767	0.001484	0.0015973932275494497	False
1741	8037	0.001568	0.0015764780952738431	False
1741	8057	0.001348	0.0014729295162843445	False
1741	8464	0.001564	0.0015654603023786576	False
1741	8483	0.00144	0.0015287654497701155	False
1741	8699	0.001168	0.00116247052156831	False
1741	8723	0.00114	0.0011352061527090372	False
1756	1757	0.001404	0.00141382559338051	False
1756	1793	0.001484	0.0014700350113712026	False
1756	1797	0.001216	0.00128814805747441	False
1756	1819	0.001328	0.001373209153470292	False
1756	1820	0.001204	0.0012381945049411533	False
1756	1834	0.001308	0.0013422099395618036	False
1756	1942	0.0015	0.0014652730839334529	False
1756	1943	0.001428	0.0014427706425119298	False
1756	2017	0.00142	0.0014140123356329707	False
1756	2031	0.001428	0.0014894562056271229	False
1756	2053	0.00152	0.001510931564660112	False
1756	2081	0.001528	0.0014852545049467555	False
1756	2091	0.00146	0.0014820798866549225	False
1756	2106	0.001544	0.0014709687226335064	False
1756	2108	0.001292	0.0013805854724424924	False
1756	2141	0.001424	0.0014585503628448651	False
1756	2159	0.001488	0.0015149465230880185	False
1756	2166	0.001532	0.0014690079289826684	False
1756	2191	0.001532	0.0014496801058529784	False
1756	2212	0.001472	0.0014368882615594155	False
1756	2239	0.001276	0.0013188671580042072	False
1756	2240	0.001284	0.0012803048828710576	False
1756	2285	0.001216	0.001218306455054081	False
1756	2286	0.001416	0.0013964585639016582	False
1756	2370	0.001464	0.001461444867758007	False
1756	2412	0.001516	0.0014546287755431888	False
1756	6739	0.001256	0.0013037410355548845	False
1756	6740	0.001312	0.0013486525472717003	False
1756	6749	0.001452	0.0014452916629201502	False
1756	6750	0.001296	0.001387681678036002	False
1756	6805	0.001456	0.0014514541572513556	False
1756	6806	0.001532	0.0015140128118257146	False
1756	6814	0.001496	0.0015123321315535676	False
1756	6927	0.001348	0.001359203484535734	False
1756	7248	0.001696	0.001689083673507689	False
1756	7358	0.001464	0.0014662067951957567	False
1756	7359	0.00138	0.0013685405971587726	False
1756	7377	0.001896	0.0018689164626274131	False
1756	7475	0.00148	0.0014277378911888377	False
1756	7515	0.001812	0.0018310077853778762	False
1756	7568	0.00146	0.0013895491005606097	False
1756	7757	0.001276	0.0013127046636730016	False
1756	7767	0.00132	0.0014367015193069547	False
1756	8037	0.001324	0.0013791849055490367	False
1756	8057	0.00128	0.00129543100532038	False
1756	8464	0.001336	0.0013997265533197216	False
1756	8483	0.001284	0.0013006597883892818	False
1756	8699	0.001516	0.00147180906276958	False
1756	8723	0.001512	0.0014958988133370195	False
1757	1793	0.001144	0.0012399685563395306	False
1757	1797	0.00146	0.0015619121995819028	False
1757	1819	0.001388	0.0014309125094806707	False
1757	1820	0.001456	0.0014830135979172264	False
1757	1834	0.001376	0.0013989795843098785	False
1757	1942	0.0018	0.0017704099244543554	False
1757	1943	0.001664	0.0016999147241504137	False
1757	2017	0.001368	0.001423722932760931	False
1757	2031	0.001464	0.0014588304762235562	False
1757	2053	0.001132	0.0012392215873296875	False
1757	2081	0.001732	0.0017065440741127712	False
1757	2091	0.001576	0.001653322532161451	False
1757	2106	0.001476	0.001459017218476017	False
1757	2108	0.001208	0.0013930972033573642	False
1757	2141	0.0015	0.001481706402150001	False
1757	2159	0.001572	0.0015502408088031044	False
1757	2166	0.00152	0.001532500294819331	False
1757	2191	0.001256	0.0012265231141623551	False
1757	2212	0.001268	0.0013323126001813827	False
1757	2239	0.001456	0.0014755439078187953	False
1757	2240	0.001336	0.0013529476190782981	False
1757	2285	0.001228	0.0012745158730447736	False
1757	2286	0.00114	0.0011949636734964843	False
1757	2370	0.001452	0.0015488402419096487	False
1757	2412	0.001424	0.0013916966364639085	False
1757	6739	0.00126	0.0013199876115189719	False
1757	6740	0.001332	0.0013576161753898175	False
1757	6749	0.001336	0.0013274573016174027	False
1757	6750	0.00122	0.0012918829025236256	False
1757	6805	0.001212	0.0012520134316232505	False
1757	6806	0.001168	0.0012841330990465034	False
1757	6814	0.001316	0.0013685405971587726	False
1757	6927	0.0012	0.0012447304837772803	False
1757	7358	0.001212	0.001249212297836339	False
1757	7359	0.001336	0.0013203610960238932	False
1757	7475	0.001148	0.0011844127362324508	False
1757	7568	0.001192	0.001246317792923197	False
1757	7757	0.001256	0.0012477183598166527	False
1757	7767	0.001364	0.0014262439531691515	False
1757	8037	0.00116	0.0012398751852133003	False
1757	8057	0.001084	0.0011393144822631743	False
1757	8464	0.001108	0.0012094361980621944	False
1757	8483	0.001152	0.001228950763444345	False
1757	8699	0.001456	0.00148394730917953	False
1757	8723	0.001524	0.0015330605215767134	False
1793	1797	0.001564	0.0015958992895297635	False
1793	1819	0.001444	0.001438195457326641	False
1793	1820	0.001512	0.0014647128571760705	False
1793	1834	0.001336	0.00135098682542746	False
1793	1942	0.001752	0.0017515489569558174	False
1793	1943	0.001568	0.001634741678041604	False
1793	2017	0.001432	0.0014276445200626072	False
1793	2031	0.00152	0.0015176542857486997	False
1793	2053	0.001204	0.0012539742252740886	False
1793	2081	0.001692	0.0016568706349582058	False
1793	2091	0.001608	0.0016256846787972565	False
1793	2106	0.001468	0.0014974861224829362	False
1793	2108	0.001344	0.0014041149962525498	False
1793	2141	0.0015	0.0015033685034354506	False
1793	2159	0.00158	0.0015761979818951519	False
1793	2166	0.00156	0.0015371688511308505	False
1793	2191	0.001352	0.001315972653091065	False
1793	2212	0.00138	0.0014240030461396221	False
1793	2239	0.001472	0.0014841340514319908	False
1793	2240	0.001344	0.0013592968556619643	False
1793	2285	0.001372	0.0013994464399410306	False
1793	2286	0.001196	0.001223348495870522	False
1793	2370	0.001492	0.0015174675434962389	False
1793	2412	0.001544	0.0014809594331401579	False
1793	6739	0.001204	0.0012740490174136217	False
1793	6740	0.001244	0.001325869992471486	False
1793	6749	0.00128	0.0013097167876336292	False
1793	6750	0.001284	0.0013320324868026916	False
1793	6805	0.001268	0.0013069156538467177	False
1793	6806	0.001256	0.0013282042706272458	False
1793	6814	0.001268	0.0013448243310962545	False
1793	6927	0.001144	0.0012620975132561323	False
1793	7358	0.001348	0.00126882023434472	False
1793	7359	0.0012	0.0012273634542984285	False
1793	7475	0.00126	0.001223628609249213	False
1793	7568	0.00112	0.0012222280423557573	False
1793	7757	0.001296	0.0012789043159776017	False
1793	7767	0.00134	0.0013941242857458986	False
1793	8037	0.00116	0.0012281104233082716	False
1793	8057	0.001132	0.0012063549508965915	False
1793	8464	0.00106	0.001185906674252137	False
1793	8483	0.001168	0.001314478715071379	False
1793	8699	0.001448	0.0014572431670776397	False
1793	8723	0.001572	0.001531753325809488	False
1797	1819	0.001224	0.0013356739607256766	False
1797	1820	0.001364	0.0013806788435687229	False
1797	1834	0.00114	0.0012206407332098408	False
1797	1942	0.001396	0.0013437038775814898	False
1797	1943	0.00122	0.0012636848224020487	False
1797	2017	0.001324	0.0014801190930040843	False
1797	2031	0.001364	0.0014349274679085772	False
1797	2053	0.001488	0.0016263382766808694	False
1797	2081	0.001304	0.0012708743991217885	False
1797	2091	0.0013	0.001336234187483059	False
1797	2106	0.001368	0.0013269904459862506	False
1797	2108	0.001244	0.0014332467876364305	False
1797	2141	0.001288	0.0013319391156764611	False
1797	2159	0.001392	0.0014236295616347006	False
1797	2166	0.001396	0.0013907629252016046	False
1797	2191	0.001412	0.0015081304308732003	False
1797	2212	0.001336	0.0014269909221789946	False
1797	2239	0.001356	0.0013231622298108048	False
1797	2240	0.00122	0.001279931398366136	False
1797	2285	0.0012	0.0012681666364611074	False
1797	2286	0.0014	0.0014375418594430281	False
1797	2370	0.001408	0.0013929104611049034	False
1797	2412	0.001428	0.0014202682010904066	False
1797	6739	0.001232	0.001293470211669542	False
1797	6740	0.001208	0.0013486525472717003	False
1797	6749	0.001452	0.0014738632275466484	False
1797	6750	0.001344	0.0014687278156039771	False
1797	6805	0.001504	0.0015487468707834184	False
1797	6806	0.00138	0.001529138934275037	False
1797	6814	0.001424	0.0014678874754679037	False
1797	6927	0.0013	0.001294403922931846	False
1797	7033	0.00184	0.0017318476493212059	False
1797	7160	0.001692	0.0017528561527230429	False
1797	7248	0.001552	0.001537822449014463	False
1797	7358	0.001584	0.0016677016856009306	False
1797	7359	0.001388	0.0014531348375235026	False
1797	7377	0.001648	0.0016351151625465256	False
1797	7475	0.001552	0.001558083983406457	False
1797	7515	0.001548	0.001560044777057295	False
1797	7568	0.001412	0.001478625154984398	False
1797	7757	0.001276	0.0014008470068344863	False
1797	7767	0.001192	0.0014073829856706133	False
1797	8037	0.001444	0.001534180975091478	False
1797	8057	0.001224	0.0013198942403927414	False
1797	8464	0.001344	0.0015132658428158715	False
1797	8483	0.001268	0.0014100907483312946	False
1797	8699	0.001308	0.0013287644973846281	False
1797	8723	0.001352	0.0013554686394865185	False
1819	1820	0.001388	0.0013869347090261588	False
1819	1834	0.001284	0.0013096234165073989	False
1819	1942	0.001604	0.0015439849433456685	False
1819	1943	0.0015	0.0014699416402449723	False
1819	2017	0.00138	0.001449586734726748	False
1819	2031	0.001508	0.0015205487906618416	False
1819	2053	0.001488	0.0014540685487858065	False
1819	2081	0.001608	0.0014817997732762312	False
1819	2091	0.001492	0.00145490888892188	False
1819	2106	0.001512	0.001438942426336484	False
1819	2108	0.001404	0.0014675139909629822	False
1819	2141	0.001488	0.0014487463945906745	False
1819	2159	0.001544	0.0015279251096340422	False
1819	2166	0.001476	0.0014898296901320444	False
1819	2191	0.001396	0.001381425812578566	False
1819	2212	0.001392	0.0014349274679085772	False
1819	2239	0.00138	0.0013290446107633192	False
1819	2240	0.001252	0.0013414629705519607	False
1819	2285	0.001216	0.0012508929781084859	False
1819	2286	0.001232	0.0013093433031287076	False
1819	2370	0.001544	0.0015315665835570272	False
1819	2412	0.00154	0.0014972993802304755	False
1819	6739	0.001256	0.0012623776266348233	False
1819	6740	0.001304	0.0013825462660933307	False
1819	6749	0.001356	0.001364525638730866	False
1819	6750	0.00136	0.0013918833787163693	False
1819	6805	0.001416	0.0014601376719907816	False
1819	6806	0.001428	0.001454161919912037	False
1819	6814	0.001408	0.0014420236735020867	False
1819	6927	0.001172	0.0012549079365363925	False
1819	7248	0.001752	0.001742958813342622	False
1819	7358	0.001544	0.0015228830688176012	False
1819	7359	0.001404	0.0013988862131836483	False
1819	7377	0.00192	0.001863781050684742	False
1819	7475	0.00148	0.0014308191383544404	False
1819	7515	0.001804	0.001836516681825469	False
1819	7568	0.001324	0.0014299787982183668	False
1819	7757	0.001356	0.0013195207558878198	False
1819	7767	0.001336	0.0013792782766752672	False
1819	8037	0.001436	0.0014291384580822934	False
1819	8057	0.001256	0.0013078493651090216	False
1819	8464	0.001272	0.0013490260317766218	False
1819	8483	0.001356	0.0013616311338177241	False
1819	8699	0.001444	0.0014341804988987344	False
1819	8723	0.001608	0.001518961481515925	False
1820	1834	0.001288	0.0013445442177175634	False
1820	1942	0.001552	0.00150327513230922	False
1820	1943	0.001344	0.0014038348828738587	False
1820	2017	0.001472	0.001496272297841941	False
1820	2031	0.001392	0.0014236295616347006	False
1820	2053	0.001516	0.0015545358806097022	False
1820	2081	0.00154	0.0014511740438726646	False
1820	2091	0.001376	0.0014592039607284777	False
1820	2106	0.001572	0.0014837605669270693	False
1820	2108	0.00136	0.0014846942781893732	False
1820	2141	0.001532	0.0014644327437973795	False
1820	2159	0.001532	0.001516533832233935	False
1820	2166	0.00148	0.0014668603930793696	False
1820	2191	0.001504	0.0014262439531691515	False
1820	2212	0.001516	0.0015077569463682787	False
1820	2239	0.001352	0.0012931900982908508	False
1820	2240	0.001312	0.0013074758806041	False
1820	2285	0.001284	0.0012843198412989642	False
1820	2286	0.001444	0.0014439844671529248	False
1820	2370	0.001524	0.001509530997766656	False
1820	2412	0.001552	0.0015133592139421018	False
1820	6739	0.001316	0.0013294180952682407	False
1820	6740	0.001292	0.0013504265986700778	False
1820	6749	0.001448	0.0013830131217244825	False
1820	6750	0.001364	0.0013590167422832733	False
1820	6805	0.001428	0.001477131216964712	False
1820	6806	0.00156	0.0015234432955749835	False
1820	6814	0.001532	0.0014872152985975938	False
1820	6927	0.001368	0.0013068222827204872	False
1820	7160	0.001968	0.0019363304157657521	False
1820	7248	0.00166	0.0016751713756993614	False
1820	7358	0.001588	0.0015396898715390708	False
1820	7359	0.001312	0.001353134361330759	False
1820	7377	0.00186	0.0018271795692024304	False
1820	7475	0.001468	0.0014300721693445973	False
1820	7515	0.001832	0.0018238182086581364	False
1820	7568	0.001408	0.001486561700713981	False
1820	7757	0.001296	0.0012868408617071846	False
1820	7767	0.00138	0.0014240964172658524	False
1820	8037	0.001376	0.0013738627513539047	False
1820	8057	0.001308	0.0013095300453811684	False
1820	8464	0.001428	0.001402247573727942	False
1820	8483	0.001392	0.0013987928420574178	False
1820	8699	0.001464	0.0014461320030562236	False
1820	8723	0.001524	0.0015195217082733074	False
1834	1942	0.001464	0.0014343672411511951	False
1834	1943	0.001264	0.0013063554270893354	False
1834	2017	0.001312	0.0013803053590638013	False
1834	2031	0.001336	0.0013603239380504987	False
1834	2053	0.00134	0.0013758235450047427	False
1834	2081	0.00142	0.0013557487528652098	False
1834	2091	0.001408	0.0014498668481054391	False
1834	2106	0.001252	0.0012430498035051335	False
1834	2108	0.0012	0.0013295114663944712	False
1834	2141	0.001268	0.0013066355404680265	False
1834	2159	0.001452	0.0014358611791708811	False
1834	2166	0.001384	0.0013675135147702385	False
1834	2191	0.001336	0.0013407160015421176	False
1834	2212	0.0013	0.0013434237642027988	False
1834	2239	0.001184	0.001210089795945807	False
1834	2240	0.001224	0.0012826391610268172	False
1834	2285	0.001156	0.0012221346712295268	False
1834	2286	0.001164	0.0012544410809052406	False
1834	2370	0.001332	0.0012990724792433651	False
1834	2412	0.001384	0.0013540680725930628	False
1834	6739	0.001148	0.0012242822071328258	False
1834	6740	0.001172	0.0013001929327581298	False
1834	6749	0.001344	0.0013368877853666716	False
1834	6750	0.00126	0.0013373546409978236	False
1834	6805	0.001284	0.001374422978111287	False
1834	6806	0.001328	0.001376850627393277	False
1834	6814	0.00142	0.001469661526866281	False
1834	6927	0.001192	0.0012132644142376402	False
1834	7160	0.001976	0.0020183102645960314	False
1834	7248	0.001708	0.0016677016856009306	False
1834	7358	0.001412	0.0014821732577811528	False
1834	7359	0.001232	0.001334273393832221	False
1834	7377	0.001876	0.0018555643915764677	False
1834	7475	0.00142	0.00140897029481653	False
1834	7515	0.001784	0.0018226977551433717	False
1834	7568	0.00128	0.0013636852985947927	False
1834	7757	0.00124	0.0012254026606475905	False
1834	7767	0.001268	0.0013986994709311875	False
1834	8037	0.001312	0.0013802119879375708	False
1834	8057	0.001092	0.0012443569992723587	False
1834	8464	0.001212	0.00132194840516981	False
1834	8483	0.001192	0.0013201743537714324	False
1834	8699	0.001344	0.001345664671232328	False
1834	8723	0.001292	0.0013443574754651026	False
1835	1851	0.001292	0.001379745132306419	False
1942	1943	0.001016	0.0009743277022140815	True
1942	2017	0.001696	0.001682827808050253	False
1942	2031	0.001576	0.001497952978114088	False
1942	2053	0.00174	0.0017605125850739345	False
1942	2081	0.001076	0.0010522925926164542	False
1942	2091	0.00104	0.0010242812547473382	False
1942	2106	0.001196	0.0011961774981374795	False
1942	2108	0.001544	0.00156125860169829	False
1942	2141	0.00126	0.0012605102041102156	False
1942	2159	0.001276	0.0012489321844576478	False
1942	2166	0.001232	0.0011966443537686313	False
1942	2191	0.001712	0.0017151342177259667	False
1942	2212	0.001652	0.0015990739078215964	False
1942	2239	0.001496	0.0014668603930793696	False
1942	2240	0.00156	0.0014690079289826684	False
1942	2285	0.00138	0.0014113045729722896	False
1942	2286	0.001652	0.0016305399773612367	False
1942	2370	0.001244	0.001264898647043044	False
1942	2412	0.001368	0.0012978586546023702	False
1942	6739	0.001524	0.0015324069236931008	False
1942	6740	0.001492	0.0015476264172686537	False
1942	6749	0.0016	0.001656217037074593	False
1942	6750	0.001636	0.0016070104535511793	False
1942	6805	0.001588	0.0016950594255864338	False
1942	6806	0.001736	0.0017142938775898933	False
1942	6814	0.001684	0.0016999147241504137	False
1942	6927	0.001552	0.001491883854909113	False
1942	7033	0.001852	0.0017521091837131998	False
1942	7160	0.001752	0.0016974870748684237	False
1942	7248	0.001492	0.0015067298639797444	False
1942	7358	0.001804	0.0017852559335249868	False
1942	7359	0.001576	0.001581520136090284	False
1942	7377	0.001724	0.0016363289871875208	False
1942	7475	0.001796	0.0017443593802360777	False
1942	7515	0.001576	0.0015104647090289599	False
1942	7568	0.001776	0.0016904842404011449	False
1942	7757	0.001656	0.0016296996372251633	False
1942	7767	0.001644	0.001594592093762538	False
1942	8037	0.00164	0.0016403439456154274	False
1942	8057	0.001612	0.001606450226793797	False
1942	8464	0.001596	0.0016349284202940649	False
1942	8483	0.001552	0.0015788123734296027	False
1942	8699	0.001264	0.001256215132303618	False
1942	8723	0.001284	0.0012451973394084323	False
1943	2017	0.001544	0.001588803083936254	False
1943	2031	0.001416	0.0013977657596688836	False
1943	2053	0.001644	0.0017113060015505209	False
1943	2081	0.001036	0.0010236276568637256	False
1943	2091	0.000968	0.0010262420483981762	False
1943	2106	0.001148	0.0011777833862700933	False
1943	2108	0.001424	0.0015671409826508043	False
1943	2141	0.001052	0.001061723076365723	False
1943	2159	0.001108	0.001139034368884483	False
1943	2166	0.001184	0.0011388476266320222	False
1943	2191	0.001592	0.0016160674527955269	False
1943	2212	0.00154	0.0015343677173439388	False
1943	2239	0.00152	0.001447906054454601	False
1943	2240	0.001384	0.0013357673318519071	False
1943	2285	0.001308	0.0014175604384297255	False
1943	2286	0.00146	0.0015596712925523735	False
1943	2370	0.00102	0.001140995162535321	False
1943	2412	0.001312	0.001280398253997288	False
1943	6739	0.001444	0.001448839765716905	False
1943	6740	0.001388	0.0014726494029056534	False
1943	6749	0.00156	0.0015780654044197596	False
1943	6750	0.00154	0.0015376357067620023	False
1943	6805	0.001564	0.0016217630914955805	False
1943	6806	0.001656	0.0016817073545354884	False
1943	6814	0.00154	0.0016215763492431197	False
1943	6927	0.001504	0.001455375744553032	False
1943	7033	0.001924	0.0017861896447872907	False
1943	7160	0.001768	0.0017031827135684772	False
1943	7248	0.001572	0.001537822449014463	False
1943	7358	0.001764	0.0017227906500768585	False
1943	7359	0.001472	0.0014919772260353435	False
1943	7377	0.0017	0.0016306333484874672	False
1943	7475	0.001604	0.0016281123280792466	False
1943	7515	0.001624	0.0015514546334440995	False
1943	7568	0.001584	0.0016041159486380374	False
1943	7757	0.001416	0.0014574299093301005	False
1943	7767	0.001444	0.0014803992063827755	False
1943	8037	0.001552	0.0015494938397932613	False
1943	8057	0.001436	0.001511491791417494	False
1943	8464	0.00146	0.00156125860169829	False
1943	8483	0.001368	0.0015219493575552973	False
1943	8699	0.001184	0.0011989786319243911	False
1943	8723	0.001132	0.0011804911489307745	False
2017	2031	0.001504	0.0014903899168894267	False
2017	2053	0.00154	0.001469661526866281	False
2017	2081	0.001572	0.0015293256765274979	False
2017	2091	0.001592	0.0016073839380561009	False
2017	2106	0.001524	0.0014963656689681716	False
2017	2108	0.001192	0.0012870276039596454	False
2017	2141	0.001572	0.001525217346973361	False
2017	2159	0.00158	0.0015664873847671917	False
2017	2166	0.001576	0.0015614453439507508	False
2017	2191	0.001432	0.0013828263794720217	False
2017	2212	0.001164	0.0011642445729666874	False
2017	2239	0.00144	0.0014493999924742873	False
2017	2240	0.0014	0.001408036583554226	False
2017	2285	0.001348	0.001361164278186572	False
2017	2286	0.001276	0.0013165328798484474	False
2017	2370	0.001556	0.001533714119460326	False
2017	2412	0.001608	0.001529138934275037	False
2017	6739	0.001396	0.0013775042252768897	False
2017	6740	0.001388	0.0014554691156792624	False
2017	6749	0.001512	0.0014574299093301005	False
2017	6750	0.00142	0.0014694747846138202	False
2017	6805	0.0015	0.0014757306500712561	False
2017	6806	0.001376	0.0014944048753173335	False
2017	6814	0.001532	0.0014770378458384816	False
2017	6927	0.001304	0.0013287644973846281	False
2017	7248	0.001812	0.0018371702797090818	False
2017	7358	0.001516	0.001521109017419224	False
2017	7359	0.001448	0.0014809594331401579	False
2017	7475	0.001524	0.0014568696825727181	False
2017	7515	0.001912	0.001980775071851416	False
2017	7568	0.00124	0.0012866541194547238	False
2017	7757	0.001376	0.0013842269463654776	False
2017	7767	0.00138	0.001436514777054494	False
2017	8037	0.00144	0.0013827330083457914	False
2017	8057	0.001308	0.001320267724897663	False
2017	8464	0.001332	0.001345197815601176	False
2017	8483	0.001384	0.001379465018927728	False
2017	8699	0.00152	0.001497952978114088	False
2017	8723	0.001524	0.00151774765687493	False
2031	2053	0.001476	0.0014883357521123584	False
2031	2081	0.001612	0.001526898027245508	False
2031	2091	0.001448	0.0014607912698743944	False
2031	2106	0.001516	0.0014773179592171728	False
2031	2108	0.00148	0.0015516413756965603	False
2031	2141	0.001508	0.0014564961980677966	False
2031	2159	0.00154	0.0014762908768286385	False
2031	2166	0.001496	0.0014673272487105214	False
2031	2191	0.001504	0.0014799323507516235	False
2031	2212	0.001676	0.0015418374074423697	False
2031	2239	0.00152	0.0014874954119762848	False
2031	2240	0.001544	0.0014547221466694193	False
2031	2285	0.001364	0.0013518271655635335	False
2031	2286	0.00134	0.001349773000786465	False
2031	2370	0.001532	0.0015146664097093272	False
2031	2412	0.001568	0.0015113984202912638	False
2031	6739	0.001348	0.0013911364097065261	False
2031	6740	0.00142	0.001400753635708256	False
2031	6749	0.001464	0.0014535083220284242	False
2031	6750	0.001436	0.0014306323961019796	False
2031	6805	0.00146	0.001429045086956063	False
2031	6806	0.001424	0.0014402496221037093	False
2031	6814	0.001404	0.0014169068405461129	False
2031	6927	0.00144	0.0014284848601986808	False
2031	7248	0.00186	0.0018711573696569422	False
2031	7358	0.00146	0.0015319400680619487	False
2031	7359	0.001352	0.0013631250718374103	False
2031	7475	0.001444	0.0013700345351784588	False
2031	7515	0.00196	0.001977973938064504	False
2031	7568	0.001464	0.0014377286016954889	False
2031	7757	0.001408	0.0014301655404708275	False
2031	7767	0.00146	0.0014716223205171193	False
2031	8037	0.001416	0.0014042083673787803	False
2031	8057	0.001436	0.0014463187453086844	False
2031	8464	0.001396	0.0013390353212699706	False
2031	8483	0.001464	0.0014793721239942412	False
2031	8699	0.001592	0.0015104647090289599	False
2031	8723	0.00162	0.0015353014286062427	False
2053	2081	0.00176	0.0017616330385886992	False
2053	2091	0.001572	0.0016561236659483627	False
2053	2106	0.001456	0.0014769444747122513	False
2053	2108	0.001372	0.001462378579020311	False
2053	2141	0.001456	0.0014811461753926186	False
2053	2159	0.001592	0.001610558556347934	False
2053	2166	0.001572	0.0016111187831053164	False
2053	2191	0.00138	0.0013241893121993392	False
2053	2212	0.001448	0.0014385689418315625	False
2053	2239	0.0015	0.0015054226682125191	False
2053	2240	0.001292	0.0013846938019966295	False
2053	2285	0.001432	0.0014141990778854315	False
2053	2286	0.001128	0.00116247052156831	False
2053	2370	0.0016	0.001584694754382117	False
2053	2412	0.001548	0.00151774765687493	False
2053	6739	0.001184	0.001313264890430384	False
2053	6740	0.00128	0.0013486525472717003	False
2053	6749	0.001308	0.001282078934269435	False
2053	6750	0.001304	0.0013262434769764075	False
2053	6805	0.0014	0.00143558106579219	False
2053	6806	0.00126	0.0013211080650337363	False
2053	6814	0.001288	0.0013761970295096643	False
2053	6927	0.001324	0.001324656167830491	False
2053	7358	0.001288	0.0012848800680563465	False
2053	7359	0.001252	0.0012813319652595918	False
2053	7475	0.001264	0.0012507062358560251	False
2053	7568	0.0013	0.0013064487982155657	False
2053	7757	0.001236	0.0012856270370661897	False
2053	7767	0.001456	0.0014641526304186882	False
2053	8037	0.001236	0.0012856270370661897	False
2053	8057	0.001328	0.001278250718093989	False
2053	8464	0.0012	0.0012312850416001048	False
2053	8483	0.001268	0.001313731746061536	False
2053	8699	0.001516	0.0015138260695732539	False
2053	8723	0.001616	0.0015791858579345243	False
2081	2091	0.001052	0.0010569611489279734	False
2081	2106	0.001264	0.0011567748828682563	False
2081	2108	0.00154	0.0015521082313277122	False
2081	2141	0.001136	0.0011761027059979464	False
2081	2159	0.001216	0.0012235352381229827	False
2081	2166	0.001292	0.0012087826001785816	False
2081	2191	0.001708	0.0016522020786466864	False
2081	2212	0.001656	0.0015546292517359327	False
2081	2239	0.001556	0.0014612581255055463	False
2081	2240	0.001428	0.0013769439985195074	False
2081	2285	0.00144	0.0013916966364639085	False
2081	2286	0.0016	0.0015524817158326337	False
2081	2370	0.001136	0.0011827320559603038	False
2081	2412	0.001236	0.0012298844747066489	False
2081	6739	0.001496	0.0014601376719907816	False
2081	6740	0.00152	0.0015242836357110571	False
2081	6749	0.001644	0.0015940318670051557	False
2081	6750	0.001584	0.0015246571202159787	False
2081	6805	0.001608	0.001595525805024842	False
2081	6806	0.001692	0.0016670480877173178	False
2081	6814	0.001696	0.0016226034316316538	False
2081	6927	0.00154	0.0014323130763741266	False
2081	7033	0.001864	0.0017573379667821013	False
2081	7160	0.001676	0.0016819874679141796	False
2081	7248	0.001576	0.001482453371159844	False
2081	7358	0.001752	0.0017626601209772333	False
2081	7359	0.001492	0.0014806793197614666	False
2081	7377	0.00168	0.0016189619577086688	False
2081	7475	0.001704	0.0016416511413826528	False
2081	7515	0.00154	0.0014803992063827755	False
2081	7568	0.00166	0.0016109320408528556	False
2081	7757	0.00154	0.0015471595616375017	False
2081	7767	0.001528	0.0015538822827260896	False
2081	8037	0.0017	0.0016142000302709191	False
2081	8057	0.001616	0.001525217346973361	False
2081	8464	0.00164	0.0016246575964087224	False
2081	8483	0.001596	0.0015644332199901232	False
2081	8699	0.001244	0.0011783436130274757	False
2081	8723	0.001208	0.0011863735298832888	False
2091	2106	0.001172	0.0011623771504420796	False
2091	2108	0.001368	0.001521855986429067	False
2091	2141	0.001164	0.0011719943764438095	False
2091	2159	0.001108	0.0011176523809777246	False
2091	2166	0.001152	0.0011111164021415975	False
2091	2191	0.001672	0.0016716232729026067	False
2091	2212	0.001572	0.0015826405896050486	False
2091	2239	0.001488	0.0014879622676074369	False
2091	2240	0.00148	0.001445478405172611	False
2091	2285	0.0013	0.001394684512503281	False
2091	2286	0.001532	0.001553041942590016	False
2091	2370	0.0011	0.001131751421038513	False
2091	2412	0.00128	0.001256215132303618	False
2091	6739	0.001412	0.0014487463945906745	False
2091	6740	0.001452	0.001525964315983204	False
2091	6749	0.00152	0.0015447319123555116	False
2091	6750	0.001388	0.0014850677626942947	False
2091	6805	0.00158	0.001686469281973238	False
2091	6806	0.001584	0.0016485606047237013	False
2091	6814	0.001524	0.0015522016024539427	False
2091	6927	0.001368	0.0013845070597441687	False
2091	7033	0.001908	0.0018839492139505053	False
2091	7160	0.001784	0.001763780574491998	False
2091	7248	0.001572	0.0015552828496195454	False
2091	7358	0.001652	0.001679933303137111	False
2091	7359	0.001344	0.0014381020862004104	False
2091	7377	0.001708	0.0016576176039680489	False
2091	7475	0.001572	0.0016179348753201346	False
2091	7515	0.001552	0.0016085043915708655	False
2091	7568	0.001656	0.001610558556347934	False
2091	7757	0.00148	0.0015310997279258754	False
2091	7767	0.0015	0.0015241902645848266	False
2091	8037	0.001536	0.0015630326530966675	False
2091	8057	0.001484	0.0015054226682125191	False
2091	8464	0.001484	0.0015437982010932077	False
2091	8483	0.001504	0.001555656334124467	False
2091	8699	0.001208	0.001156681511742026	False
2091	8723	0.001236	0.0011930962509718768	False
2106	2108	0.00138	0.0014132653666231276	False
2106	2141	0.001008	0.0009950560922372272	True
2106	2159	0.001208	0.0010852526001757805	False
2106	2166	0.000996	0.0010223204610965001	False
2106	2191	0.001492	0.0014330600453839697	False
2106	2212	0.001504	0.001474983681061413	False
2106	2239	0.001628	0.0014669537642055998	False
2106	2240	0.001452	0.0013643388964784053	False
2106	2285	0.001376	0.0013589233711570428	False
2106	2286	0.00132	0.0013213881784124276	False
2106	2370	0.001128	0.0010776895389511191	False
2106	2412	0.00114	0.0010639639833952524	False
2106	6739	0.001296	0.0013237224565681872	False
2106	6740	0.001464	0.0014698482691187418	False
2106	6749	0.001412	0.0014273644066839161	False
2106	6750	0.00144	0.0014255903552855386	False
2106	6805	0.001448	0.001487308669723824	False
2106	6806	0.00154	0.0015442650567243598	False
2106	6814	0.001432	0.0014764776190810992	False
2106	6927	0.001388	0.0012703141723644062	False
2106	7160	0.0019	0.001907291995508102	False
2106	7248	0.001632	0.0016147602570283014	False
2106	7358	0.001576	0.0015672343537770348	False
2106	7359	0.001476	0.001433900385520043	False
2106	7377	0.001888	0.0018252187755515923	False
2106	7475	0.001672	0.0015425843764522128	False
2106	7515	0.001724	0.001715414331104658	False
2106	7568	0.001492	0.0015068232351059749	False
2106	7757	0.00158	0.0014837605669270693	False
2106	7767	0.00164	0.0015463192215014283	False
2106	8037	0.001556	0.001488989349995971	False
2106	8057	0.00144	0.0013708748753145322	False
2106	8464	0.001456	0.0014309125094806707	False
2106	8483	0.001444	0.001463125548030154	False
2106	8699	0.001084	0.0009676049811254937	True
2106	8723	0.001136	0.0010254950793883333	False
2108	2141	0.001332	0.0014073829856706133	False
2108	2159	0.001516	0.0015676078382819564	False
2108	2166	0.001432	0.0014740499697991091	False
2108	2191	0.00144	0.0014308191383544404	False
2108	2212	0.00118	0.001249959266846182	False
2108	2239	0.001424	0.0014602310431170121	False
2108	2240	0.001256	0.0013307252910354662	False
2108	2285	0.001188	0.0013441707332126419	False
2108	2286	0.001196	0.00133651430086175	False
2108	2370	0.001364	0.0014565895691940269	False
2108	2412	0.001376	0.0014279246334412984	False
2108	6739	0.001388	0.0014774113303434031	False
2108	6740	0.001204	0.0013574294331373568	False
2108	6749	0.001544	0.001526898027245508	False
2108	6750	0.00126	0.0014745168254302612	False
2108	6805	0.00142	0.00147666436133356	False
2108	6806	0.001304	0.0014802124641303148	False
2108	6814	0.001476	0.00152017530615692	False
2108	6927	0.001192	0.0012874944595907972	False
2108	7248	0.001756	0.001772183975852733	False
2108	7358	0.001316	0.0014809594331401579	False
2108	7359	0.001296	0.0013900159561917615	False
2108	7377	0.001956	0.001965275464897172	False
2108	7475	0.001372	0.001415973129283809	False
2108	7515	0.00188	0.0020097201209828357	False
2108	7568	0.001304	0.0014240964172658524	False
2108	7757	0.00128	0.0013285777551321674	False
2108	7767	0.00138	0.0014736764852941876	False
2108	8037	0.001288	0.001383853461860556	False
2108	8057	0.00118	0.0013223218896747315	False
2108	8464	0.001268	0.0014286716024511416	False
2108	8483	0.001272	0.0013789047921703456	False
2108	8699	0.001408	0.0014202682010904066	False
2108	8723	0.001356	0.001426617437674073	False
2141	2159	0.000904	0.0009779691761370665	True
2141	2166	0.001028	0.0010339918518752983	False
2141	2191	0.001524	0.0014406231066086308	False
2141	2212	0.001512	0.0014758240211974866	False
2141	2239	0.00154	0.0014946849886960246	False
2141	2240	0.001404	0.0013868413378999283	False
2141	2285	0.0014	0.0014034613983689372	False
2141	2286	0.001304	0.0013515470521848424	False
2141	2370	0.001008	0.0010589219425788114	False
2141	2412	0.001028	0.0010143839153669172	False
2141	6739	0.001376	0.0013873081935310803	False
2141	6740	0.001416	0.001414292449011662	False
2141	6749	0.001436	0.0014323130763741266	False
2141	6750	0.0014	0.0013989795843098785	False
2141	6805	0.001472	0.0014896429478795836	False
2141	6806	0.0015	0.0015223228420602189	False
2141	6814	0.001448	0.00145976418748586	False
2141	6927	0.001396	0.0013288578685108584	False
2141	7160	0.001948	0.00196004668182827	False
2141	7248	0.001744	0.0016777857672338123	False
2141	7358	0.001528	0.0015721830234672453	False
2141	7359	0.001372	0.0014175604384297255	False
2141	7377	0.00188	0.001809439055218657	False
2141	7475	0.001584	0.0015208289040405329	False
2141	7515	0.001764	0.001783108397621688	False
2141	7568	0.00146	0.001461164754379316	False
2141	7757	0.00142	0.0014588304762235562	False
2141	7767	0.001448	0.0014849743915680644	False
2141	8037	0.001468	0.0014405297354824005	False
2141	8057	0.001376	0.0013653659788669394	False
2141	8464	0.001504	0.001506636492853514	False
2141	8483	0.001532	0.0014960855555894803	False
2141	8699	0.001052	0.0010282028420490145	False
2141	8723	0.00096	0.0010059805140061825	False
2159	2166	0.001156	0.0010633103855116398	False
2159	2191	0.001548	0.0015117719047961853	False
2159	2212	0.001592	0.0015197084505257682	False
2159	2239	0.00158	0.001547719788394884	False
2159	2240	0.001428	0.001445478405172611	False
2159	2285	0.0014	0.0014613514966317768	False
2159	2286	0.001416	0.0014815196598975402	False
2159	2370	0.001024	0.0010508920257229983	False
2159	2412	0.001116	0.0010543467573935225	False
2159	6739	0.001488	0.0014851611338205252	False
2159	6740	0.001464	0.0015074768329895875	False
2159	6749	0.001524	0.0014797456084991627	False
2159	6750	0.001512	0.0014921639682878042	False
2159	6805	0.001536	0.0015783455177984507	False
2159	6806	0.001524	0.0015508944066867172	False
2159	6814	0.001576	0.0015714360544574022	False
2159	6927	0.001436	0.0014125183976132847	False
2159	7248	0.001736	0.001743705782352465	False
2159	7358	0.00164	0.0016325007710120748	False
2159	7359	0.001508	0.0015043955858239848	False
2159	7377	0.001968	0.0019052378307310334	False
2159	7475	0.001608	0.0015479065306473448	False
2159	7515	0.001804	0.0017821746863593841	False
2159	7568	0.001556	0.0015791858579345243	False
2159	7757	0.001476	0.0014980463492403186	False
2159	7767	0.001472	0.001546972819385041	False
2159	8037	0.0015	0.0014778781859745552	False
2159	8057	0.00152	0.001496272297841941	False
2159	8464	0.001536	0.0015296057899061891	False
2159	8483	0.001492	0.0014891760922484318	False
2159	8699	0.001028	0.0010494914588295426	False
2159	8723	0.001096	0.0010791834769708054	False
2166	2191	0.001608	0.0015610718594458292	False
2166	2212	0.00154	0.0015077569463682787	False
2166	2239	0.001576	0.0015094376266404257	False
2166	2240	0.001448	0.0014406231066086308	False
2166	2285	0.00138	0.0013883352759196145	False
2166	2286	0.001388	0.001453695064280885	False
2166	2370	0.001052	0.0010251215948834118	False
2166	2412	0.001072	0.001035859274399906	False
2166	6739	0.00146	0.0014373551171905673	False
2166	6740	0.00146	0.001511958647048646	False
2166	6749	0.001496	0.001502528163299377	False
2166	6750	0.00146	0.0014484662812119834	False
2166	6805	0.001532	0.0015744239304967746	False
2166	6806	0.00152	0.001523816780079905	False
2166	6814	0.001516	0.0015178410280011604	False
2166	6927	0.001352	0.0013380082388814362	False
2166	7160	0.001928	0.001904210748342499	False
2166	7248	0.001596	0.001613919916892228	False
2166	7358	0.001572	0.0015813333938378231	False
2166	7359	0.001408	0.001403928254000089	False
2166	7377	0.001908	0.0018197098791039995	False
2166	7475	0.001708	0.001626711761185791	False
2166	7515	0.001784	0.0017465069161393765	False
2166	7568	0.001544	0.0015141995540781754	False
2166	7757	0.001552	0.0015180277702536212	False
2166	7767	0.001572	0.0016057966289101844	False
2166	8037	0.001576	0.0015122387604273372	False
2166	8057	0.001436	0.0014525746107661203	False
2166	8464	0.001532	0.0014961789267157108	False
2166	8483	0.001504	0.001482453371159844	False
2166	8699	0.001112	0.0010620031897444144	False
2166	8723	0.001132	0.0010270823885342498	False
2191	2212	0.001476	0.0013909496674540654	False
2191	2239	0.0016	0.0014299787982183668	False
2191	2240	0.0014	0.001348839289524161	False
2191	2285	0.001316	0.0012771302645792244	False
2191	2286	0.001196	0.0011744220257257994	False
2191	2370	0.001444	0.0015200819350306898	False
2191	2412	0.001528	0.0014820798866549225	False
2191	6739	0.0013	0.001258175925954456	False
2191	6740	0.001308	0.0013058885714581833	False
2191	6749	0.001392	0.0012585494104593775	False
2191	6750	0.001388	0.0012672329251988035	False
2191	6805	0.0013	0.001286934232833415	False
2191	6806	0.001224	0.0012916027891449343	False
2191	6814	0.00138	0.0013644322676046356	False
2191	6927	0.001408	0.0012986989947384436	False
2191	7248	0.00198	0.0019284872411623995	False
2191	7358	0.001404	0.0013390353212699706	False
2191	7359	0.001464	0.0013487459183979308	False
2191	7475	0.001404	0.0013020603552827375	False
2191	7568	0.00128	0.0012845999546776553	False
2191	7757	0.001384	0.0012512664626134074	False
2191	7767	0.00138	0.0013836667196080953	False
2191	8037	0.001352	0.0012678865230824161	False
2191	8057	0.001292	0.001220734104336071	False
2191	8464	0.0013	0.0012197070219475369	False
2191	8483	0.001208	0.0012713412547529404	False
2191	8699	0.001496	0.0013959917082705063	False
2191	8723	0.001484	0.0014861882162090594	False
2212	2239	0.001468	0.0014358611791708811	False
2212	2240	0.001388	0.0013958049660180456	False
2212	2285	0.00128	0.0012998194482532082	False
2212	2286	0.001344	0.0013423966818142644	False
2212	2370	0.001488	0.0014785317838581678	False
2212	2412	0.00158	0.001487775525354976	False
2212	6739	0.001424	0.0013964585639016582	False
2212	6740	0.001384	0.0014340871277725039	False
2212	6749	0.0015	0.001417186953924804	False
2212	6750	0.001448	0.0014583636205924044	False
2212	6805	0.001496	0.001455842600184184	False
2212	6806	0.001436	0.0015116785336699548	False
2212	6814	0.001568	0.001513172471689641	False
2212	6927	0.001284	0.001267606409703725	False
2212	7248	0.001848	0.0017902046032151973	False
2212	7358	0.00148	0.0014965524112206324	False
2212	7359	0.001468	0.0014571497959514092	False
2212	7475	0.001456	0.0013667665457603954	False
2212	7568	0.001372	0.0013565890930012832	False
2212	7757	0.001364	0.0013656460922456307	False
2212	7767	0.001456	0.0014577100227087915	False
2212	8037	0.001428	0.0014170002116723431	False
2212	8057	0.001264	0.001237634278183771	False
2212	8464	0.001392	0.0013805854724424924	False
2212	8483	0.001316	0.0013455713001060976	False
2212	8699	0.001404	0.001381705925957257	False
2212	8723	0.001536	0.0015241902645848266	False
2239	2240	0.001424	0.0014107443462149072	False
2239	2285	0.001244	0.0012686334920922592	False
2239	2286	0.001388	0.0013959917082705063	False
2239	2370	0.001548	0.0014869351852189025	False
2239	2412	0.001608	0.0015277383673815814	False
2239	6739	0.001324	0.0013475320937569356	False
2239	6740	0.001308	0.0013728356689653705	False
2239	6749	0.0014	0.0014569630536989484	False
2239	6750	0.001484	0.0014792787528680109	False
2239	6805	0.001404	0.0014987933182501617	False
2239	6806	0.00144	0.0014681675888465948	False
2239	6814	0.0015	0.0014866550718402114	False
2239	6927	0.001344	0.0013378214966289755	False
2239	7248	0.001668	0.0016348350491678346	False
2239	7358	0.001572	0.0016242841119038008	False
2239	7359	0.001296	0.001359483597914425	False
2239	7377	0.001924	0.001848094701478037	False
2239	7475	0.001532	0.00152979253215865	False
2239	7515	0.001752	0.0017493080499262881	False
2239	7568	0.001512	0.0014830135979172264	False
2239	7757	0.001312	0.0013658328344980915	False
2239	7767	0.001284	0.0013706881330620715	False
2239	8037	0.001448	0.0014407164777348613	False
2239	8057	0.001364	0.0013433303930765683	False
2239	8464	0.001324	0.001412891882118206	False
2239	8483	0.001376	0.001411864799729672	False
2239	8699	0.001632	0.0015129857294371803	False
2239	8723	0.001636	0.0015546292517359327	False
2240	2285	0.00118	0.0011955239002538667	False
2240	2286	0.00126	0.001296364716582684	False
2240	2370	0.001492	0.0014414634467447044	False
2240	2412	0.001408	0.0013952447392606632	False
2240	6739	0.001252	0.001254067596400319	False
2240	6740	0.001148	0.0012662992139364996	False
2240	6749	0.001264	0.0012488388133314174	False
2240	6750	0.001212	0.0013191472713828983	False
2240	6805	0.001276	0.001357522804263587	False
2240	6806	0.00132	0.0013659262056243218	False
2240	6814	0.001372	0.0013420231973093428	False
2240	6927	0.001272	0.001222694897986909	False
2240	7248	0.001748	0.0017195226606587948	False
2240	7358	0.001484	0.001412611768739515	False
2240	7359	0.001296	0.0012557482766724659	False
2240	7377	0.001996	0.0019004759032932837	False
2240	7475	0.00134	0.0013448243310962545	False
2240	7515	0.001912	0.0018748922147061578	False
2240	7568	0.001224	0.0013098101587598597	False
2240	7757	0.001232	0.0012604168329839853	False
2240	7767	0.001308	0.0013795583900539582	False
2240	8037	0.0014	0.0013433303930765683	False
2240	8057	0.001068	0.0012074754044113561	False
2240	8464	0.001196	0.0013138251171877662	False
2240	8483	0.00128	0.0012827325321530475	False
2240	8699	0.001456	0.0013872148224048498	False
2240	8723	0.001372	0.0013644322676046356	False
2285	2286	0.001144	0.001176476190502868	False
2285	2370	0.001312	0.0013585498866521212	False
2285	2412	0.001388	0.0014058890476509273	False
2285	6739	0.001144	0.0011978581784096265	False
2285	6740	0.001208	0.001269287089975872	False
2285	6749	0.001236	0.0012316585261050264	False
2285	6750	0.00116	0.0012293242479492665	False
2285	6805	0.001144	0.0013169997354795994	False
2285	6806	0.001196	0.0012897353666203265	False
2285	6814	0.001352	0.0013321258579289219	False
2285	6927	0.00122	0.0011986051474194696	False
2285	7248	0.0016	0.0016263382766808694	False
2285	7358	0.001272	0.0013606974225554202	False
2285	7359	0.001188	0.0012197070219475369	False
2285	7377	0.001952	0.0018881509146308727	False
2285	7475	0.001304	0.0013356739607256766	False
2285	7515	0.001756	0.0018250320332991316	False
2285	7568	0.001284	0.0013085029629926342	False
2285	7757	0.001124	0.0011545339758387272	False
2285	7767	0.001288	0.0013504265986700778	False
2285	8037	0.001236	0.0013015001285253552	False
2285	8057	0.001128	0.0011676993046372116	False
2285	8464	0.001144	0.0011741419123471083	False
2285	8483	0.001124	0.0012229750113656004	False
2285	8699	0.001364	0.0013254031368403342	False
2285	8723	0.001432	0.0014122382842345934	False
2286	2370	0.001376	0.001447439198823449	False
2286	2412	0.001364	0.0013935640589885162	False
2286	6739	0.001208	0.001192442653088264	False
2286	6740	0.001176	0.0012043007861195232	False
2286	6749	0.001284	0.0012454774527871234	False
2286	6750	0.001248	0.0012838529856678122	False
2286	6805	0.001216	0.0011732082010848044	False
2286	6806	0.001132	0.0011956172713800972	False
2286	6814	0.001288	0.0012299778458328794	False
2286	6927	0.001092	0.001196550982642401	False
2286	7358	0.001256	0.001254814565410162	False
2286	7359	0.00122	0.0012357668556591632	False
2286	7475	0.001256	0.0011803044066783137	False
2286	7568	0.00102	0.0011413686470402426	False
2286	7757	0.00118	0.0012415558654854473	False
2286	7767	0.001328	0.0013268970748600204	False
2286	8037	0.001276	0.0012010327967014595	False
2286	8057	0.001064	0.0011555610582272614	False
2286	8464	0.001088	0.0011132639380448963	False
2286	8483	0.00118	0.0012375409070575407	False
2286	8699	0.00134	0.001374703091489978	False
2286	8723	0.00144	0.001456122713562875	False
2370	2412	0.001028	0.0010813310128741042	False
2370	6739	0.001448	0.0014361412925495724	False
2370	6740	0.001488	0.0015269913983717383	False
2370	6749	0.001532	0.0014929109372976473	False
2370	6750	0.001528	0.0015051425548338279	False
2370	6805	0.001472	0.0015240968934585963	False
2370	6806	0.001532	0.001554722622862163	False
2370	6814	0.00156	0.0015879627438001806	False
2370	6927	0.001388	0.00135584212399144	False
2370	7160	0.001988	0.0019222313757049636	False
2370	7248	0.00164	0.0015957125472773027	False
2370	7358	0.001624	0.0016268051323120212	False
2370	7359	0.001524	0.0014705018670023546	False
2370	7377	0.00192	0.0018283933938434253	False
2370	7475	0.001608	0.0015928180423641608	False
2370	7515	0.001836	0.0017921653968660356	False
2370	7568	0.001436	0.0015060762660961317	False
2370	7757	0.001452	0.0014863749584615202	False
2370	7767	0.001496	0.0015438915722194382	False
2370	8037	0.00146	0.0015065431217272836	False
2370	8057	0.001416	0.00140168734697056	False
2370	8464	0.001424	0.0014832003401696872	False
2370	8483	0.001364	0.0014084100680591476	False
2370	8699	0.001076	0.001040434459585195	False
2370	8723	0.001072	0.0010658314059198602	False
2412	6739	0.001492	0.001383386606229404	False
2412	6740	0.00154	0.001487308669723824	False
2412	6749	0.00156	0.0014539751776595762	False
2412	6750	0.001364	0.00135341447470945	False
2412	6805	0.001372	0.0014168134694198824	False
2412	6806	0.001488	0.0014741433409253396	False
2412	6814	0.00154	0.0014799323507516235	False
2412	6927	0.001448	0.001353134361330759	False
2412	7160	0.001968	0.002023352305412472	False
2412	7248	0.00166	0.0016981406727520365	False
2412	7358	0.001492	0.0015374489645095415	False
2412	7359	0.001496	0.0014254036130330779	False
2412	7377	0.001996	0.0019448271882527171	False
2412	7475	0.001652	0.0015208289040405329	False
2412	7515	0.001896	0.001862100370412595	False
2412	7568	0.001456	0.0014387556840840233	False
2412	7757	0.001528	0.0014776914437220944	False
2412	7767	0.001556	0.0015492137264145702	False
2412	8037	0.001504	0.0014479994255808314	False
2412	8057	0.001308	0.0013192406425091288	False
2412	8464	0.001508	0.0014504270748628215	False
2412	8483	0.00144	0.0014508939304939735	False
2412	8699	0.001168	0.001109062237364529	False
2412	8723	0.001028	0.0010571478911804342	False
4857	5651	0.00188	0.0019143882011016112	False
4857	5718	0.001876	0.0019747059486464407	False
5249	5717	0.00186	0.0017965538397988637	False
5395	5651	0.001964	0.0018724645654241677	False
5651	5718	0.001844	0.001977226969054661	False
6739	6740	0.001192	0.0012389414739509964	False
6739	6749	0.001084	0.001145290234341919	False
6739	6750	0.001168	0.00117694304613402	False
6739	6805	0.001216	0.0012726484505201658	False
6739	6806	0.001228	0.0012950575208154585	False
6739	6814	0.001184	0.0012532272562642455	False
6739	6927	0.00118	0.001192162539709573	False
6739	7248	0.001784	0.0017799337793298548	False
6739	7358	0.001328	0.001343237021950338	False
6739	7359	0.001204	0.001221667815598375	False
6739	7475	0.001224	0.001284786696930116	False
6739	7515	0.001916	0.0019263397052591007	False
6739	7568	0.001276	0.0013240959410731087	False
6739	7757	0.001204	0.0012556549055462356	False
6739	7767	0.001248	0.0013269904459862506	False
6739	8037	0.00126	0.001274142388539852	False
6739	8057	0.001152	0.0011552809448485703	False
6739	8464	0.001032	0.001151639470925585	False
6739	8483	0.001228	0.0012684467498397984	False
6739	8699	0.001308	0.0013105571277697028	False
6739	8723	0.00144	0.0014199880877117156	False
6740	6749	0.001308	0.0012891751398629442	False
6740	6750	0.001232	0.0013208279516550452	False
6740	6805	0.001248	0.0013521072789422247	False
6740	6806	0.001268	0.001331192146666618	False
6740	6814	0.001368	0.0013401557747847353	False
6740	6927	0.001228	0.0012430498035051335	False
6740	7248	0.00184	0.0018429592895353657	False
6740	7358	0.001352	0.0013659262056243218	False
6740	7359	0.001228	0.0011986051474194696	False
6740	7377	0.001904	0.001903650521585117	False
6740	7475	0.001296	0.001311584210158237	False
6740	7515	0.00186	0.001943800105864183	False
6740	7568	0.001348	0.0013307252910354662	False
6740	7757	0.001156	0.0012114903628392627	False
6740	7767	0.001128	0.00126639258506273	False
6740	8037	0.0013	0.0012938436961744636	False
6740	8057	0.00112	0.0012621908843823625	False
6740	8464	0.001112	0.0012604168329839853	False
6740	8483	0.001236	0.0013107438700221635	False
6740	8699	0.001372	0.0014368882615594155	False
6740	8723	0.001528	0.00151774765687493	False
6749	6750	0.0013	0.0012368873091739279	False
6749	6805	0.001252	0.0013043946334384971	False
6749	6806	0.001216	0.0012474382464379616	False
6749	6814	0.001244	0.0012582692970806865	False
6749	6927	0.001304	0.001242956432378903	False
6749	7248	0.001812	0.001835582970563165	False
6749	7358	0.001428	0.0013792782766752672	False
6749	7359	0.00124	0.0011710606651815056	False
6749	7475	0.001268	0.0012461310506707362	False
6749	7568	0.001344	0.0013679803704013903	False
6749	7757	0.001392	0.0012623776266348233	False
6749	7767	0.001492	0.0014054221920197752	False
6749	8037	0.00136	0.0013281108995010153	False
6749	8057	0.001268	0.0012249358050164384	False
6749	8464	0.001164	0.0011936564777292591	False
6749	8483	0.00132	0.0012843198412989642	False
6749	8699	0.001488	0.001440903219987322	False
6749	8723	0.00158	0.0015045823280764455	False
6750	6805	0.001208	0.0012955243764466106	False
6750	6806	0.001188	0.0012592963794692206	False
6750	6814	0.001256	0.0012953376341941498	False
6750	6927	0.001228	0.00126153728649875	False
6750	7248	0.001864	0.0018883376568833334	False
6750	7358	0.001192	0.0013171864777320602	False
6750	7359	0.001196	0.0012178395994229291	False
6750	7475	0.001296	0.0013022470975351983	False
6750	7568	0.001236	0.0013225086319271922	False
6750	7757	0.00122	0.001281145223007131	False
6750	7767	0.001272	0.0014040216251263195	False
6750	8037	0.001212	0.0012505194936035643	False
6750	8057	0.001168	0.0012418359788641383	False
6750	8464	0.001144	0.0011946835601177933	False
6750	8483	0.001268	0.0013049548601958795	False
6750	8699	0.001444	0.0013778777097818112	False
6750	8723	0.001552	0.0015059828949699013	False
6805	6806	0.001068	0.0012268965986672767	False
6805	6814	0.001376	0.0013574294331373568	False
6805	6927	0.001364	0.001357989659894739	False
6805	7248	0.001872	0.001916255623626219	False
6805	7358	0.001232	0.0012948707785629978	False
6805	7359	0.001284	0.0012894552532416355	False
6805	7475	0.00128	0.0012989791081171348	False
6805	7568	0.001316	0.0013199876115189719	False
6805	7757	0.001244	0.001300473046136821	False
6805	7767	0.001272	0.0013820794104621786	False
6805	8037	0.001228	0.0012743291307923128	False
6805	8057	0.001168	0.0012148517233835567	False
6805	8464	0.001216	0.0012629378533922056	False
6805	8483	0.001156	0.0012986989947384436	False
6805	8699	0.001436	0.0014493066213480568	False
6805	8723	0.00152	0.0015368887377521592	False
6806	6814	0.00122	0.0013469718669995535	False
6806	6927	0.0012	0.0012698473167332544	False
6806	7358	0.001124	0.0012369806803001584	False
6806	7359	0.001256	0.0012948707785629978	False
6806	7475	0.00122	0.0012834795011628906	False
6806	7568	0.001256	0.0014073829856706133	False
6806	7757	0.001272	0.001293750325048233	False
6806	7767	0.0013	0.0014069161300394614	False
6806	8037	0.001176	0.001260136719605294	False
6806	8057	0.001132	0.0012437967725149764	False
6806	8464	0.001148	0.001279184429356293	False
6806	8483	0.001168	0.0012906690778826304	False
6806	8699	0.001504	0.0014842274225582213	False
6806	8723	0.001572	0.0015538822827260896	False
6814	6927	0.001372	0.001348092320514318	False
6814	7248	0.001928	0.001921110922190199	False
6814	7358	0.001344	0.0013469718669995535	False
6814	7359	0.00126	0.0012211075888409926	False
6814	7475	0.001312	0.001268540120966029	False
6814	7568	0.001428	0.001383106492850713	False
6814	7757	0.001372	0.0013260567347239468	False
6814	7767	0.001424	0.0013550017838553667	False
6814	8037	0.001452	0.0013271771882387114	False
6814	8057	0.001256	0.0012736755329087002	False
6814	8464	0.001208	0.0012715279970054011	False
6814	8483	0.001412	0.0013754500604998211	False
6814	8699	0.001444	0.0014323130763741266	False
6814	8723	0.001568	0.0015753576417590785	False
6927	7248	0.001796	0.0017233508768342409	False
6927	7358	0.001284	0.0013527608768258374	False
6927	7359	0.001096	0.0012192401663163848	False
6927	7377	0.001956	0.00189963556315721	False
6927	7475	0.001348	0.0013083162207401734	False
6927	7515	0.001976	0.0019416525699608841	False
6927	7568	0.001296	0.0013539747014668323	False
6927	7757	0.001344	0.0012349265155230898	False
6927	7767	0.001348	0.00133165900229777	False
6927	8037	0.001248	0.001286467377202263	False
6927	8057	0.001068	0.0011046737944317008	False
6927	8464	0.00118	0.0012420227211165991	False
6927	8483	0.001096	0.0011674191912585204	False
6927	8699	0.00136	0.0012291375056968058	False
6927	8723	0.001412	0.0013811456991998747	False
7033	7160	0.001588	0.001566300642514731	False
7033	7248	0.001728	0.0016954329100913553	False
7033	7377	0.001672	0.001584694754382117	False
7033	7515	0.001612	0.0015630326530966675	False
7033	8233	0.001788	0.0018142009826564067	False
7160	7248	0.001684	0.0017136402797062805	False
7160	7377	0.001532	0.0015037419879403722	False
7160	7515	0.001504	0.0015164404611077047	False
7160	8233	0.001872	0.001781427717349541	False
7160	8723	0.001972	0.001982642494376024	False
7248	7359	0.0019	0.0018350227438057828	False
7248	7377	0.00168	0.00161681442180537	False
7248	7515	0.001348	0.001462378579020311	False
7248	7568	0.001948	0.0018987952230211367	False
7248	7757	0.001948	0.0018749855858323883	False
7248	7767	0.001864	0.0018925393575637008	False
7248	8057	0.00184	0.001859205865499453	False
7248	8233	0.001748	0.0018528566289157866	False
7248	8464	0.00192	0.0019338093953575315	False
7248	8483	0.001812	0.0018429592895353657	False
7248	8699	0.001724	0.0016587380574828133	False
7248	8723	0.001632	0.0016691956236206168	False
7349	7350	0.001972	0.002062474807303004	False
7358	7359	0.001212	0.001276570037821842	False
7358	7475	0.001344	0.0012526670295068632	False
7358	7568	0.001332	0.0013577095465160478	False
7358	7757	0.001244	0.0012670461829463427	False
7358	7767	0.001504	0.0015133592139421018	False
7358	8037	0.00134	0.001297111685592527	False
7358	8057	0.001224	0.0012906690778826304	False
7358	8464	0.001232	0.0012789976871038322	False
7358	8483	0.001292	0.0012809584807546702	False
7358	8699	0.001604	0.0015811466515853623	False
7358	8723	0.001648	0.001612706092251233	False
7359	7475	0.001268	0.0012748893575496951	False
7359	7515	0.001976	0.0020167229554501147	False
7359	7568	0.001264	0.0013472519803782446	False
7359	7757	0.00124	0.001233059092998482	False
7359	7767	0.001332	0.0014043017385050106	False
7359	8037	0.001352	0.001306262055963105	False
7359	8057	0.001188	0.0012348331443968593	False
7359	8464	0.001228	0.0012379143915624623	False
7359	8483	0.001264	0.0012684467498397984	False
7359	8699	0.001416	0.001402247573727942	False
7359	8723	0.001444	0.0014043017385050106	False
7377	7515	0.001532	0.001459017218476017	False
7377	7767	0.001944	0.001944080219242874	False
7377	8233	0.001876	0.001836983537456621	False
7377	8699	0.001988	0.0018428659184091354	False
7377	8723	0.00188	0.0018342757747959397	False
7475	7568	0.001388	0.0013304451776567751	False
7475	7757	0.001276	0.0012061682086441307	False
7475	7767	0.001392	0.0013542548148455236	False
7475	8037	0.001132	0.0011591091610240161	False
7475	8057	0.001184	0.0011803044066783137	False
7475	8464	0.001136	0.0012272700831721982	False
7475	8483	0.001292	0.0012882414286006403	False
7475	8699	0.001596	0.0014972993802304755	False
7475	8723	0.001656	0.0015848814966345779	False
7515	7757	0.002	0.00201560250193535	False
7515	7767	0.001916	0.0019767601134235094	False
7515	8057	0.001956	0.0020108405744976004	False
7515	8233	0.001808	0.0017822680574856146	False
7515	8699	0.001832	0.0018066379214317454	False
7515	8723	0.001788	0.001788150438438129	False
7529	7530	0.001636	0.0017381035147786418	False
7568	7757	0.001248	0.0013278307861223243	False
7568	7767	0.001332	0.0013717152154506058	False
7568	8037	0.00128	0.001272181594889014	False
7568	8057	0.001124	0.0012164390325294734	False
7568	8464	0.001156	0.001194870302370254	False
7568	8483	0.001144	0.0012696605744807936	False
7568	8699	0.001472	0.0015007541119009997	False
7568	8723	0.001516	0.0015127056160584892	False
7757	7767	0.001148	0.0013000995616318995	False
7757	8037	0.001168	0.0012270833409197374	False
7757	8057	0.001188	0.001146317316730453	False
7757	8464	0.001292	0.0012616306576249802	False
7757	8483	0.00116	0.0011545339758387272	False
7757	8699	0.001416	0.0014224157369937057	False
7757	8723	0.001428	0.001426897551052764	False
7767	8037	0.001316	0.0013619112471964152	False
7767	8057	0.001192	0.0012641516780332008	False
7767	8464	0.001312	0.0013789047921703456	False
7767	8483	0.001204	0.0013351137339682943	False
7767	8699	0.001428	0.0014733963719154965	False
7767	8723	0.001464	0.0015462258503751978	False
8037	8057	0.001204	0.0012553747921675443	False
8037	8464	0.001196	0.0011831989115914559	False
8037	8483	0.001176	0.00127124788362671	False
8037	8699	0.00144	0.001366206319003013	False
8037	8723	0.001516	0.0014711554648859672	False
8057	8464	0.001024	0.0011634976039568443	False
8057	8483	0.001076	0.0011335254724368902	False
8057	8699	0.001404	0.001314011859440227	False
8057	8723	0.001456	0.0014127985109919758	False
8464	8483	0.001164	0.0012514532048658682	False
8464	8699	0.001396	0.0013675135147702385	False
8464	8723	0.001528	0.001524750491342209	False
8483	8699	0.001416	0.0014264306954216122	False
8483	8723	0.001452	0.0014658333106908352	False
8699	8723	0.001036	0.0010537865306361402	False
19949	19950	0.001616	0.00152979253215865	False
19949	19951	0.001488	0.0014872152985975938	False
19950	19951	0.00176	0.001567327724903265	False
