trait_id	accession_id	genetic_group	raw_row_count	status
145	10001	western_europe	1	unique_finite
145	10002	western_europe	1	unique_finite
145	10004	italy_balkan_caucasus	1	unique_finite
145	10005	central_europe	1	unique_finite
145	10006	italy_balkan_caucasus	1	unique_finite
145	10008	asia	1	unique_finite
145	10009	asia	1	unique_finite
145	10010	asia	1	unique_finite
145	10013	italy_balkan_caucasus	1	unique_finite
145	10014	italy_balkan_caucasus	1	unique_finite
145	10015	asia	1	unique_finite
145	10017	central_europe	1	unique_finite
145	10018	central_europe	1	unique_finite
145	1925	germany	1	unique_finite
145	2057	germany	1	unique_finite
145	5832	south_sweden	1	unique_finite
145	5837	central_europe	1	unique_finite
145	6008	central_europe	1	unique_finite
145	6019	south_sweden	1	unique_finite
145	6020	south_sweden	1	unique_finite
145	6039	admixed	1	unique_finite
145	6042	admixed	1	unique_finite
145	6046	north_sweden	1	unique_finite
145	6074	south_sweden	1	unique_finite
145	6085	south_sweden	1	unique_finite
145	6094	south_sweden	1	unique_finite
145	6096	south_sweden	1	unique_finite
145	6098	south_sweden	1	unique_finite
145	6100	south_sweden	1	unique_finite
145	6112	south_sweden	1	unique_finite
145	6119	south_sweden	1	unique_finite
145	6169	north_sweden	1	unique_finite
145	6188	south_sweden	1	unique_finite
145	6194	south_sweden	1	unique_finite
145	6202	south_sweden	1	unique_finite
145	6203	south_sweden	1	unique_finite
145	6242	south_sweden	1	unique_finite
145	6243	central_europe	1	unique_finite
145	6413	south_sweden	1	unique_finite
145	6744	germany	1	unique_finite
145	6897	western_europe	1	unique_finite
145	6898	admixed	1	unique_finite
145	6903	central_europe	1	unique_finite
145	6904	western_europe	1	unique_finite
145	6907	admixed	1	unique_finite
145	6909	germany	1	unique_finite
145	6911	relict	1	unique_finite
145	6913	north_sweden	1	unique_finite
145	6918	north_sweden	1	unique_finite
145	6919	central_europe	1	unique_finite
145	6924	western_europe	1	unique_finite
145	6926	western_europe	1	unique_finite
145	6932	admixed	1	unique_finite
145	6933	spain	1	unique_finite
145	6940	germany	1	unique_finite
145	6943	western_europe	1	unique_finite
145	6944	western_europe	1	unique_finite
145	6951	central_europe	1	unique_finite
145	6958	western_europe	1	unique_finite
145	6959	western_europe	1	unique_finite
145	6961	spain	1	unique_finite
145	6967	western_europe	1	unique_finite
145	6968	north_sweden	1	unique_finite
145	6970	spain	1	unique_finite
145	6973	germany	1	unique_finite
145	6974	south_sweden	1	unique_finite
145	6976	central_europe	1	unique_finite
145	6979	central_europe	1	unique_finite
145	6982	germany	1	unique_finite
145	6989	western_europe	1	unique_finite
145	6990	admixed	1	unique_finite
145	6992	admixed	1	unique_finite
145	7000	germany	1	unique_finite
145	7002	germany	1	unique_finite
145	7008	germany	1	unique_finite
145	7014	germany	1	unique_finite
145	7026	western_europe	1	unique_finite
145	7031	germany	1	unique_finite
145	7062	germany	1	unique_finite
145	7064	western_europe	1	unique_finite
145	7071	western_europe	1	unique_finite
145	7092	western_europe	1	unique_finite
145	7094	germany	1	unique_finite
145	7102	germany	1	unique_finite
145	7126	admixed	1	unique_finite
145	7143	germany	1	unique_finite
145	7147	admixed	1	unique_finite
145	7158	central_europe	1	unique_finite
145	7163	admixed	1	unique_finite
145	7164	south_sweden	1	unique_finite
145	7165	germany	1	unique_finite
145	7169	admixed	1	unique_finite
145	7181	admixed	1	unique_finite
145	7186	central_europe	1	unique_finite
145	7199	germany	1	unique_finite
145	7231	germany	1	unique_finite
145	7244	germany	1	unique_finite
145	7255	germany	1	unique_finite
145	7258	germany	1	unique_finite
145	7280	germany	1	unique_finite
145	7282	germany	1	unique_finite
145	7296	central_europe	1	unique_finite
145	7306	western_europe	1	unique_finite
145	7307	western_europe	1	unique_finite
145	7316	admixed	1	unique_finite
145	7320	western_europe	1	unique_finite
145	7333	central_europe	1	unique_finite
145	7337	germany	1	unique_finite
145	7343	south_sweden	1	unique_finite
145	7344	admixed	1	unique_finite
145	7346	south_sweden	1	unique_finite
145	7353	admixed	1	unique_finite
145	7354	south_sweden	1	unique_finite
145	7372	central_europe	1	unique_finite
145	7373	admixed	1	unique_finite
145	7378	admixed	1	unique_finite
145	7382	admixed	1	unique_finite
145	7384	admixed	1	unique_finite
145	7394	admixed	1	unique_finite
145	7411	central_europe	1	unique_finite
145	7418	admixed	1	unique_finite
145	7424	central_europe	1	unique_finite
145	7430	admixed	1	unique_finite
145	7460	central_europe	1	unique_finite
145	7477	admixed	1	unique_finite
145	7514	admixed	1	unique_finite
145	7515	germany	1	unique_finite
145	7516	germany	1	unique_finite
145	7520	central_europe	1	unique_finite
145	7521	central_europe	1	unique_finite
145	7523	germany	1	unique_finite
145	7525	germany	1	unique_finite
145	8214	western_europe	1	unique_finite
145	8222	south_sweden	1	unique_finite
145	8231	south_sweden	1	unique_finite
145	8235	central_europe	1	unique_finite
145	8236	central_europe	1	unique_finite
145	8239	germany	1	unique_finite
145	8240	south_sweden	1	unique_finite
145	8241	south_sweden	1	unique_finite
145	8242	south_sweden	1	unique_finite
145	8256	admixed	1	unique_finite
145	8264	spain	1	unique_finite
145	8283	south_sweden	1	unique_finite
145	8284	central_europe	1	unique_finite
145	8297	western_europe	1	unique_finite
145	8306	south_sweden	1	unique_finite
145	8311	central_europe	1	unique_finite
145	8326	south_sweden	1	unique_finite
145	8335	south_sweden	1	unique_finite
145	8343	admixed	1	unique_finite
145	8351	north_sweden	1	unique_finite
145	8354	asia	1	unique_finite
145	8365	central_europe	1	unique_finite
145	8376	north_sweden	1	unique_finite
145	8387	germany	1	unique_finite
145	8420	germany	1	unique_finite
145	8422	south_sweden	1	unique_finite
145	9939	relict	1	unique_finite
145	9942	spain	1	unique_finite
145	9943	spain	1	unique_finite
145	9944	relict	1	unique_finite
145	9945	admixed	1	unique_finite
145	9946	spain	1	unique_finite
145	9947	relict	1	unique_finite
145	9948	spain	1	unique_finite
145	9949	western_europe	1	unique_finite
145	9951	asia	1	unique_finite
145	9952	asia	1	unique_finite
145	9953	asia	1	unique_finite
145	9955	asia	1	unique_finite
145	9956	asia	1	unique_finite
145	9957	asia	1	unique_finite
145	9958	asia	1	unique_finite
145	9959	asia	1	unique_finite
145	9960	asia	1	unique_finite
145	9962	italy_balkan_caucasus	1	unique_finite
145	9963	italy_balkan_caucasus	1	unique_finite
145	9964	italy_balkan_caucasus	1	unique_finite
145	9965	italy_balkan_caucasus	1	unique_finite
145	9968	italy_balkan_caucasus	1	unique_finite
145	9969	italy_balkan_caucasus	1	unique_finite
145	9970	central_europe	1	unique_finite
145	9971	central_europe	1	unique_finite
145	9972	central_europe	1	unique_finite
145	9973	central_europe	1	unique_finite
145	9974	central_europe	1	unique_finite
145	9975	central_europe	1	unique_finite
145	9976	central_europe	1	unique_finite
145	9978	central_europe	1	unique_finite
145	9979	central_europe	1	unique_finite
145	9980	italy_balkan_caucasus	1	unique_finite
145	9981	italy_balkan_caucasus	1	unique_finite
145	9982	italy_balkan_caucasus	1	unique_finite
145	9983	admixed	1	unique_finite
145	9984	admixed	1	unique_finite
145	9985	italy_balkan_caucasus	1	unique_finite
145	9986	italy_balkan_caucasus	1	unique_finite
145	9987	italy_balkan_caucasus	1	unique_finite
145	9988	italy_balkan_caucasus	1	unique_finite
145	9990	italy_balkan_caucasus	1	unique_finite
145	9993	admixed	2	needs_resolution
145	9995	central_europe	1	unique_finite
145	9996	central_europe	1	unique_finite
145	9997	central_europe	1	unique_finite
145	9998	admixed	1	unique_finite
145	9999	central_europe	1	unique_finite
261	10001	western_europe	1	unique_finite
261	10002	western_europe	1	unique_finite
261	10004	italy_balkan_caucasus	1	unique_finite
261	10005	central_europe	1	unique_finite
261	10006	italy_balkan_caucasus	1	unique_finite
261	10008	asia	1	unique_finite
261	10009	asia	1	unique_finite
261	10010	asia	1	unique_finite
261	10011	asia	1	unique_finite
261	10012	italy_balkan_caucasus	1	unique_finite
261	10013	italy_balkan_caucasus	1	unique_finite
261	10014	italy_balkan_caucasus	1	unique_finite
261	10015	asia	1	unique_finite
261	10017	central_europe	1	unique_finite
261	10018	central_europe	1	unique_finite
261	1002	south_sweden	1	unique_finite
261	10020	central_europe	1	unique_finite
261	10022	admixed	1	unique_finite
261	10023	admixed	1	unique_finite
261	1061	south_sweden	1	unique_finite
261	1062	south_sweden	1	unique_finite
261	1063	south_sweden	1	unique_finite
261	1066	south_sweden	1	unique_finite
261	108	western_europe	1	unique_finite
261	1158	south_sweden	1	unique_finite
261	1254	north_sweden	1	unique_finite
261	1257	north_sweden	1	unique_finite
261	1317	admixed	1	unique_finite
261	139	western_europe	1	unique_finite
261	1552	north_sweden	1	unique_finite
261	159	western_europe	1	unique_finite
261	1829	germany	1	unique_finite
261	1853	germany	1	unique_finite
261	1872	germany	1	unique_finite
261	1890	asia	1	unique_finite
261	1925	germany	1	unique_finite
261	1954	germany	1	unique_finite
261	2016	admixed	1	unique_finite
261	2171	germany	1	unique_finite
261	2202	admixed	1	unique_finite
261	2276	admixed	1	unique_finite
261	2278	germany	1	unique_finite
261	2317	admixed	1	unique_finite
261	265	admixed	1	unique_finite
261	350	western_europe	1	unique_finite
261	351	western_europe	1	unique_finite
261	403	central_europe	1	unique_finite
261	410	central_europe	1	unique_finite
261	424	central_europe	1	unique_finite
261	428	central_europe	1	unique_finite
261	430	central_europe	1	unique_finite
261	4779	western_europe	1	unique_finite
261	4807	western_europe	1	unique_finite
261	4826	western_europe	1	unique_finite
261	4884	western_europe	1	unique_finite
261	4900	western_europe	1	unique_finite
261	4958	western_europe	1	unique_finite
261	5023	western_europe	1	unique_finite
261	5104	germany	1	unique_finite
261	5151	admixed	1	unique_finite
261	5165	admixed	1	unique_finite
261	5210	western_europe	1	unique_finite
261	5236	western_europe	1	unique_finite
261	5253	western_europe	1	unique_finite
261	5276	western_europe	1	unique_finite
261	5349	western_europe	1	unique_finite
261	5353	western_europe	1	unique_finite
261	5486	germany	1	unique_finite
261	5577	western_europe	1	unique_finite
261	5644	western_europe	1	unique_finite
261	5720	admixed	1	unique_finite
261	5726	western_europe	1	unique_finite
261	5741	western_europe	1	unique_finite
261	5748	germany	1	unique_finite
261	5757	admixed	1	unique_finite
261	5768	admixed	1	unique_finite
261	5772	admixed	1	unique_finite
261	5779	western_europe	1	unique_finite
261	5784	admixed	1	unique_finite
261	5800	germany	1	unique_finite
261	5811	admixed	1	unique_finite
261	5822	admixed	1	unique_finite
261	5830	south_sweden	1	unique_finite
261	5831	south_sweden	1	unique_finite
261	5832	south_sweden	1	unique_finite
261	5837	central_europe	1	unique_finite
261	5856	north_sweden	1	unique_finite
261	5865	south_sweden	1	unique_finite
261	5867	south_sweden	1	unique_finite
261	5874	central_europe	1	unique_finite
261	5890	central_europe	1	unique_finite
261	5893	central_europe	1	unique_finite
261	5907	central_europe	1	unique_finite
261	5921	central_europe	1	unique_finite
261	5950	central_europe	1	unique_finite
261	5984	central_europe	1	unique_finite
261	5993	central_europe	1	unique_finite
261	6008	central_europe	1	unique_finite
261	6009	north_sweden	1	unique_finite
261	6011	north_sweden	1	unique_finite
261	6012	north_sweden	1	unique_finite
261	6013	north_sweden	1	unique_finite
261	6016	north_sweden	1	unique_finite
261	6017	north_sweden	1	unique_finite
261	6019	south_sweden	1	unique_finite
261	6020	south_sweden	1	unique_finite
261	6021	south_sweden	1	unique_finite
261	6023	south_sweden	1	unique_finite
261	6024	south_sweden	1	unique_finite
261	6025	north_sweden	1	unique_finite
261	6030	north_sweden	1	unique_finite
261	6034	south_sweden	1	unique_finite
261	6035	south_sweden	1	unique_finite
261	6036	south_sweden	1	unique_finite
261	6038	south_sweden	1	unique_finite
261	6039	admixed	1	unique_finite
261	6040	south_sweden	1	unique_finite
261	6041	south_sweden	1	unique_finite
261	6042	admixed	1	unique_finite
261	6043	north_sweden	1	unique_finite
261	6046	north_sweden	1	unique_finite
261	6064	north_sweden	1	unique_finite
261	6069	north_sweden	1	unique_finite
261	6070	north_sweden	1	unique_finite
261	6071	north_sweden	1	unique_finite
261	6073	south_sweden	1	unique_finite
261	6074	south_sweden	1	unique_finite
261	6076	south_sweden	1	unique_finite
261	6085	south_sweden	1	unique_finite
261	6086	admixed	1	unique_finite
261	6088	south_sweden	1	unique_finite
261	6090	south_sweden	1	unique_finite
261	6092	south_sweden	1	unique_finite
261	6094	south_sweden	1	unique_finite
261	6097	south_sweden	1	unique_finite
261	6098	south_sweden	1	unique_finite
261	6099	south_sweden	1	unique_finite
261	6100	south_sweden	1	unique_finite
261	6102	south_sweden	1	unique_finite
261	6104	south_sweden	1	unique_finite
261	6105	south_sweden	1	unique_finite
261	6106	south_sweden	1	unique_finite
261	6107	south_sweden	1	unique_finite
261	6108	western_europe	1	unique_finite
261	6109	south_sweden	1	unique_finite
261	6111	south_sweden	1	unique_finite
261	6112	south_sweden	1	unique_finite
261	6113	south_sweden	1	unique_finite
261	6114	south_sweden	1	unique_finite
261	6115	south_sweden	1	unique_finite
261	6118	south_sweden	1	unique_finite
261	6122	south_sweden	1	unique_finite
261	6124	south_sweden	1	unique_finite
261	6125	south_sweden	1	unique_finite
261	6126	south_sweden	1	unique_finite
261	6128	south_sweden	1	unique_finite
261	6131	south_sweden	1	unique_finite
261	6132	south_sweden	1	unique_finite
261	6133	south_sweden	1	unique_finite
261	6134	south_sweden	1	unique_finite
261	6136	south_sweden	1	unique_finite
261	6137	south_sweden	1	unique_finite
261	6138	south_sweden	1	unique_finite
261	6140	south_sweden	1	unique_finite
261	6142	south_sweden	1	unique_finite
261	6145	south_sweden	1	unique_finite
261	6148	south_sweden	1	unique_finite
261	6149	south_sweden	1	unique_finite
261	6150	south_sweden	1	unique_finite
261	6151	south_sweden	1	unique_finite
261	6153	north_sweden	1	unique_finite
261	6154	north_sweden	1	unique_finite
261	6163	north_sweden	1	unique_finite
261	6166	north_sweden	1	unique_finite
261	6169	north_sweden	1	unique_finite
261	6172	north_sweden	1	unique_finite
261	6173	north_sweden	1	unique_finite
261	6174	north_sweden	1	unique_finite
261	6177	north_sweden	1	unique_finite
261	6180	germany	1	unique_finite
261	6184	north_sweden	1	unique_finite
261	6188	south_sweden	1	unique_finite
261	6189	south_sweden	1	unique_finite
261	6191	south_sweden	1	unique_finite
261	6192	south_sweden	1	unique_finite
261	6193	south_sweden	1	unique_finite
261	6194	south_sweden	1	unique_finite
261	6195	south_sweden	1	unique_finite
261	6198	south_sweden	1	unique_finite
261	6201	south_sweden	1	unique_finite
261	6202	south_sweden	1	unique_finite
261	6203	south_sweden	1	unique_finite
261	6209	north_sweden	1	unique_finite
261	6210	north_sweden	1	unique_finite
261	6216	north_sweden	1	unique_finite
261	6217	north_sweden	1	unique_finite
261	6218	north_sweden	1	unique_finite
261	6220	north_sweden	1	unique_finite
261	6221	north_sweden	1	unique_finite
261	6231	north_sweden	1	unique_finite
261	6235	north_sweden	1	unique_finite
261	6237	north_sweden	1	unique_finite
261	6238	north_sweden	1	unique_finite
261	6240	north_sweden	1	unique_finite
261	6241	north_sweden	1	unique_finite
261	6242	south_sweden	1	unique_finite
261	6243	central_europe	1	unique_finite
261	6244	north_sweden	1	unique_finite
261	6252	germany	1	unique_finite
261	6255	germany	1	unique_finite
261	6258	admixed	1	unique_finite
261	6268	germany	1	unique_finite
261	6276	germany	1	unique_finite
261	6284	south_sweden	1	unique_finite
261	6296	central_europe	1	unique_finite
261	630	western_europe	1	unique_finite
261	6390	central_europe	1	unique_finite
261	6396	central_europe	1	unique_finite
261	6413	south_sweden	1	unique_finite
261	6424	central_europe	1	unique_finite
261	6434	admixed	1	unique_finite
261	6445	central_europe	1	unique_finite
261	6680	western_europe	1	unique_finite
261	6744	germany	1	unique_finite
261	6830	admixed	1	unique_finite
261	6897	western_europe	1	unique_finite
261	6898	admixed	1	unique_finite
261	6900	north_sweden	1	unique_finite
261	6901	north_sweden	1	unique_finite
261	6903	central_europe	1	unique_finite
261	6904	western_europe	1	unique_finite
261	6907	admixed	1	unique_finite
261	6908	western_europe	1	unique_finite
261	6909	germany	1	unique_finite
261	6911	relict	1	unique_finite
261	6913	north_sweden	1	unique_finite
261	6915	germany	1	unique_finite
261	6917	north_sweden	1	unique_finite
261	6918	north_sweden	1	unique_finite
261	6919	central_europe	1	unique_finite
261	6920	admixed	1	unique_finite
261	6922	germany	1	unique_finite
261	6923	western_europe	1	unique_finite
261	6924	western_europe	1	unique_finite
261	6926	western_europe	1	unique_finite
261	6927	germany	1	unique_finite
261	6929	asia	1	unique_finite
261	6931	asia	1	unique_finite
261	6932	admixed	1	unique_finite
261	6933	spain	1	unique_finite
261	6938	asia	1	unique_finite
261	6940	germany	1	unique_finite
261	6943	western_europe	1	unique_finite
261	6944	western_europe	1	unique_finite
261	6945	germany	1	unique_finite
261	6951	central_europe	1	unique_finite
261	6956	central_europe	1	unique_finite
261	6957	central_europe	1	unique_finite
261	6958	western_europe	1	unique_finite
261	6959	western_europe	1	unique_finite
261	6960	western_europe	1	unique_finite
261	6961	spain	1	unique_finite
261	6963	asia	1	unique_finite
261	6966	western_europe	1	unique_finite
261	6967	western_europe	1	unique_finite
261	6968	north_sweden	1	unique_finite
261	6969	north_sweden	1	unique_finite
261	6970	spain	1	unique_finite
261	6971	spain	1	unique_finite
261	6973	germany	1	unique_finite
261	6974	south_sweden	1	unique_finite
261	6975	central_europe	1	unique_finite
261	6976	central_europe	1	unique_finite
261	6979	central_europe	1	unique_finite
261	6981	admixed	1	unique_finite
261	6982	germany	1	unique_finite
261	6984	central_europe	1	unique_finite
261	6986	western_europe	1	unique_finite
261	6987	admixed	1	unique_finite
261	6989	western_europe	1	unique_finite
261	6990	admixed	1	unique_finite
261	6992	admixed	1	unique_finite
261	6997	germany	1	unique_finite
261	7000	germany	1	unique_finite
261	7002	germany	1	unique_finite
261	7003	admixed	1	unique_finite
261	7008	germany	1	unique_finite
261	7013	south_sweden	1	unique_finite
261	7014	germany	1	unique_finite
261	7025	central_europe	1	unique_finite
261	7026	western_europe	1	unique_finite
261	7028	admixed	1	unique_finite
261	7031	germany	1	unique_finite
261	7033	germany	1	unique_finite
261	7036	germany	1	unique_finite
261	7058	admixed	1	unique_finite
261	7061	admixed	1	unique_finite
261	7062	germany	1	unique_finite
261	7063	relict	1	unique_finite
261	7064	western_europe	1	unique_finite
261	7067	central_europe	1	unique_finite
261	7068	italy_balkan_caucasus	1	unique_finite
261	7071	western_europe	1	unique_finite
261	7072	admixed	1	unique_finite
261	7077	italy_balkan_caucasus	1	unique_finite
261	7081	spain	1	unique_finite
261	7092	western_europe	1	unique_finite
261	7094	germany	1	unique_finite
261	7096	admixed	1	unique_finite
261	7102	germany	1	unique_finite
261	7103	central_europe	1	unique_finite
261	7106	central_europe	1	unique_finite
261	7107	western_europe	1	unique_finite
261	7109	western_europe	1	unique_finite
261	7111	admixed	1	unique_finite
261	7117	germany	1	unique_finite
261	7119	germany	1	unique_finite
261	7120	central_europe	1	unique_finite
261	7125	germany	1	unique_finite
261	7126	admixed	1	unique_finite
261	7127	admixed	1	unique_finite
261	7130	western_europe	1	unique_finite
261	7133	germany	1	unique_finite
261	7138	admixed	1	unique_finite
261	7143	germany	1	unique_finite
261	7147	admixed	1	unique_finite
261	7158	central_europe	1	unique_finite
261	7160	germany	1	unique_finite
261	7161	germany	1	unique_finite
261	7162	germany	1	unique_finite
261	7163	admixed	1	unique_finite
261	7164	south_sweden	1	unique_finite
261	7165	germany	1	unique_finite
261	7169	admixed	1	unique_finite
261	7177	central_europe	1	unique_finite
261	7181	admixed	1	unique_finite
261	7186	central_europe	1	unique_finite
261	7192	germany	1	unique_finite
261	7199	germany	1	unique_finite
261	7202	germany	1	unique_finite
261	7203	central_europe	1	unique_finite
261	7207	central_europe	1	unique_finite
261	7208	germany	1	unique_finite
261	7209	admixed	1	unique_finite
261	7213	admixed	1	unique_finite
261	7217	western_europe	1	unique_finite
261	7218	admixed	1	unique_finite
261	7223	central_europe	1	unique_finite
261	7231	germany	1	unique_finite
261	7236	central_europe	1	unique_finite
261	7244	germany	1	unique_finite
261	7248	germany	1	unique_finite
261	7250	germany	1	unique_finite
261	7255	germany	1	unique_finite
261	7258	germany	1	unique_finite
261	7268	admixed	1	unique_finite
261	7273	central_europe	1	unique_finite
261	7276	germany	1	unique_finite
261	7280	germany	1	unique_finite
261	7282	germany	1	unique_finite
261	7287	germany	1	unique_finite
261	7288	admixed	1	unique_finite
261	7296	central_europe	1	unique_finite
261	7298	central_europe	1	unique_finite
261	7305	admixed	1	unique_finite
261	7306	western_europe	1	unique_finite
261	7307	western_europe	1	unique_finite
261	7314	admixed	1	unique_finite
261	7316	admixed	1	unique_finite
261	7319	admixed	1	unique_finite
261	7320	western_europe	1	unique_finite
261	7322	germany	1	unique_finite
261	7323	asia	1	unique_finite
261	7327	spain	1	unique_finite
261	7328	spain	1	unique_finite
261	7332	western_europe	1	unique_finite
261	7333	central_europe	1	unique_finite
261	7337	germany	1	unique_finite
261	7342	admixed	1	unique_finite
261	7343	south_sweden	1	unique_finite
261	7344	admixed	1	unique_finite
261	7346	south_sweden	1	unique_finite
261	7347	central_europe	1	unique_finite
261	7349	central_europe	1	unique_finite
261	7350	central_europe	1	unique_finite
261	7353	admixed	1	unique_finite
261	7354	south_sweden	1	unique_finite
261	7356	germany	1	unique_finite
261	7372	central_europe	1	unique_finite
261	7373	admixed	1	unique_finite
261	7377	germany	1	unique_finite
261	7378	admixed	1	unique_finite
261	7382	admixed	1	unique_finite
261	7383	western_europe	1	unique_finite
261	7384	admixed	1	unique_finite
261	7387	western_europe	1	unique_finite
261	7394	admixed	1	unique_finite
261	7396	central_europe	1	unique_finite
261	7404	admixed	1	unique_finite
261	7411	central_europe	1	unique_finite
261	7413	central_europe	1	unique_finite
261	7415	germany	1	unique_finite
261	7416	germany	1	unique_finite
261	7417	western_europe	1	unique_finite
261	7418	admixed	1	unique_finite
261	7419	germany	1	unique_finite
261	7424	central_europe	1	unique_finite
261	7427	central_europe	1	unique_finite
261	7430	admixed	1	unique_finite
261	7460	central_europe	1	unique_finite
261	7461	germany	1	unique_finite
261	7471	admixed	1	unique_finite
261	7477	admixed	1	unique_finite
261	7514	admixed	1	unique_finite
261	7515	germany	1	unique_finite
261	7516	germany	1	unique_finite
261	7517	germany	1	unique_finite
261	7520	central_europe	1	unique_finite
261	7521	central_europe	1	unique_finite
261	7523	germany	1	unique_finite
261	7525	germany	1	unique_finite
261	763	asia	1	unique_finite
261	765	asia	1	unique_finite
261	766	asia	1	unique_finite
261	768	asia	1	unique_finite
261	7717	germany	1	unique_finite
261	772	asia	1	unique_finite
261	7917	germany	1	unique_finite
261	7947	germany	1	unique_finite
261	801	germany	1	unique_finite
261	8077	germany	1	unique_finite
261	8132	germany	1	unique_finite
261	8214	western_europe	1	unique_finite
261	8222	south_sweden	1	unique_finite
261	8227	north_sweden	1	unique_finite
261	8230	south_sweden	1	unique_finite
261	8231	south_sweden	1	unique_finite
261	8233	germany	1	unique_finite
261	8234	south_sweden	1	unique_finite
261	8235	central_europe	1	unique_finite
261	8236	central_europe	1	unique_finite
261	8237	south_sweden	1	unique_finite
261	8238	germany	1	unique_finite
261	8239	germany	1	unique_finite
261	8240	south_sweden	1	unique_finite
261	8241	south_sweden	1	unique_finite
261	8242	south_sweden	1	unique_finite
261	8243	western_europe	1	unique_finite
261	8244	western_europe	1	unique_finite
261	8246	germany	1	unique_finite
261	8247	south_sweden	1	unique_finite
261	8249	south_sweden	1	unique_finite
261	8256	admixed	1	unique_finite
261	8258	south_sweden	1	unique_finite
261	8259	south_sweden	1	unique_finite
261	8264	spain	1	unique_finite
261	8283	south_sweden	1	unique_finite
261	8284	central_europe	1	unique_finite
261	8285	central_europe	1	unique_finite
261	8290	central_europe	1	unique_finite
261	8297	western_europe	1	unique_finite
261	8306	south_sweden	1	unique_finite
261	8307	south_sweden	1	unique_finite
261	8311	central_europe	1	unique_finite
261	8312	germany	1	unique_finite
261	8326	south_sweden	1	unique_finite
261	8334	admixed	1	unique_finite
261	8335	south_sweden	1	unique_finite
261	8337	western_europe	1	unique_finite
261	8343	admixed	1	unique_finite
261	8351	north_sweden	1	unique_finite
261	8354	asia	1	unique_finite
261	8357	spain	1	unique_finite
261	8365	central_europe	1	unique_finite
261	8366	admixed	1	unique_finite
261	8369	south_sweden	1	unique_finite
261	8376	north_sweden	1	unique_finite
261	8386	central_europe	1	unique_finite
261	8387	germany	1	unique_finite
261	8419	central_europe	1	unique_finite
261	8420	germany	1	unique_finite
261	8422	south_sweden	1	unique_finite
261	8424	asia	2	needs_resolution
261	8426	south_sweden	1	unique_finite
261	870	germany	1	unique_finite
261	88	western_europe	1	unique_finite
261	9057	south_sweden	1	unique_finite
261	9058	admixed	1	unique_finite
261	9067	italy_balkan_caucasus	1	unique_finite
261	9069	italy_balkan_caucasus	1	unique_finite
261	9070	italy_balkan_caucasus	1	unique_finite
261	9075	italy_balkan_caucasus	1	unique_finite
261	9078	italy_balkan_caucasus	1	unique_finite
261	9079	italy_balkan_caucasus	1	unique_finite
261	9081	italy_balkan_caucasus	1	unique_finite
261	9084	italy_balkan_caucasus	1	unique_finite
261	9085	italy_balkan_caucasus	1	unique_finite
261	9089	italy_balkan_caucasus	1	unique_finite
261	9091	italy_balkan_caucasus	1	unique_finite
261	9095	italy_balkan_caucasus	1	unique_finite
261	9099	italy_balkan_caucasus	1	unique_finite
261	9100	italy_balkan_caucasus	1	unique_finite
261	9102	italy_balkan_caucasus	1	unique_finite
261	9103	italy_balkan_caucasus	1	unique_finite
261	9104	italy_balkan_caucasus	1	unique_finite
261	9105	italy_balkan_caucasus	1	unique_finite
261	9106	italy_balkan_caucasus	1	unique_finite
261	9111	italy_balkan_caucasus	1	unique_finite
261	9113	italy_balkan_caucasus	1	unique_finite
261	9114	italy_balkan_caucasus	1	unique_finite
261	9115	italy_balkan_caucasus	1	unique_finite
261	9121	italy_balkan_caucasus	1	unique_finite
261	9125	asia	1	unique_finite
261	9128	asia	1	unique_finite
261	9130	asia	1	unique_finite
261	9131	asia	1	unique_finite
261	9133	asia	1	unique_finite
261	9134	asia	1	unique_finite
261	915	germany	1	unique_finite
261	9298	western_europe	1	unique_finite
261	9312	western_europe	1	unique_finite
261	9314	western_europe	1	unique_finite
261	932	western_europe	1	unique_finite
261	9321	north_sweden	1	unique_finite
261	9323	north_sweden	1	unique_finite
261	9332	north_sweden	1	unique_finite
261	9336	admixed	1	unique_finite
261	9339	south_sweden	1	unique_finite
261	9343	admixed	1	unique_finite
261	9352	south_sweden	1	unique_finite
261	9353	south_sweden	1	unique_finite
261	9363	north_sweden	1	unique_finite
261	9369	south_sweden	1	unique_finite
261	9371	north_sweden	1	unique_finite
261	9380	south_sweden	1	unique_finite
261	9381	admixed	1	unique_finite
261	9382	admixed	1	unique_finite
261	9383	admixed	1	unique_finite
261	9386	north_sweden	1	unique_finite
261	9388	north_sweden	1	unique_finite
261	9390	south_sweden	1	unique_finite
261	9391	south_sweden	1	unique_finite
261	9392	south_sweden	1	unique_finite
261	9394	admixed	1	unique_finite
261	9395	south_sweden	1	unique_finite
261	9399	south_sweden	1	unique_finite
261	9402	south_sweden	1	unique_finite
261	9404	south_sweden	1	unique_finite
261	9405	south_sweden	1	unique_finite
261	9407	south_sweden	1	unique_finite
261	9408	south_sweden	1	unique_finite
261	9409	south_sweden	1	unique_finite
261	9412	south_sweden	1	unique_finite
261	9413	south_sweden	1	unique_finite
261	9416	south_sweden	1	unique_finite
261	9421	south_sweden	1	unique_finite
261	9427	north_sweden	1	unique_finite
261	9433	north_sweden	1	unique_finite
261	9436	south_sweden	1	unique_finite
261	9437	south_sweden	1	unique_finite
261	9442	germany	1	unique_finite
261	9450	south_sweden	1	unique_finite
261	9451	south_sweden	1	unique_finite
261	9452	south_sweden	1	unique_finite
261	9453	south_sweden	1	unique_finite
261	9454	south_sweden	1	unique_finite
261	9455	south_sweden	1	unique_finite
261	9470	south_sweden	1	unique_finite
261	9476	germany	1	unique_finite
261	9481	south_sweden	1	unique_finite
261	9503	western_europe	1	unique_finite
261	9506	admixed	1	unique_finite
261	9507	spain	1	unique_finite
261	9508	admixed	1	unique_finite
261	9509	spain	1	unique_finite
261	9510	spain	1	unique_finite
261	9511	spain	1	unique_finite
261	9512	spain	1	unique_finite
261	9513	admixed	1	unique_finite
261	9514	spain	1	unique_finite
261	9515	spain	1	unique_finite
261	9517	western_europe	1	unique_finite
261	9518	spain	1	unique_finite
261	9519	spain	1	unique_finite
261	9520	spain	1	unique_finite
261	9521	spain	1	unique_finite
261	9522	spain	1	unique_finite
261	9523	admixed	1	unique_finite
261	9524	spain	1	unique_finite
261	9525	spain	1	unique_finite
261	9526	spain	1	unique_finite
261	9527	admixed	1	unique_finite
261	9528	spain	1	unique_finite
261	9529	admixed	1	unique_finite
261	9530	admixed	1	unique_finite
261	9531	spain	1	unique_finite
261	9532	spain	1	unique_finite
261	9533	relict	1	unique_finite
261	9534	spain	1	unique_finite
261	9535	spain	1	unique_finite
261	9536	admixed	1	unique_finite
261	9537	spain	1	unique_finite
261	9539	spain	1	unique_finite
261	9540	spain	1	unique_finite
261	9541	spain	1	unique_finite
261	9542	relict	1	unique_finite
261	9543	relict	1	unique_finite
261	9544	spain	1	unique_finite
261	9545	relict	1	unique_finite
261	9546	spain	1	unique_finite
261	9547	spain	1	unique_finite
261	9548	admixed	1	unique_finite
261	9549	relict	1	unique_finite
261	9550	relict	1	unique_finite
261	9551	admixed	1	unique_finite
261	9552	admixed	1	unique_finite
261	9553	spain	1	unique_finite
261	9554	relict	1	unique_finite
261	9555	relict	1	unique_finite
261	9556	spain	1	unique_finite
261	9557	spain	1	unique_finite
261	9558	admixed	1	unique_finite
261	9559	admixed	1	unique_finite
261	9560	spain	1	unique_finite
261	9561	admixed	1	unique_finite
261	9562	spain	1	unique_finite
261	9564	spain	1	unique_finite
261	9565	admixed	1	unique_finite
261	9567	spain	1	unique_finite
261	9568	spain	1	unique_finite
261	9569	western_europe	1	unique_finite
261	9571	western_europe	1	unique_finite
261	9573	spain	1	unique_finite
261	9574	relict	1	unique_finite
261	9576	admixed	1	unique_finite
261	9577	spain	1	unique_finite
261	9578	western_europe	1	unique_finite
261	9579	admixed	1	unique_finite
261	9581	admixed	1	unique_finite
261	9582	spain	1	unique_finite
261	9583	relict	1	unique_finite
261	9584	spain	1	unique_finite
261	9585	western_europe	1	unique_finite
261	9586	spain	1	unique_finite
261	9587	spain	1	unique_finite
261	9588	spain	1	unique_finite
261	9589	spain	1	unique_finite
261	9590	western_europe	1	unique_finite
261	9591	admixed	1	unique_finite
261	9592	admixed	1	unique_finite
261	9593	spain	1	unique_finite
261	9594	spain	1	unique_finite
261	9595	admixed	1	unique_finite
261	9596	admixed	1	unique_finite
261	9597	spain	1	unique_finite
261	9598	relict	1	unique_finite
261	9599	western_europe	1	unique_finite
261	9600	relict	1	unique_finite
261	9601	spain	1	unique_finite
261	9602	spain	1	unique_finite
261	9606	relict	1	unique_finite
261	9607	asia	1	unique_finite
261	9608	asia	1	unique_finite
261	9609	asia	1	unique_finite
261	9610	asia	1	unique_finite
261	9611	asia	1	unique_finite
261	9612	asia	1	unique_finite
261	9613	italy_balkan_caucasus	1	unique_finite
261	9615	asia	1	unique_finite
261	9616	asia	1	unique_finite
261	9617	asia	1	unique_finite
261	9619	asia	1	unique_finite
261	9620	asia	1	unique_finite
261	9621	asia	1	unique_finite
261	9622	admixed	1	unique_finite
261	9624	asia	1	unique_finite
261	9625	asia	1	unique_finite
261	9626	asia	1	unique_finite
261	9627	asia	1	unique_finite
261	9628	asia	1	unique_finite
261	9629	asia	1	unique_finite
261	9630	asia	1	unique_finite
261	9631	asia	1	unique_finite
261	9632	asia	1	unique_finite
261	9633	asia	1	unique_finite
261	9634	asia	1	unique_finite
261	9635	asia	1	unique_finite
261	9636	asia	1	unique_finite
261	9637	asia	1	unique_finite
261	9638	asia	1	unique_finite
261	9639	asia	1	unique_finite
261	9640	asia	1	unique_finite
261	9641	asia	1	unique_finite
261	9642	asia	1	unique_finite
261	9643	asia	1	unique_finite
261	9644	central_europe	1	unique_finite
261	9645	central_europe	1	unique_finite
261	9646	italy_balkan_caucasus	1	unique_finite
261	9647	italy_balkan_caucasus	1	unique_finite
261	9648	italy_balkan_caucasus	1	unique_finite
261	9649	italy_balkan_caucasus	1	unique_finite
261	9651	italy_balkan_caucasus	1	unique_finite
261	9653	italy_balkan_caucasus	1	unique_finite
261	9655	italy_balkan_caucasus	1	unique_finite
261	9656	italy_balkan_caucasus	1	unique_finite
261	9657	italy_balkan_caucasus	1	unique_finite
261	9658	italy_balkan_caucasus	1	unique_finite
261	9659	italy_balkan_caucasus	1	unique_finite
261	9660	italy_balkan_caucasus	1	unique_finite
261	9661	italy_balkan_caucasus	1	unique_finite
261	9663	admixed	1	unique_finite
261	9664	central_europe	1	unique_finite
261	9665	central_europe	1	unique_finite
261	9666	central_europe	1	unique_finite
261	9667	central_europe	1	unique_finite
261	9668	central_europe	1	unique_finite
261	9669	central_europe	1	unique_finite
261	9670	central_europe	1	unique_finite
261	9671	central_europe	1	unique_finite
261	9672	central_europe	1	unique_finite
261	9673	central_europe	1	unique_finite
261	9676	central_europe	1	unique_finite
261	9677	central_europe	1	unique_finite
261	9678	central_europe	1	unique_finite
261	9679	central_europe	1	unique_finite
261	9680	central_europe	1	unique_finite
261	9681	central_europe	1	unique_finite
261	9682	central_europe	1	unique_finite
261	9683	central_europe	1	unique_finite
261	9684	central_europe	1	unique_finite
261	9685	central_europe	1	unique_finite
261	9686	central_europe	1	unique_finite
261	9687	central_europe	1	unique_finite
261	9689	central_europe	1	unique_finite
261	9690	central_europe	1	unique_finite
261	9691	admixed	1	unique_finite
261	9692	central_europe	1	unique_finite
261	9693	central_europe	1	unique_finite
261	9694	central_europe	1	unique_finite
261	9695	central_europe	1	unique_finite
261	9696	central_europe	1	unique_finite
261	9697	italy_balkan_caucasus	1	unique_finite
261	9698	italy_balkan_caucasus	1	unique_finite
261	9699	italy_balkan_caucasus	1	unique_finite
261	9700	italy_balkan_caucasus	1	unique_finite
261	9701	italy_balkan_caucasus	1	unique_finite
261	9703	italy_balkan_caucasus	1	unique_finite
261	9704	italy_balkan_caucasus	1	unique_finite
261	9705	italy_balkan_caucasus	1	unique_finite
261	9706	italy_balkan_caucasus	1	unique_finite
261	9707	italy_balkan_caucasus	1	unique_finite
261	9708	italy_balkan_caucasus	1	unique_finite
261	9709	italy_balkan_caucasus	1	unique_finite
261	9710	italy_balkan_caucasus	1	unique_finite
261	9711	italy_balkan_caucasus	1	unique_finite
261	9712	italy_balkan_caucasus	1	unique_finite
261	9713	italy_balkan_caucasus	1	unique_finite
261	9714	italy_balkan_caucasus	1	unique_finite
261	9716	italy_balkan_caucasus	1	unique_finite
261	9717	italy_balkan_caucasus	1	unique_finite
261	9718	italy_balkan_caucasus	1	unique_finite
261	9719	italy_balkan_caucasus	1	unique_finite
261	9720	italy_balkan_caucasus	1	unique_finite
261	9721	italy_balkan_caucasus	1	unique_finite
261	9722	italy_balkan_caucasus	1	unique_finite
261	9723	italy_balkan_caucasus	1	unique_finite
261	9725	italy_balkan_caucasus	1	unique_finite
261	9726	italy_balkan_caucasus	1	unique_finite
261	9727	central_europe	1	unique_finite
261	9728	central_europe	1	unique_finite
261	9729	central_europe	1	unique_finite
261	9730	central_europe	1	unique_finite
261	9731	central_europe	1	unique_finite
261	9732	central_europe	1	unique_finite
261	9733	central_europe	1	unique_finite
261	9735	central_europe	1	unique_finite
261	9736	admixed	1	unique_finite
261	9737	asia	1	unique_finite
261	9738	admixed	1	unique_finite
261	9739	central_europe	1	unique_finite
261	9741	central_europe	1	unique_finite
261	9743	admixed	1	unique_finite
261	9744	admixed	1	unique_finite
261	9745	asia	1	unique_finite
261	9747	central_europe	1	unique_finite
261	9748	admixed	1	unique_finite
261	9749	italy_balkan_caucasus	1	unique_finite
261	9754	admixed	1	unique_finite
261	9755	italy_balkan_caucasus	1	unique_finite
261	9756	central_europe	1	unique_finite
261	9757	italy_balkan_caucasus	1	unique_finite
261	9758	asia	1	unique_finite
261	9759	italy_balkan_caucasus	1	unique_finite
261	9761	central_europe	1	unique_finite
261	9762	admixed	1	unique_finite
261	9764	admixed	1	unique_finite
261	9766	asia	1	unique_finite
261	9768	central_europe	1	unique_finite
261	9769	central_europe	1	unique_finite
261	9770	central_europe	1	unique_finite
261	9771	central_europe	1	unique_finite
261	9772	central_europe	1	unique_finite
261	9774	central_europe	1	unique_finite
261	9775	central_europe	1	unique_finite
261	9776	central_europe	1	unique_finite
261	9777	central_europe	1	unique_finite
261	9778	central_europe	1	unique_finite
261	9779	central_europe	1	unique_finite
261	9780	central_europe	1	unique_finite
261	9781	central_europe	1	unique_finite
261	9782	central_europe	1	unique_finite
261	9783	admixed	1	unique_finite
261	9784	central_europe	1	unique_finite
261	9785	central_europe	1	unique_finite
261	9786	central_europe	1	unique_finite
261	9787	central_europe	1	unique_finite
261	9788	central_europe	1	unique_finite
261	9789	central_europe	1	unique_finite
261	9790	central_europe	1	unique_finite
261	9791	central_europe	1	unique_finite
261	9792	central_europe	1	unique_finite
261	9793	central_europe	1	unique_finite
261	9794	central_europe	1	unique_finite
261	9795	central_europe	1	unique_finite
261	9796	central_europe	1	unique_finite
261	9797	central_europe	1	unique_finite
261	9798	central_europe	1	unique_finite
261	9799	central_europe	1	unique_finite
261	9800	central_europe	1	unique_finite
261	9801	central_europe	1	unique_finite
261	9802	central_europe	1	unique_finite
261	9803	central_europe	1	unique_finite
261	9804	central_europe	1	unique_finite
261	9805	central_europe	1	unique_finite
261	9806	central_europe	1	unique_finite
261	9807	central_europe	1	unique_finite
261	9808	central_europe	1	unique_finite
261	9809	western_europe	1	unique_finite
261	9810	central_europe	1	unique_finite
261	9811	central_europe	1	unique_finite
261	9812	central_europe	1	unique_finite
261	9813	central_europe	1	unique_finite
261	9814	central_europe	1	unique_finite
261	9815	central_europe	1	unique_finite
261	9816	central_europe	1	unique_finite
261	9817	spain	1	unique_finite
261	9819	spain	1	unique_finite
261	9820	spain	1	unique_finite
261	9821	spain	1	unique_finite
261	9822	spain	1	unique_finite
261	9823	western_europe	1	unique_finite
261	9824	admixed	1	unique_finite
261	9825	spain	1	unique_finite
261	9826	western_europe	1	unique_finite
261	9827	western_europe	1	unique_finite
261	9828	western_europe	1	unique_finite
261	9830	admixed	1	unique_finite
261	9831	admixed	1	unique_finite
261	9832	relict	1	unique_finite
261	9833	spain	1	unique_finite
261	9834	spain	1	unique_finite
261	9835	admixed	1	unique_finite
261	9836	spain	1	unique_finite
261	9837	relict	1	unique_finite
261	9838	admixed	1	unique_finite
261	9839	admixed	1	unique_finite
261	9840	spain	1	unique_finite
261	9841	spain	1	unique_finite
261	9843	spain	1	unique_finite
261	9844	spain	1	unique_finite
261	9845	spain	1	unique_finite
261	9846	spain	1	unique_finite
261	9847	western_europe	1	unique_finite
261	9848	spain	1	unique_finite
261	9849	admixed	1	unique_finite
261	9850	spain	1	unique_finite
261	9851	western_europe	1	unique_finite
261	9852	spain	1	unique_finite
261	9853	western_europe	1	unique_finite
261	9854	western_europe	1	unique_finite
261	9855	spain	1	unique_finite
261	9856	spain	1	unique_finite
261	9857	spain	1	unique_finite
261	9858	admixed	1	unique_finite
261	9859	spain	1	unique_finite
261	9860	spain	1	unique_finite
261	9861	spain	1	unique_finite
261	9862	western_europe	1	unique_finite
261	9864	spain	1	unique_finite
261	9866	spain	1	unique_finite
261	9867	spain	1	unique_finite
261	9868	spain	1	unique_finite
261	9869	relict	1	unique_finite
261	9870	spain	1	unique_finite
261	9871	relict	1	unique_finite
261	9873	spain	1	unique_finite
261	9874	spain	1	unique_finite
261	9875	western_europe	1	unique_finite
261	9876	spain	1	unique_finite
261	9877	admixed	1	unique_finite
261	9878	spain	1	unique_finite
261	9879	relict	1	unique_finite
261	9880	spain	1	unique_finite
261	9881	admixed	1	unique_finite
261	9882	spain	1	unique_finite
261	9883	spain	1	unique_finite
261	9885	spain	1	unique_finite
261	9886	spain	1	unique_finite
261	9887	relict	1	unique_finite
261	9888	spain	1	unique_finite
261	9890	admixed	1	unique_finite
261	9891	spain	1	unique_finite
261	9892	admixed	1	unique_finite
261	9894	admixed	1	unique_finite
261	9895	spain	1	unique_finite
261	9897	admixed	1	unique_finite
261	9898	spain	1	unique_finite
261	9899	spain	1	unique_finite
261	9900	spain	1	unique_finite
261	9901	spain	1	unique_finite
261	9902	spain	1	unique_finite
261	9903	spain	1	unique_finite
261	9904	spain	1	unique_finite
261	9905	relict	1	unique_finite
261	9906	admixed	1	unique_finite
261	9908	western_europe	1	unique_finite
261	9909	western_europe	1	unique_finite
261	991	south_sweden	1	unique_finite
261	9910	western_europe	1	unique_finite
261	9911	western_europe	1	unique_finite
261	9914	central_europe	1	unique_finite
261	9915	central_europe	1	unique_finite
261	9917	western_europe	1	unique_finite
261	9918	western_europe	1	unique_finite
261	992	south_sweden	1	unique_finite
261	9920	germany	1	unique_finite
261	9921	western_europe	1	unique_finite
261	9924	admixed	1	unique_finite
261	9925	western_europe	1	unique_finite
261	9926	western_europe	1	unique_finite
261	9927	western_europe	1	unique_finite
261	9928	western_europe	1	unique_finite
261	9929	western_europe	1	unique_finite
261	9930	central_europe	1	unique_finite
261	9932	admixed	1	unique_finite
261	9933	admixed	1	unique_finite
261	9935	western_europe	1	unique_finite
261	9937	western_europe	1	unique_finite
261	9938	western_europe	1	unique_finite
261	9939	relict	1	unique_finite
261	9941	western_europe	1	unique_finite
261	9942	spain	1	unique_finite
261	9943	spain	1	unique_finite
261	9944	relict	1	unique_finite
261	9945	admixed	1	unique_finite
261	9946	spain	1	unique_finite
261	9947	relict	1	unique_finite
261	9948	spain	1	unique_finite
261	9949	western_europe	1	unique_finite
261	9950	spain	1	unique_finite
261	9951	asia	1	unique_finite
261	9952	asia	1	unique_finite
261	9953	asia	1	unique_finite
261	9955	asia	1	unique_finite
261	9956	asia	1	unique_finite
261	9957	asia	1	unique_finite
261	9958	asia	1	unique_finite
261	9959	asia	1	unique_finite
261	9960	asia	1	unique_finite
261	9962	italy_balkan_caucasus	1	unique_finite
261	9963	italy_balkan_caucasus	1	unique_finite
261	9964	italy_balkan_caucasus	1	unique_finite
261	9965	italy_balkan_caucasus	1	unique_finite
261	9966	italy_balkan_caucasus	1	unique_finite
261	9968	italy_balkan_caucasus	1	unique_finite
261	9969	italy_balkan_caucasus	1	unique_finite
261	997	south_sweden	1	unique_finite
261	9970	central_europe	1	unique_finite
261	9971	central_europe	1	unique_finite
261	9972	central_europe	1	unique_finite
261	9973	central_europe	1	unique_finite
261	9974	central_europe	1	unique_finite
261	9975	central_europe	1	unique_finite
261	9976	central_europe	1	unique_finite
261	9978	central_europe	1	unique_finite
261	9979	central_europe	1	unique_finite
261	9980	italy_balkan_caucasus	1	unique_finite
261	9981	italy_balkan_caucasus	1	unique_finite
261	9982	italy_balkan_caucasus	1	unique_finite
261	9983	admixed	1	unique_finite
261	9984	admixed	1	unique_finite
261	9985	italy_balkan_caucasus	1	unique_finite
261	9986	italy_balkan_caucasus	1	unique_finite
261	9987	italy_balkan_caucasus	1	unique_finite
261	9988	italy_balkan_caucasus	1	unique_finite
261	9990	italy_balkan_caucasus	1	unique_finite
261	9991	italy_balkan_caucasus	1	unique_finite
261	9993	admixed	1	unique_finite
261	9995	central_europe	1	unique_finite
261	9996	central_europe	1	unique_finite
261	9997	central_europe	1	unique_finite
261	9998	admixed	1	unique_finite
261	9999	central_europe	1	unique_finite
262	10001	western_europe	1	unique_finite
262	10002	western_europe	1	unique_finite
262	10004	italy_balkan_caucasus	1	unique_finite
262	10005	central_europe	1	unique_finite
262	10006	italy_balkan_caucasus	1	unique_finite
262	10008	asia	1	unique_finite
262	10009	asia	1	unique_finite
262	10010	asia	1	unique_finite
262	10011	asia	1	unique_finite
262	10012	italy_balkan_caucasus	1	unique_finite
262	10013	italy_balkan_caucasus	1	unique_finite
262	10014	italy_balkan_caucasus	1	unique_finite
262	10015	asia	1	unique_finite
262	10017	central_europe	1	unique_finite
262	10018	central_europe	1	unique_finite
262	1002	south_sweden	1	unique_finite
262	10020	central_europe	1	unique_finite
262	10022	admixed	1	unique_finite
262	10023	admixed	1	unique_finite
262	1061	south_sweden	1	unique_finite
262	1062	south_sweden	1	unique_finite
262	1063	south_sweden	1	unique_finite
262	108	western_europe	1	unique_finite
262	1158	south_sweden	1	unique_finite
262	1254	north_sweden	1	unique_finite
262	1257	north_sweden	1	unique_finite
262	1317	admixed	1	unique_finite
262	139	western_europe	1	unique_finite
262	1552	north_sweden	1	unique_finite
262	159	western_europe	1	unique_finite
262	1829	germany	1	unique_finite
262	1853	germany	1	unique_finite
262	1872	germany	1	unique_finite
262	1890	asia	1	unique_finite
262	1925	germany	1	unique_finite
262	1954	germany	1	unique_finite
262	2016	admixed	1	unique_finite
262	2171	germany	1	unique_finite
262	2202	admixed	1	unique_finite
262	2276	admixed	1	unique_finite
262	2278	germany	1	unique_finite
262	2317	admixed	1	unique_finite
262	265	admixed	1	unique_finite
262	350	western_europe	1	unique_finite
262	351	western_europe	1	unique_finite
262	403	central_europe	1	unique_finite
262	410	central_europe	1	unique_finite
262	424	central_europe	1	unique_finite
262	428	central_europe	1	unique_finite
262	430	central_europe	1	unique_finite
262	4779	western_europe	1	unique_finite
262	4807	western_europe	1	unique_finite
262	4826	western_europe	1	unique_finite
262	4884	western_europe	1	unique_finite
262	4900	western_europe	1	unique_finite
262	4958	western_europe	1	unique_finite
262	5023	western_europe	1	unique_finite
262	5104	germany	1	unique_finite
262	5151	admixed	1	unique_finite
262	5165	admixed	1	unique_finite
262	5210	western_europe	1	unique_finite
262	5236	western_europe	1	unique_finite
262	5253	western_europe	1	unique_finite
262	5276	western_europe	1	unique_finite
262	5349	western_europe	1	unique_finite
262	5353	western_europe	1	unique_finite
262	5486	germany	1	unique_finite
262	5577	western_europe	1	unique_finite
262	5644	western_europe	1	unique_finite
262	5720	admixed	1	unique_finite
262	5726	western_europe	1	unique_finite
262	5741	western_europe	1	unique_finite
262	5748	germany	1	unique_finite
262	5757	admixed	1	unique_finite
262	5768	admixed	1	unique_finite
262	5772	admixed	1	unique_finite
262	5779	western_europe	1	unique_finite
262	5784	admixed	1	unique_finite
262	5800	germany	1	unique_finite
262	5811	admixed	1	unique_finite
262	5822	admixed	1	unique_finite
262	5830	south_sweden	1	unique_finite
262	5831	south_sweden	1	unique_finite
262	5832	south_sweden	1	unique_finite
262	5837	central_europe	1	unique_finite
262	5865	south_sweden	1	unique_finite
262	5874	central_europe	1	unique_finite
262	5890	central_europe	1	unique_finite
262	5893	central_europe	1	unique_finite
262	5907	central_europe	1	unique_finite
262	5921	central_europe	1	unique_finite
262	5950	central_europe	1	unique_finite
262	5984	central_europe	1	unique_finite
262	5993	central_europe	1	unique_finite
262	6008	central_europe	1	unique_finite
262	6009	north_sweden	1	unique_finite
262	6011	north_sweden	1	unique_finite
262	6012	north_sweden	1	unique_finite
262	6013	north_sweden	1	unique_finite
262	6016	north_sweden	1	unique_finite
262	6017	north_sweden	1	unique_finite
262	6020	south_sweden	1	unique_finite
262	6021	south_sweden	1	unique_finite
262	6023	south_sweden	1	unique_finite
262	6024	south_sweden	1	unique_finite
262	6030	north_sweden	1	unique_finite
262	6034	south_sweden	1	unique_finite
262	6035	south_sweden	1	unique_finite
262	6036	south_sweden	1	unique_finite
262	6038	south_sweden	1	unique_finite
262	6039	admixed	1	unique_finite
262	6040	south_sweden	1	unique_finite
262	6041	south_sweden	1	unique_finite
262	6042	admixed	1	unique_finite
262	6043	north_sweden	1	unique_finite
262	6046	north_sweden	1	unique_finite
262	6064	north_sweden	1	unique_finite
262	6069	north_sweden	1	unique_finite
262	6070	north_sweden	1	unique_finite
262	6071	north_sweden	1	unique_finite
262	6073	south_sweden	1	unique_finite
262	6074	south_sweden	1	unique_finite
262	6076	south_sweden	1	unique_finite
262	6085	south_sweden	1	unique_finite
262	6086	admixed	1	unique_finite
262	6088	south_sweden	1	unique_finite
262	6090	south_sweden	1	unique_finite
262	6092	south_sweden	1	unique_finite
262	6094	south_sweden	1	unique_finite
262	6097	south_sweden	1	unique_finite
262	6098	south_sweden	1	unique_finite
262	6099	south_sweden	1	unique_finite
262	6100	south_sweden	1	unique_finite
262	6102	south_sweden	1	unique_finite
262	6104	south_sweden	1	unique_finite
262	6105	south_sweden	1	unique_finite
262	6106	south_sweden	1	unique_finite
262	6107	south_sweden	1	unique_finite
262	6108	western_europe	1	unique_finite
262	6109	south_sweden	1	unique_finite
262	6111	south_sweden	1	unique_finite
262	6112	south_sweden	1	unique_finite
262	6114	south_sweden	1	unique_finite
262	6115	south_sweden	1	unique_finite
262	6118	south_sweden	1	unique_finite
262	6122	south_sweden	1	unique_finite
262	6124	south_sweden	1	unique_finite
262	6125	south_sweden	1	unique_finite
262	6126	south_sweden	1	unique_finite
262	6128	south_sweden	1	unique_finite
262	6131	south_sweden	1	unique_finite
262	6132	south_sweden	1	unique_finite
262	6133	south_sweden	1	unique_finite
262	6134	south_sweden	1	unique_finite
262	6136	south_sweden	1	unique_finite
262	6137	south_sweden	1	unique_finite
262	6138	south_sweden	1	unique_finite
262	6140	south_sweden	1	unique_finite
262	6142	south_sweden	1	unique_finite
262	6145	south_sweden	1	unique_finite
262	6148	south_sweden	1	unique_finite
262	6149	south_sweden	1	unique_finite
262	6150	south_sweden	1	unique_finite
262	6151	south_sweden	1	unique_finite
262	6153	north_sweden	1	unique_finite
262	6169	north_sweden	1	unique_finite
262	6172	north_sweden	1	unique_finite
262	6173	north_sweden	1	unique_finite
262	6174	north_sweden	1	unique_finite
262	6177	north_sweden	1	unique_finite
262	6180	germany	1	unique_finite
262	6184	north_sweden	1	unique_finite
262	6188	south_sweden	1	unique_finite
262	6189	south_sweden	1	unique_finite
262	6191	south_sweden	1	unique_finite
262	6192	south_sweden	1	unique_finite
262	6193	south_sweden	1	unique_finite
262	6194	south_sweden	1	unique_finite
262	6195	south_sweden	1	unique_finite
262	6198	south_sweden	1	unique_finite
262	6201	south_sweden	1	unique_finite
262	6202	south_sweden	1	unique_finite
262	6203	south_sweden	1	unique_finite
262	6209	north_sweden	1	unique_finite
262	6210	north_sweden	1	unique_finite
262	6217	north_sweden	1	unique_finite
262	6218	north_sweden	1	unique_finite
262	6220	north_sweden	1	unique_finite
262	6221	north_sweden	1	unique_finite
262	6237	north_sweden	1	unique_finite
262	6238	north_sweden	1	unique_finite
262	6240	north_sweden	1	unique_finite
262	6241	north_sweden	1	unique_finite
262	6242	south_sweden	1	unique_finite
262	6243	central_europe	1	unique_finite
262	6244	north_sweden	1	unique_finite
262	6258	admixed	1	unique_finite
262	6268	germany	1	unique_finite
262	6276	germany	1	unique_finite
262	6284	south_sweden	1	unique_finite
262	6296	central_europe	1	unique_finite
262	630	western_europe	1	unique_finite
262	6390	central_europe	1	unique_finite
262	6396	central_europe	1	unique_finite
262	6413	south_sweden	1	unique_finite
262	6424	central_europe	1	unique_finite
262	6434	admixed	1	unique_finite
262	6445	central_europe	1	unique_finite
262	6680	western_europe	1	unique_finite
262	6744	germany	1	unique_finite
262	6830	admixed	1	unique_finite
262	6897	western_europe	1	unique_finite
262	6898	admixed	1	unique_finite
262	6900	north_sweden	1	unique_finite
262	6901	north_sweden	1	unique_finite
262	6903	central_europe	1	unique_finite
262	6904	western_europe	1	unique_finite
262	6907	admixed	1	unique_finite
262	6908	western_europe	1	unique_finite
262	6909	germany	1	unique_finite
262	6911	relict	1	unique_finite
262	6915	germany	1	unique_finite
262	6919	central_europe	1	unique_finite
262	6920	admixed	1	unique_finite
262	6922	germany	1	unique_finite
262	6923	western_europe	1	unique_finite
262	6924	western_europe	1	unique_finite
262	6926	western_europe	1	unique_finite
262	6927	germany	1	unique_finite
262	6929	asia	1	unique_finite
262	6931	asia	1	unique_finite
262	6932	admixed	1	unique_finite
262	6933	spain	1	unique_finite
262	6938	asia	1	unique_finite
262	6940	germany	1	unique_finite
262	6943	western_europe	1	unique_finite
262	6944	western_europe	1	unique_finite
262	6945	germany	1	unique_finite
262	6951	central_europe	1	unique_finite
262	6956	central_europe	1	unique_finite
262	6957	central_europe	1	unique_finite
262	6958	western_europe	1	unique_finite
262	6959	western_europe	1	unique_finite
262	6960	western_europe	1	unique_finite
262	6961	spain	1	unique_finite
262	6963	asia	1	unique_finite
262	6966	western_europe	1	unique_finite
262	6967	western_europe	1	unique_finite
262	6968	north_sweden	1	unique_finite
262	6969	north_sweden	1	unique_finite
262	6970	spain	1	unique_finite
262	6971	spain	1	unique_finite
262	6973	germany	1	unique_finite
262	6974	south_sweden	1	unique_finite
262	6975	central_europe	1	unique_finite
262	6976	central_europe	1	unique_finite
262	6979	central_europe	1	unique_finite
262	6981	admixed	1	unique_finite
262	6982	germany	1	unique_finite
262	6984	central_europe	1	unique_finite
262	6986	western_europe	1	unique_finite
262	6987	admixed	1	unique_finite
262	6989	western_europe	1	unique_finite
262	6990	admixed	1	unique_finite
262	6992	admixed	1	unique_finite
262	6997	germany	1	unique_finite
262	7000	germany	1	unique_finite
262	7002	germany	1	unique_finite
262	7003	admixed	1	unique_finite
262	7008	germany	1	unique_finite
262	7013	south_sweden	1	unique_finite
262	7014	germany	1	unique_finite
262	7025	central_europe	1	unique_finite
262	7026	western_europe	1	unique_finite
262	7028	admixed	1	unique_finite
262	7031	germany	1	unique_finite
262	7033	germany	1	unique_finite
262	7036	germany	1	unique_finite
262	7058	admixed	1	unique_finite
262	7061	admixed	1	unique_finite
262	7062	germany	1	unique_finite
262	7063	relict	1	unique_finite
262	7064	western_europe	1	unique_finite
262	7067	central_europe	1	unique_finite
262	7068	italy_balkan_caucasus	1	unique_finite
262	7071	western_europe	1	unique_finite
262	7072	admixed	1	unique_finite
262	7077	italy_balkan_caucasus	1	unique_finite
262	7081	spain	1	unique_finite
262	7092	western_europe	1	unique_finite
262	7094	germany	1	unique_finite
262	7096	admixed	1	unique_finite
262	7102	germany	1	unique_finite
262	7103	central_europe	1	unique_finite
262	7106	central_europe	1	unique_finite
262	7107	western_europe	1	unique_finite
262	7109	western_europe	1	unique_finite
262	7117	germany	1	unique_finite
262	7119	germany	1	unique_finite
262	7120	central_europe	1	unique_finite
262	7125	germany	1	unique_finite
262	7126	admixed	1	unique_finite
262	7127	admixed	1	unique_finite
262	7130	western_europe	1	unique_finite
262	7133	germany	1	unique_finite
262	7138	admixed	1	unique_finite
262	7143	germany	1	unique_finite
262	7147	admixed	1	unique_finite
262	7158	central_europe	1	unique_finite
262	7160	germany	1	unique_finite
262	7161	germany	1	unique_finite
262	7162	germany	1	unique_finite
262	7163	admixed	1	unique_finite
262	7164	south_sweden	1	unique_finite
262	7165	germany	1	unique_finite
262	7169	admixed	1	unique_finite
262	7177	central_europe	1	unique_finite
262	7181	admixed	1	unique_finite
262	7186	central_europe	1	unique_finite
262	7192	germany	1	unique_finite
262	7199	germany	1	unique_finite
262	7202	germany	1	unique_finite
262	7203	central_europe	1	unique_finite
262	7207	central_europe	1	unique_finite
262	7208	germany	1	unique_finite
262	7209	admixed	1	unique_finite
262	7213	admixed	1	unique_finite
262	7217	western_europe	1	unique_finite
262	7218	admixed	1	unique_finite
262	7223	central_europe	1	unique_finite
262	7231	germany	1	unique_finite
262	7236	central_europe	1	unique_finite
262	7244	germany	1	unique_finite
262	7248	germany	1	unique_finite
262	7250	germany	1	unique_finite
262	7255	germany	1	unique_finite
262	7258	germany	1	unique_finite
262	7268	admixed	1	unique_finite
262	7273	central_europe	1	unique_finite
262	7276	germany	1	unique_finite
262	7280	germany	1	unique_finite
262	7282	germany	1	unique_finite
262	7287	germany	1	unique_finite
262	7288	admixed	1	unique_finite
262	7296	central_europe	1	unique_finite
262	7298	central_europe	1	unique_finite
262	7305	admixed	1	unique_finite
262	7306	western_europe	1	unique_finite
262	7307	western_europe	1	unique_finite
262	7314	admixed	1	unique_finite
262	7316	admixed	1	unique_finite
262	7319	admixed	1	unique_finite
262	7320	western_europe	1	unique_finite
262	7322	germany	1	unique_finite
262	7323	asia	1	unique_finite
262	7327	spain	1	unique_finite
262	7328	spain	1	unique_finite
262	7332	western_europe	1	unique_finite
262	7333	central_europe	1	unique_finite
262	7337	germany	1	unique_finite
262	7342	admixed	1	unique_finite
262	7343	south_sweden	1	unique_finite
262	7344	admixed	1	unique_finite
262	7346	south_sweden	1	unique_finite
262	7347	central_europe	1	unique_finite
262	7349	central_europe	1	unique_finite
262	7350	central_europe	1	unique_finite
262	7353	admixed	1	unique_finite
262	7354	south_sweden	1	unique_finite
262	7356	germany	1	unique_finite
262	7372	central_europe	1	unique_finite
262	7373	admixed	1	unique_finite
262	7377	germany	1	unique_finite
262	7378	admixed	1	unique_finite
262	7382	admixed	1	unique_finite
262	7383	western_europe	1	unique_finite
262	7384	admixed	1	unique_finite
262	7387	western_europe	1	unique_finite
262	7394	admixed	1	unique_finite
262	7396	central_europe	1	unique_finite
262	7404	admixed	1	unique_finite
262	7411	central_europe	1	unique_finite
262	7413	central_europe	1	unique_finite
262	7415	germany	1	unique_finite
262	7416	germany	1	unique_finite
262	7418	admixed	1	unique_finite
262	7419	germany	1	unique_finite
262	7424	central_europe	1	unique_finite
262	7427	central_europe	1	unique_finite
262	7430	admixed	1	unique_finite
262	7460	central_europe	1	unique_finite
262	7461	germany	1	unique_finite
262	7471	admixed	1	unique_finite
262	7477	admixed	1	unique_finite
262	7514	admixed	1	unique_finite
262	7515	germany	1	unique_finite
262	7516	germany	1	unique_finite
262	7517	germany	1	unique_finite
262	7520	central_europe	1	unique_finite
262	7521	central_europe	1	unique_finite
262	7523	germany	1	unique_finite
262	7525	germany	1	unique_finite
262	763	asia	1	unique_finite
262	765	asia	1	unique_finite
262	766	asia	1	unique_finite
262	768	asia	1	unique_finite
262	7717	germany	1	unique_finite
262	772	asia	1	unique_finite
262	7917	germany	1	unique_finite
262	7947	germany	1	unique_finite
262	801	germany	1	unique_finite
262	8077	germany	1	unique_finite
262	8132	germany	1	unique_finite
262	8214	western_europe	1	unique_finite
262	8222	south_sweden	1	unique_finite
262	8230	south_sweden	1	unique_finite
262	8231	south_sweden	1	unique_finite
262	8233	germany	1	unique_finite
262	8234	south_sweden	1	unique_finite
262	8235	central_europe	1	unique_finite
262	8236	central_europe	1	unique_finite
262	8237	south_sweden	1	unique_finite
262	8238	germany	1	unique_finite
262	8239	germany	1	unique_finite
262	8240	south_sweden	1	unique_finite
262	8241	south_sweden	1	unique_finite
262	8242	south_sweden	1	unique_finite
262	8243	western_europe	1	unique_finite
262	8244	western_europe	1	unique_finite
262	8246	germany	1	unique_finite
262	8247	south_sweden	1	unique_finite
262	8249	south_sweden	1	unique_finite
262	8256	admixed	1	unique_finite
262	8259	south_sweden	1	unique_finite
262	8264	spain	1	unique_finite
262	8283	south_sweden	1	unique_finite
262	8284	central_europe	1	unique_finite
262	8285	central_europe	1	unique_finite
262	8290	central_europe	1	unique_finite
262	8297	western_europe	1	unique_finite
262	8306	south_sweden	1	unique_finite
262	8307	south_sweden	1	unique_finite
262	8311	central_europe	1	unique_finite
262	8312	germany	1	unique_finite
262	8326	south_sweden	1	unique_finite
262	8334	admixed	1	unique_finite
262	8335	south_sweden	1	unique_finite
262	8337	western_europe	1	unique_finite
262	8343	admixed	1	unique_finite
262	8351	north_sweden	1	unique_finite
262	8354	asia	1	unique_finite
262	8357	spain	1	unique_finite
262	8365	central_europe	1	unique_finite
262	8366	admixed	1	unique_finite
262	8369	south_sweden	1	unique_finite
262	8376	north_sweden	1	unique_finite
262	8386	central_europe	1	unique_finite
262	8387	germany	1	unique_finite
262	8419	central_europe	1	unique_finite
262	8420	germany	1	unique_finite
262	8422	south_sweden	1	unique_finite
262	8424	asia	2	needs_resolution
262	8426	south_sweden	1	unique_finite
262	870	germany	1	unique_finite
262	88	western_europe	1	unique_finite
262	9057	south_sweden	1	unique_finite
262	9058	admixed	1	unique_finite
262	9067	italy_balkan_caucasus	1	unique_finite
262	9069	italy_balkan_caucasus	1	unique_finite
262	9070	italy_balkan_caucasus	1	unique_finite
262	9075	italy_balkan_caucasus	1	unique_finite
262	9078	italy_balkan_caucasus	1	unique_finite
262	9079	italy_balkan_caucasus	1	unique_finite
262	9081	italy_balkan_caucasus	1	unique_finite
262	9084	italy_balkan_caucasus	1	unique_finite
262	9085	italy_balkan_caucasus	1	unique_finite
262	9089	italy_balkan_caucasus	1	unique_finite
262	9091	italy_balkan_caucasus	1	unique_finite
262	9095	italy_balkan_caucasus	1	unique_finite
262	9099	italy_balkan_caucasus	1	unique_finite
262	9100	italy_balkan_caucasus	1	unique_finite
262	9102	italy_balkan_caucasus	1	unique_finite
262	9103	italy_balkan_caucasus	1	unique_finite
262	9104	italy_balkan_caucasus	1	unique_finite
262	9105	italy_balkan_caucasus	1	unique_finite
262	9106	italy_balkan_caucasus	1	unique_finite
262	9111	italy_balkan_caucasus	1	unique_finite
262	9113	italy_balkan_caucasus	1	unique_finite
262	9114	italy_balkan_caucasus	1	unique_finite
262	9115	italy_balkan_caucasus	1	unique_finite
262	9121	italy_balkan_caucasus	1	unique_finite
262	9125	asia	1	unique_finite
262	9128	asia	1	unique_finite
262	9130	asia	1	unique_finite
262	9131	asia	1	unique_finite
262	9133	asia	1	unique_finite
262	9134	asia	1	unique_finite
262	915	germany	1	unique_finite
262	9298	western_europe	1	unique_finite
262	9312	western_europe	1	unique_finite
262	9314	western_europe	1	unique_finite
262	932	western_europe	1	unique_finite
262	9321	north_sweden	1	unique_finite
262	9323	north_sweden	1	unique_finite
262	9332	north_sweden	1	unique_finite
262	9336	admixed	1	unique_finite
262	9339	south_sweden	1	unique_finite
262	9343	admixed	1	unique_finite
262	9352	south_sweden	1	unique_finite
262	9353	south_sweden	1	unique_finite
262	9369	south_sweden	1	unique_finite
262	9371	north_sweden	1	unique_finite
262	9380	south_sweden	1	unique_finite
262	9382	admixed	1	unique_finite
262	9383	admixed	1	unique_finite
262	9386	north_sweden	1	unique_finite
262	9388	north_sweden	1	unique_finite
262	9390	south_sweden	1	unique_finite
262	9391	south_sweden	1	unique_finite
262	9392	south_sweden	1	unique_finite
262	9394	admixed	1	unique_finite
262	9395	south_sweden	1	unique_finite
262	9399	south_sweden	1	unique_finite
262	9402	south_sweden	1	unique_finite
262	9404	south_sweden	1	unique_finite
262	9405	south_sweden	1	unique_finite
262	9407	south_sweden	1	unique_finite
262	9408	south_sweden	1	unique_finite
262	9409	south_sweden	1	unique_finite
262	9412	south_sweden	1	unique_finite
262	9413	south_sweden	1	unique_finite
262	9416	south_sweden	1	unique_finite
262	9421	south_sweden	1	unique_finite
262	9427	north_sweden	1	unique_finite
262	9433	north_sweden	1	unique_finite
262	9436	south_sweden	1	unique_finite
262	9437	south_sweden	1	unique_finite
262	9442	germany	1	unique_finite
262	9450	south_sweden	1	unique_finite
262	9451	south_sweden	1	unique_finite
262	9452	south_sweden	1	unique_finite
262	9453	south_sweden	1	unique_finite
262	9454	south_sweden	1	unique_finite
262	9455	south_sweden	1	unique_finite
262	9470	south_sweden	1	unique_finite
262	9476	germany	1	unique_finite
262	9481	south_sweden	1	unique_finite
262	9503	western_europe	1	unique_finite
262	9506	admixed	1	unique_finite
262	9507	spain	1	unique_finite
262	9508	admixed	1	unique_finite
262	9509	spain	1	unique_finite
262	9510	spain	1	unique_finite
262	9511	spain	1	unique_finite
262	9512	spain	1	unique_finite
262	9513	admixed	1	unique_finite
262	9514	spain	1	unique_finite
262	9515	spain	1	unique_finite
262	9517	western_europe	1	unique_finite
262	9518	spain	1	unique_finite
262	9519	spain	1	unique_finite
262	9520	spain	1	unique_finite
262	9521	spain	1	unique_finite
262	9522	spain	1	unique_finite
262	9523	admixed	1	unique_finite
262	9524	spain	1	unique_finite
262	9525	spain	1	unique_finite
262	9526	spain	1	unique_finite
262	9527	admixed	1	unique_finite
262	9528	spain	1	unique_finite
262	9529	admixed	1	unique_finite
262	9530	admixed	1	unique_finite
262	9531	spain	1	unique_finite
262	9532	spain	1	unique_finite
262	9533	relict	1	unique_finite
262	9534	spain	1	unique_finite
262	9535	spain	1	unique_finite
262	9536	admixed	1	unique_finite
262	9537	spain	1	unique_finite
262	9539	spain	1	unique_finite
262	9540	spain	1	unique_finite
262	9541	spain	1	unique_finite
262	9542	relict	1	unique_finite
262	9543	relict	1	unique_finite
262	9544	spain	1	unique_finite
262	9545	relict	1	unique_finite
262	9547	spain	1	unique_finite
262	9549	relict	1	unique_finite
262	9550	relict	1	unique_finite
262	9551	admixed	1	unique_finite
262	9553	spain	1	unique_finite
262	9554	relict	1	unique_finite
262	9555	relict	1	unique_finite
262	9556	spain	1	unique_finite
262	9557	spain	1	unique_finite
262	9558	admixed	1	unique_finite
262	9559	admixed	1	unique_finite
262	9560	spain	1	unique_finite
262	9561	admixed	1	unique_finite
262	9562	spain	1	unique_finite
262	9565	admixed	1	unique_finite
262	9567	spain	1	unique_finite
262	9568	spain	1	unique_finite
262	9569	western_europe	1	unique_finite
262	9571	western_europe	1	unique_finite
262	9573	spain	1	unique_finite
262	9576	admixed	1	unique_finite
262	9577	spain	1	unique_finite
262	9578	western_europe	1	unique_finite
262	9579	admixed	1	unique_finite
262	9581	admixed	1	unique_finite
262	9582	spain	1	unique_finite
262	9583	relict	1	unique_finite
262	9584	spain	1	unique_finite
262	9585	western_europe	1	unique_finite
262	9587	spain	1	unique_finite
262	9588	spain	1	unique_finite
262	9589	spain	1	unique_finite
262	9590	western_europe	1	unique_finite
262	9591	admixed	1	unique_finite
262	9592	admixed	1	unique_finite
262	9593	spain	1	unique_finite
262	9594	spain	1	unique_finite
262	9595	admixed	1	unique_finite
262	9596	admixed	1	unique_finite
262	9597	spain	1	unique_finite
262	9598	relict	1	unique_finite
262	9599	western_europe	1	unique_finite
262	9600	relict	1	unique_finite
262	9601	spain	1	unique_finite
262	9602	spain	1	unique_finite
262	9606	relict	1	unique_finite
262	9607	asia	1	unique_finite
262	9608	asia	1	unique_finite
262	9609	asia	1	unique_finite
262	9610	asia	1	unique_finite
262	9611	asia	1	unique_finite
262	9612	asia	1	unique_finite
262	9613	italy_balkan_caucasus	1	unique_finite
262	9615	asia	1	unique_finite
262	9616	asia	1	unique_finite
262	9617	asia	1	unique_finite
262	9619	asia	1	unique_finite
262	9620	asia	1	unique_finite
262	9621	asia	1	unique_finite
262	9622	admixed	1	unique_finite
262	9624	asia	1	unique_finite
262	9625	asia	1	unique_finite
262	9626	asia	1	unique_finite
262	9627	asia	1	unique_finite
262	9628	asia	1	unique_finite
262	9629	asia	1	unique_finite
262	9630	asia	1	unique_finite
262	9631	asia	1	unique_finite
262	9632	asia	1	unique_finite
262	9633	asia	1	unique_finite
262	9634	asia	1	unique_finite
262	9635	asia	1	unique_finite
262	9636	asia	1	unique_finite
262	9637	asia	1	unique_finite
262	9638	asia	1	unique_finite
262	9639	asia	1	unique_finite
262	9640	asia	1	unique_finite
262	9641	asia	1	unique_finite
262	9642	asia	1	unique_finite
262	9643	asia	1	unique_finite
262	9644	central_europe	1	unique_finite
262	9645	central_europe	1	unique_finite
262	9646	italy_balkan_caucasus	1	unique_finite
262	9647	italy_balkan_caucasus	1	unique_finite
262	9648	italy_balkan_caucasus	1	unique_finite
262	9649	italy_balkan_caucasus	1	unique_finite
262	9651	italy_balkan_caucasus	1	unique_finite
262	9653	italy_balkan_caucasus	1	unique_finite
262	9655	italy_balkan_caucasus	1	unique_finite
262	9656	italy_balkan_caucasus	1	unique_finite
262	9657	italy_balkan_caucasus	1	unique_finite
262	9658	italy_balkan_caucasus	1	unique_finite
262	9659	italy_balkan_caucasus	1	unique_finite
262	9660	italy_balkan_caucasus	1	unique_finite
262	9661	italy_balkan_caucasus	1	unique_finite
262	9663	admixed	1	unique_finite
262	9664	central_europe	1	unique_finite
262	9665	central_europe	1	unique_finite
262	9666	central_europe	1	unique_finite
262	9667	central_europe	1	unique_finite
262	9668	central_europe	1	unique_finite
262	9669	central_europe	1	unique_finite
262	9670	central_europe	1	unique_finite
262	9671	central_europe	1	unique_finite
262	9672	central_europe	1	unique_finite
262	9673	central_europe	1	unique_finite
262	9676	central_europe	1	unique_finite
262	9677	central_europe	1	unique_finite
262	9678	central_europe	1	unique_finite
262	9679	central_europe	1	unique_finite
262	9680	central_europe	1	unique_finite
262	9681	central_europe	1	unique_finite
262	9682	central_europe	1	unique_finite
262	9683	central_europe	1	unique_finite
262	9684	central_europe	1	unique_finite
262	9685	central_europe	1	unique_finite
262	9686	central_europe	1	unique_finite
262	9687	central_europe	1	unique_finite
262	9689	central_europe	1	unique_finite
262	9690	central_europe	1	unique_finite
262	9691	admixed	1	unique_finite
262	9692	central_europe	1	unique_finite
262	9693	central_europe	1	unique_finite
262	9694	central_europe	1	unique_finite
262	9695	central_europe	1	unique_finite
262	9696	central_europe	1	unique_finite
262	9697	italy_balkan_caucasus	1	unique_finite
262	9698	italy_balkan_caucasus	1	unique_finite
262	9699	italy_balkan_caucasus	1	unique_finite
262	9700	italy_balkan_caucasus	1	unique_finite
262	9701	italy_balkan_caucasus	1	unique_finite
262	9703	italy_balkan_caucasus	1	unique_finite
262	9704	italy_balkan_caucasus	1	unique_finite
262	9705	italy_balkan_caucasus	1	unique_finite
262	9706	italy_balkan_caucasus	1	unique_finite
262	9707	italy_balkan_caucasus	1	unique_finite
262	9708	italy_balkan_caucasus	1	unique_finite
262	9709	italy_balkan_caucasus	1	unique_finite
262	9710	italy_balkan_caucasus	1	unique_finite
262	9711	italy_balkan_caucasus	1	unique_finite
262	9712	italy_balkan_caucasus	1	unique_finite
262	9713	italy_balkan_caucasus	1	unique_finite
262	9714	italy_balkan_caucasus	1	unique_finite
262	9716	italy_balkan_caucasus	1	unique_finite
262	9717	italy_balkan_caucasus	1	unique_finite
262	9718	italy_balkan_caucasus	1	unique_finite
262	9719	italy_balkan_caucasus	1	unique_finite
262	9720	italy_balkan_caucasus	1	unique_finite
262	9721	italy_balkan_caucasus	1	unique_finite
262	9722	italy_balkan_caucasus	1	unique_finite
262	9723	italy_balkan_caucasus	1	unique_finite
262	9725	italy_balkan_caucasus	1	unique_finite
262	9726	italy_balkan_caucasus	1	unique_finite
262	9727	central_europe	1	unique_finite
262	9728	central_europe	1	unique_finite
262	9729	central_europe	1	unique_finite
262	9730	central_europe	1	unique_finite
262	9731	central_europe	1	unique_finite
262	9732	central_europe	1	unique_finite
262	9733	central_europe	1	unique_finite
262	9735	central_europe	1	unique_finite
262	9736	admixed	1	unique_finite
262	9737	asia	1	unique_finite
262	9738	admixed	1	unique_finite
262	9739	central_europe	1	unique_finite
262	9741	central_europe	1	unique_finite
262	9743	admixed	1	unique_finite
262	9744	admixed	1	unique_finite
262	9745	asia	1	unique_finite
262	9747	central_europe	1	unique_finite
262	9748	admixed	1	unique_finite
262	9749	italy_balkan_caucasus	1	unique_finite
262	9755	italy_balkan_caucasus	1	unique_finite
262	9756	central_europe	1	unique_finite
262	9757	italy_balkan_caucasus	1	unique_finite
262	9758	asia	1	unique_finite
262	9759	italy_balkan_caucasus	1	unique_finite
262	9761	central_europe	1	unique_finite
262	9762	admixed	1	unique_finite
262	9764	admixed	1	unique_finite
262	9766	asia	1	unique_finite
262	9768	central_europe	1	unique_finite
262	9769	central_europe	1	unique_finite
262	9770	central_europe	1	unique_finite
262	9771	central_europe	1	unique_finite
262	9772	central_europe	1	unique_finite
262	9774	central_europe	1	unique_finite
262	9775	central_europe	1	unique_finite
262	9776	central_europe	1	unique_finite
262	9777	central_europe	1	unique_finite
262	9778	central_europe	1	unique_finite
262	9779	central_europe	1	unique_finite
262	9780	central_europe	1	unique_finite
262	9781	central_europe	1	unique_finite
262	9782	central_europe	1	unique_finite
262	9783	admixed	1	unique_finite
262	9784	central_europe	1	unique_finite
262	9785	central_europe	1	unique_finite
262	9786	central_europe	1	unique_finite
262	9787	central_europe	1	unique_finite
262	9788	central_europe	1	unique_finite
262	9789	central_europe	1	unique_finite
262	9790	central_europe	1	unique_finite
262	9791	central_europe	1	unique_finite
262	9792	central_europe	1	unique_finite
262	9793	central_europe	1	unique_finite
262	9794	central_europe	1	unique_finite
262	9795	central_europe	1	unique_finite
262	9796	central_europe	1	unique_finite
262	9797	central_europe	1	unique_finite
262	9798	central_europe	1	unique_finite
262	9799	central_europe	1	unique_finite
262	9800	central_europe	1	unique_finite
262	9801	central_europe	1	unique_finite
262	9802	central_europe	1	unique_finite
262	9803	central_europe	1	unique_finite
262	9804	central_europe	1	unique_finite
262	9805	central_europe	1	unique_finite
262	9806	central_europe	1	unique_finite
262	9807	central_europe	1	unique_finite
262	9808	central_europe	1	unique_finite
262	9809	western_europe	1	unique_finite
262	9810	central_europe	1	unique_finite
262	9811	central_europe	1	unique_finite
262	9812	central_europe	1	unique_finite
262	9813	central_europe	1	unique_finite
262	9814	central_europe	1	unique_finite
262	9815	central_europe	1	unique_finite
262	9816	central_europe	1	unique_finite
262	9817	spain	1	unique_finite
262	9819	spain	1	unique_finite
262	9820	spain	1	unique_finite
262	9821	spain	1	unique_finite
262	9822	spain	1	unique_finite
262	9823	western_europe	1	unique_finite
262	9824	admixed	1	unique_finite
262	9825	spain	1	unique_finite
262	9826	western_europe	1	unique_finite
262	9827	western_europe	1	unique_finite
262	9828	western_europe	1	unique_finite
262	9830	admixed	1	unique_finite
262	9831	admixed	1	unique_finite
262	9832	relict	1	unique_finite
262	9833	spain	1	unique_finite
262	9834	spain	1	unique_finite
262	9835	admixed	1	unique_finite
262	9836	spain	1	unique_finite
262	9837	relict	1	unique_finite
262	9838	admixed	1	unique_finite
262	9839	admixed	1	unique_finite
262	9840	spain	1	unique_finite
262	9841	spain	1	unique_finite
262	9843	spain	1	unique_finite
262	9844	spain	1	unique_finite
262	9845	spain	1	unique_finite
262	9846	spain	1	unique_finite
262	9847	western_europe	1	unique_finite
262	9848	spain	1	unique_finite
262	9849	admixed	1	unique_finite
262	9850	spain	1	unique_finite
262	9851	western_europe	1	unique_finite
262	9852	spain	1	unique_finite
262	9853	western_europe	1	unique_finite
262	9854	western_europe	1	unique_finite
262	9855	spain	1	unique_finite
262	9856	spain	1	unique_finite
262	9857	spain	1	unique_finite
262	9858	admixed	1	unique_finite
262	9859	spain	1	unique_finite
262	9860	spain	1	unique_finite
262	9861	spain	1	unique_finite
262	9862	western_europe	1	unique_finite
262	9864	spain	1	unique_finite
262	9866	spain	1	unique_finite
262	9867	spain	1	unique_finite
262	9868	spain	1	unique_finite
262	9869	relict	1	unique_finite
262	9870	spain	1	unique_finite
262	9871	relict	1	unique_finite
262	9873	spain	1	unique_finite
262	9874	spain	1	unique_finite
262	9875	western_europe	1	unique_finite
262	9876	spain	1	unique_finite
262	9878	spain	1	unique_finite
262	9879	relict	1	unique_finite
262	9880	spain	1	unique_finite
262	9881	admixed	1	unique_finite
262	9882	spain	1	unique_finite
262	9883	spain	1	unique_finite
262	9885	spain	1	unique_finite
262	9886	spain	1	unique_finite
262	9887	relict	1	unique_finite
262	9888	spain	1	unique_finite
262	9890	admixed	1	unique_finite
262	9892	admixed	1	unique_finite
262	9894	admixed	1	unique_finite
262	9895	spain	1	unique_finite
262	9897	admixed	1	unique_finite
262	9898	spain	1	unique_finite
262	9899	spain	1	unique_finite
262	9900	spain	1	unique_finite
262	9901	spain	1	unique_finite
262	9902	spain	1	unique_finite
262	9903	spain	1	unique_finite
262	9904	spain	1	unique_finite
262	9905	relict	1	unique_finite
262	9906	admixed	1	unique_finite
262	9908	western_europe	1	unique_finite
262	9909	western_europe	1	unique_finite
262	991	south_sweden	1	unique_finite
262	9910	western_europe	1	unique_finite
262	9911	western_europe	1	unique_finite
262	9914	central_europe	1	unique_finite
262	9915	central_europe	1	unique_finite
262	9917	western_europe	1	unique_finite
262	9918	western_europe	1	unique_finite
262	992	south_sweden	1	unique_finite
262	9920	germany	1	unique_finite
262	9921	western_europe	1	unique_finite
262	9924	admixed	1	unique_finite
262	9925	western_europe	1	unique_finite
262	9926	western_europe	1	unique_finite
262	9927	western_europe	1	unique_finite
262	9928	western_europe	1	unique_finite
262	9929	western_europe	1	unique_finite
262	9930	central_europe	1	unique_finite
262	9932	admixed	1	unique_finite
262	9933	admixed	1	unique_finite
262	9935	western_europe	1	unique_finite
262	9937	western_europe	1	unique_finite
262	9938	western_europe	1	unique_finite
262	9939	relict	1	unique_finite
262	9941	western_europe	1	unique_finite
262	9942	spain	1	unique_finite
262	9943	spain	1	unique_finite
262	9944	relict	1	unique_finite
262	9945	admixed	1	unique_finite
262	9946	spain	1	unique_finite
262	9947	relict	1	unique_finite
262	9949	western_europe	1	unique_finite
262	9950	spain	1	unique_finite
262	9951	asia	1	unique_finite
262	9952	asia	1	unique_finite
262	9953	asia	1	unique_finite
262	9955	asia	1	unique_finite
262	9956	asia	1	unique_finite
262	9957	asia	1	unique_finite
262	9958	asia	1	unique_finite
262	9959	asia	1	unique_finite
262	9960	asia	1	unique_finite
262	9962	italy_balkan_caucasus	1	unique_finite
262	9963	italy_balkan_caucasus	1	unique_finite
262	9964	italy_balkan_caucasus	1	unique_finite
262	9965	italy_balkan_caucasus	1	unique_finite
262	9966	italy_balkan_caucasus	1	unique_finite
262	9968	italy_balkan_caucasus	1	unique_finite
262	9969	italy_balkan_caucasus	1	unique_finite
262	997	south_sweden	1	unique_finite
262	9970	central_europe	1	unique_finite
262	9971	central_europe	1	unique_finite
262	9972	central_europe	1	unique_finite
262	9973	central_europe	1	unique_finite
262	9974	central_europe	1	unique_finite
262	9975	central_europe	1	unique_finite
262	9976	central_europe	1	unique_finite
262	9978	central_europe	1	unique_finite
262	9979	central_europe	1	unique_finite
262	9980	italy_balkan_caucasus	1	unique_finite
262	9981	italy_balkan_caucasus	1	unique_finite
262	9982	italy_balkan_caucasus	1	unique_finite
262	9983	admixed	1	unique_finite
262	9984	admixed	1	unique_finite
262	9985	italy_balkan_caucasus	1	unique_finite
262	9986	italy_balkan_caucasus	1	unique_finite
262	9987	italy_balkan_caucasus	1	unique_finite
262	9988	italy_balkan_caucasus	1	unique_finite
262	9990	italy_balkan_caucasus	1	unique_finite
262	9991	italy_balkan_caucasus	1	unique_finite
262	9993	admixed	1	unique_finite
262	9995	central_europe	1	unique_finite
262	9996	central_europe	1	unique_finite
262	9997	central_europe	1	unique_finite
262	9998	admixed	1	unique_finite
262	9999	central_europe	1	unique_finite
286	1925	germany	6	needs_resolution
286	2057	germany	6	needs_resolution
286	5832	south_sweden	6	needs_resolution
286	5837	central_europe	6	needs_resolution
286	6008	central_europe	6	needs_resolution
286	6019	south_sweden	6	needs_resolution
286	6020	south_sweden	6	needs_resolution
286	6039	admixed	6	needs_resolution
286	6042	admixed	6	needs_resolution
286	6046	north_sweden	6	needs_resolution
286	6074	south_sweden	6	needs_resolution
286	6076	south_sweden	4	needs_resolution
286	6085	south_sweden	6	needs_resolution
286	6094	south_sweden	6	needs_resolution
286	6096	south_sweden	6	needs_resolution
286	6098	south_sweden	6	needs_resolution
286	6100	south_sweden	6	needs_resolution
286	6109	south_sweden	6	needs_resolution
286	6112	south_sweden	6	needs_resolution
286	6119	south_sweden	6	needs_resolution
286	6124	south_sweden	5	needs_resolution
286	6169	north_sweden	6	needs_resolution
286	6188	south_sweden	6	needs_resolution
286	6194	south_sweden	6	needs_resolution
286	6202	south_sweden	6	needs_resolution
286	6203	south_sweden	6	needs_resolution
286	6242	south_sweden	6	needs_resolution
286	6243	central_europe	6	needs_resolution
286	6413	south_sweden	6	needs_resolution
286	6744	germany	6	needs_resolution
286	6897	western_europe	6	needs_resolution
286	6898	admixed	6	needs_resolution
286	6903	central_europe	6	needs_resolution
286	6904	western_europe	6	needs_resolution
286	6907	admixed	6	needs_resolution
286	6909	germany	158	needs_resolution
286	6911	relict	159	needs_resolution
286	6913	north_sweden	6	needs_resolution
286	6917	north_sweden	154	needs_resolution
286	6919	central_europe	6	needs_resolution
286	6924	western_europe	6	needs_resolution
286	6926	western_europe	6	needs_resolution
286	6932	admixed	6	needs_resolution
286	6933	spain	6	needs_resolution
286	6940	germany	6	needs_resolution
286	6943	western_europe	6	needs_resolution
286	6944	western_europe	6	needs_resolution
286	6951	central_europe	6	needs_resolution
286	6958	western_europe	6	needs_resolution
286	6959	western_europe	6	needs_resolution
286	6961	spain	6	needs_resolution
286	6967	western_europe	6	needs_resolution
286	6968	north_sweden	6	needs_resolution
286	6970	spain	159	needs_resolution
286	6973	germany	6	needs_resolution
286	6974	south_sweden	6	needs_resolution
286	6976	central_europe	6	needs_resolution
286	6979	central_europe	6	needs_resolution
286	6982	germany	6	needs_resolution
286	6989	western_europe	6	needs_resolution
286	6990	admixed	6	needs_resolution
286	6992	admixed	6	needs_resolution
286	7000	germany	6	needs_resolution
286	7002	germany	6	needs_resolution
286	7008	germany	6	needs_resolution
286	7014	germany	6	needs_resolution
286	7026	western_europe	6	needs_resolution
286	7031	germany	6	needs_resolution
286	7062	germany	4	needs_resolution
286	7071	western_europe	6	needs_resolution
286	7092	western_europe	6	needs_resolution
286	7094	germany	6	needs_resolution
286	7102	germany	6	needs_resolution
286	7126	admixed	6	needs_resolution
286	7143	germany	6	needs_resolution
286	7147	admixed	6	needs_resolution
286	7158	central_europe	6	needs_resolution
286	7163	admixed	6	needs_resolution
286	7165	germany	6	needs_resolution
286	7169	admixed	6	needs_resolution
286	7181	admixed	6	needs_resolution
286	7186	central_europe	6	needs_resolution
286	7199	germany	6	needs_resolution
286	7231	germany	6	needs_resolution
286	7244	germany	6	needs_resolution
286	7255	germany	6	needs_resolution
286	7258	germany	6	needs_resolution
286	7280	germany	6	needs_resolution
286	7282	germany	6	needs_resolution
286	7296	central_europe	6	needs_resolution
286	7306	western_europe	6	needs_resolution
286	7307	western_europe	6	needs_resolution
286	7316	admixed	6	needs_resolution
286	7320	western_europe	6	needs_resolution
286	7333	central_europe	6	needs_resolution
286	7337	germany	5	needs_resolution
286	7343	south_sweden	6	needs_resolution
286	7344	admixed	6	needs_resolution
286	7346	south_sweden	6	needs_resolution
286	7354	south_sweden	6	needs_resolution
286	7372	central_europe	6	needs_resolution
286	7373	admixed	6	needs_resolution
286	7378	admixed	6	needs_resolution
286	7382	admixed	6	needs_resolution
286	7384	admixed	6	needs_resolution
286	7394	admixed	6	needs_resolution
286	7411	central_europe	6	needs_resolution
286	7418	admixed	6	needs_resolution
286	7424	central_europe	6	needs_resolution
286	7430	admixed	5	needs_resolution
286	7460	central_europe	6	needs_resolution
286	7477	admixed	6	needs_resolution
286	7514	admixed	6	needs_resolution
286	7515	germany	6	needs_resolution
286	7516	germany	6	needs_resolution
286	7520	central_europe	6	needs_resolution
286	7521	central_europe	6	needs_resolution
286	7523	germany	6	needs_resolution
286	7525	germany	6	needs_resolution
286	8214	western_europe	6	needs_resolution
286	8222	south_sweden	6	needs_resolution
286	8231	south_sweden	6	needs_resolution
286	8234	south_sweden	6	needs_resolution
286	8235	central_europe	6	needs_resolution
286	8236	central_europe	6	needs_resolution
286	8239	germany	6	needs_resolution
286	8240	south_sweden	6	needs_resolution
286	8241	south_sweden	6	needs_resolution
286	8242	south_sweden	6	needs_resolution
286	8244	western_europe	6	needs_resolution
286	8246	germany	6	needs_resolution
286	8256	admixed	6	needs_resolution
286	8264	spain	5	needs_resolution
286	8283	south_sweden	6	needs_resolution
286	8284	central_europe	6	needs_resolution
286	8297	western_europe	6	needs_resolution
286	8306	south_sweden	6	needs_resolution
286	8311	central_europe	6	needs_resolution
286	8326	south_sweden	6	needs_resolution
286	8335	south_sweden	6	needs_resolution
286	8343	admixed	6	needs_resolution
286	8351	north_sweden	6	needs_resolution
286	8354	asia	6	needs_resolution
286	8365	central_europe	6	needs_resolution
286	8376	north_sweden	6	needs_resolution
286	8387	germany	6	needs_resolution
286	8419	central_europe	6	needs_resolution
286	8420	germany	6	needs_resolution
286	8422	south_sweden	6	needs_resolution
286	8424	asia	6	needs_resolution
287	1925	germany	6	needs_resolution
287	2057	germany	6	needs_resolution
287	5832	south_sweden	6	needs_resolution
287	5837	central_europe	6	needs_resolution
287	6008	central_europe	6	needs_resolution
287	6019	south_sweden	6	needs_resolution
287	6020	south_sweden	6	needs_resolution
287	6039	admixed	6	needs_resolution
287	6042	admixed	6	needs_resolution
287	6046	north_sweden	6	needs_resolution
287	6074	south_sweden	6	needs_resolution
287	6076	south_sweden	4	needs_resolution
287	6085	south_sweden	6	needs_resolution
287	6094	south_sweden	6	needs_resolution
287	6096	south_sweden	6	needs_resolution
287	6098	south_sweden	6	needs_resolution
287	6100	south_sweden	6	needs_resolution
287	6109	south_sweden	6	needs_resolution
287	6112	south_sweden	6	needs_resolution
287	6119	south_sweden	6	needs_resolution
287	6124	south_sweden	5	needs_resolution
287	6169	north_sweden	6	needs_resolution
287	6188	south_sweden	6	needs_resolution
287	6194	south_sweden	6	needs_resolution
287	6202	south_sweden	6	needs_resolution
287	6203	south_sweden	6	needs_resolution
287	6242	south_sweden	6	needs_resolution
287	6243	central_europe	6	needs_resolution
287	6413	south_sweden	6	needs_resolution
287	6744	germany	6	needs_resolution
287	6897	western_europe	6	needs_resolution
287	6898	admixed	6	needs_resolution
287	6903	central_europe	6	needs_resolution
287	6904	western_europe	6	needs_resolution
287	6907	admixed	6	needs_resolution
287	6909	germany	158	needs_resolution
287	6911	relict	159	needs_resolution
287	6913	north_sweden	6	needs_resolution
287	6917	north_sweden	154	needs_resolution
287	6919	central_europe	6	needs_resolution
287	6924	western_europe	6	needs_resolution
287	6926	western_europe	6	needs_resolution
287	6932	admixed	6	needs_resolution
287	6933	spain	6	needs_resolution
287	6940	germany	6	needs_resolution
287	6943	western_europe	6	needs_resolution
287	6944	western_europe	6	needs_resolution
287	6951	central_europe	6	needs_resolution
287	6958	western_europe	6	needs_resolution
287	6959	western_europe	6	needs_resolution
287	6961	spain	6	needs_resolution
287	6967	western_europe	6	needs_resolution
287	6968	north_sweden	6	needs_resolution
287	6970	spain	159	needs_resolution
287	6973	germany	6	needs_resolution
287	6974	south_sweden	6	needs_resolution
287	6976	central_europe	6	needs_resolution
287	6979	central_europe	6	needs_resolution
287	6982	germany	6	needs_resolution
287	6989	western_europe	6	needs_resolution
287	6990	admixed	6	needs_resolution
287	6992	admixed	6	needs_resolution
287	7000	germany	6	needs_resolution
287	7002	germany	6	needs_resolution
287	7008	germany	6	needs_resolution
287	7014	germany	6	needs_resolution
287	7026	western_europe	6	needs_resolution
287	7031	germany	6	needs_resolution
287	7062	germany	4	needs_resolution
287	7071	western_europe	6	needs_resolution
287	7092	western_europe	6	needs_resolution
287	7094	germany	6	needs_resolution
287	7102	germany	6	needs_resolution
287	7126	admixed	6	needs_resolution
287	7143	germany	6	needs_resolution
287	7147	admixed	6	needs_resolution
287	7158	central_europe	6	needs_resolution
287	7163	admixed	6	needs_resolution
287	7165	germany	6	needs_resolution
287	7169	admixed	6	needs_resolution
287	7181	admixed	6	needs_resolution
287	7186	central_europe	6	needs_resolution
287	7199	germany	6	needs_resolution
287	7231	germany	6	needs_resolution
287	7244	germany	6	needs_resolution
287	7255	germany	6	needs_resolution
287	7258	germany	6	needs_resolution
287	7280	germany	6	needs_resolution
287	7282	germany	6	needs_resolution
287	7296	central_europe	6	needs_resolution
287	7306	western_europe	6	needs_resolution
287	7307	western_europe	6	needs_resolution
287	7316	admixed	6	needs_resolution
287	7320	western_europe	6	needs_resolution
287	7333	central_europe	6	needs_resolution
287	7337	germany	5	needs_resolution
287	7343	south_sweden	6	needs_resolution
287	7344	admixed	6	needs_resolution
287	7346	south_sweden	6	needs_resolution
287	7354	south_sweden	6	needs_resolution
287	7372	central_europe	6	needs_resolution
287	7373	admixed	6	needs_resolution
287	7378	admixed	6	needs_resolution
287	7382	admixed	6	needs_resolution
287	7384	admixed	6	needs_resolution
287	7394	admixed	6	needs_resolution
287	7411	central_europe	6	needs_resolution
287	7418	admixed	6	needs_resolution
287	7424	central_europe	6	needs_resolution
287	7430	admixed	5	needs_resolution
287	7460	central_europe	6	needs_resolution
287	7477	admixed	6	needs_resolution
287	7514	admixed	6	needs_resolution
287	7515	germany	6	needs_resolution
287	7516	germany	6	needs_resolution
287	7520	central_europe	6	needs_resolution
287	7521	central_europe	6	needs_resolution
287	7523	germany	6	needs_resolution
287	7525	germany	6	needs_resolution
287	8214	western_europe	6	needs_resolution
287	8222	south_sweden	6	needs_resolution
287	8231	south_sweden	6	needs_resolution
287	8234	south_sweden	6	needs_resolution
287	8235	central_europe	6	needs_resolution
287	8236	central_europe	6	needs_resolution
287	8239	germany	6	needs_resolution
287	8240	south_sweden	6	needs_resolution
287	8241	south_sweden	6	needs_resolution
287	8242	south_sweden	6	needs_resolution
287	8244	western_europe	6	needs_resolution
287	8246	germany	6	needs_resolution
287	8256	admixed	6	needs_resolution
287	8264	spain	5	needs_resolution
287	8283	south_sweden	6	needs_resolution
287	8284	central_europe	6	needs_resolution
287	8297	western_europe	6	needs_resolution
287	8306	south_sweden	6	needs_resolution
287	8311	central_europe	6	needs_resolution
287	8326	south_sweden	6	needs_resolution
287	8335	south_sweden	6	needs_resolution
287	8343	admixed	6	needs_resolution
287	8351	north_sweden	6	needs_resolution
287	8354	asia	6	needs_resolution
287	8365	central_europe	6	needs_resolution
287	8376	north_sweden	6	needs_resolution
287	8387	germany	6	needs_resolution
287	8419	central_europe	6	needs_resolution
287	8420	germany	6	needs_resolution
287	8422	south_sweden	6	needs_resolution
287	8424	asia	6	needs_resolution
390	10001	western_europe	1	unique_finite
390	10002	western_europe	1	unique_finite
390	10004	italy_balkan_caucasus	1	unique_finite
390	10006	italy_balkan_caucasus	1	unique_finite
390	10009	asia	1	unique_finite
390	10010	asia	1	unique_finite
390	10011	asia	1	unique_finite
390	10012	italy_balkan_caucasus	1	unique_finite
390	10014	italy_balkan_caucasus	1	unique_finite
390	10015	asia	1	unique_finite
390	10018	central_europe	1	unique_finite
390	1066	south_sweden	1	unique_finite
390	108	western_europe	1	unique_finite
390	139	western_europe	1	unique_finite
390	159	western_europe	1	unique_finite
390	265	admixed	1	unique_finite
390	410	central_europe	1	unique_finite
390	428	central_europe	1	unique_finite
390	430	central_europe	1	unique_finite
390	5151	admixed	1	unique_finite
390	5165	admixed	1	unique_finite
390	5253	western_europe	1	unique_finite
390	5276	western_europe	1	unique_finite
390	5644	western_europe	1	unique_finite
390	5726	western_europe	1	unique_finite
390	5768	admixed	1	unique_finite
390	5772	admixed	1	unique_finite
390	5784	admixed	1	unique_finite
390	5811	admixed	1	unique_finite
390	5830	south_sweden	1	unique_finite
390	5867	south_sweden	1	unique_finite
390	5874	central_europe	1	unique_finite
390	5890	central_europe	1	unique_finite
390	5893	central_europe	1	unique_finite
390	5907	central_europe	1	unique_finite
390	5950	central_europe	1	unique_finite
390	5984	central_europe	1	unique_finite
390	6009	north_sweden	1	unique_finite
390	6023	south_sweden	1	unique_finite
390	6025	north_sweden	1	unique_finite
390	6034	south_sweden	1	unique_finite
390	6035	south_sweden	1	unique_finite
390	6040	south_sweden	1	unique_finite
390	6043	north_sweden	1	unique_finite
390	6069	north_sweden	1	unique_finite
390	6071	north_sweden	1	unique_finite
390	6073	south_sweden	1	unique_finite
390	6074	south_sweden	1	unique_finite
390	6076	south_sweden	1	unique_finite
390	6086	admixed	1	unique_finite
390	6088	south_sweden	1	unique_finite
390	6108	western_europe	1	unique_finite
390	6145	south_sweden	1	unique_finite
390	6150	south_sweden	1	unique_finite
390	6151	south_sweden	1	unique_finite
390	6154	north_sweden	1	unique_finite
390	6177	north_sweden	1	unique_finite
390	6180	germany	1	unique_finite
390	6184	north_sweden	1	unique_finite
390	6195	south_sweden	1	unique_finite
390	6209	north_sweden	1	unique_finite
390	6216	north_sweden	1	unique_finite
390	6241	north_sweden	1	unique_finite
390	6242	south_sweden	1	unique_finite
390	6243	central_europe	1	unique_finite
390	6244	north_sweden	1	unique_finite
390	6390	central_europe	1	unique_finite
390	6396	central_europe	1	unique_finite
390	6424	central_europe	1	unique_finite
390	6434	admixed	1	unique_finite
390	6445	central_europe	1	unique_finite
390	6898	admixed	1	unique_finite
390	6901	north_sweden	1	unique_finite
390	6903	central_europe	1	unique_finite
390	6909	germany	2	needs_resolution
390	6911	relict	1	unique_finite
390	6915	germany	1	unique_finite
390	6922	germany	1	unique_finite
390	6929	asia	1	unique_finite
390	6931	asia	1	unique_finite
390	6932	admixed	1	unique_finite
390	6938	asia	1	unique_finite
390	6940	germany	1	unique_finite
390	6944	western_europe	1	unique_finite
390	6945	germany	1	unique_finite
390	6951	central_europe	1	unique_finite
390	6956	central_europe	1	unique_finite
390	6958	western_europe	1	unique_finite
390	6959	western_europe	1	unique_finite
390	6961	spain	1	unique_finite
390	6963	asia	1	unique_finite
390	6967	western_europe	1	unique_finite
390	6968	north_sweden	1	unique_finite
390	6970	spain	1	unique_finite
390	6973	germany	1	unique_finite
390	6974	south_sweden	1	unique_finite
390	6975	central_europe	1	unique_finite
390	6979	central_europe	1	unique_finite
390	6981	admixed	1	unique_finite
390	6984	central_europe	1	unique_finite
390	6987	admixed	1	unique_finite
390	7000	germany	1	unique_finite
390	7002	germany	1	unique_finite
390	7003	admixed	1	unique_finite
390	7008	germany	1	unique_finite
390	7013	south_sweden	1	unique_finite
390	7025	central_europe	1	unique_finite
390	7028	admixed	1	unique_finite
390	7031	germany	1	unique_finite
390	7036	germany	1	unique_finite
390	7058	admixed	1	unique_finite
390	7062	germany	1	unique_finite
390	7063	relict	1	unique_finite
390	7064	western_europe	1	unique_finite
390	7071	western_europe	1	unique_finite
390	7077	italy_balkan_caucasus	1	unique_finite
390	7092	western_europe	1	unique_finite
390	7096	admixed	1	unique_finite
390	7106	central_europe	1	unique_finite
390	7111	admixed	1	unique_finite
390	7120	central_europe	1	unique_finite
390	7125	germany	1	unique_finite
390	7126	admixed	1	unique_finite
390	7127	admixed	1	unique_finite
390	7143	germany	1	unique_finite
390	7164	south_sweden	1	unique_finite
390	7165	germany	1	unique_finite
390	7177	central_europe	1	unique_finite
390	7186	central_europe	1	unique_finite
390	7192	germany	1	unique_finite
390	7199	germany	1	unique_finite
390	7202	germany	1	unique_finite
390	7203	central_europe	1	unique_finite
390	7207	central_europe	1	unique_finite
390	7209	admixed	1	unique_finite
390	7213	admixed	1	unique_finite
390	7217	western_europe	1	unique_finite
390	7218	admixed	1	unique_finite
390	7231	germany	1	unique_finite
390	7236	central_europe	1	unique_finite
390	7255	germany	1	unique_finite
390	7258	germany	1	unique_finite
390	7268	admixed	1	unique_finite
390	7273	central_europe	1	unique_finite
390	7282	germany	1	unique_finite
390	7287	germany	1	unique_finite
390	7288	admixed	1	unique_finite
390	7296	central_europe	1	unique_finite
390	7298	central_europe	1	unique_finite
390	7314	admixed	1	unique_finite
390	7316	admixed	1	unique_finite
390	7319	admixed	1	unique_finite
390	7320	western_europe	1	unique_finite
390	7322	germany	1	unique_finite
390	7323	asia	1	unique_finite
390	7328	spain	1	unique_finite
390	7333	central_europe	1	unique_finite
390	7344	admixed	1	unique_finite
390	7346	south_sweden	1	unique_finite
390	7347	central_europe	1	unique_finite
390	7349	central_europe	1	unique_finite
390	7353	admixed	1	unique_finite
390	7372	central_europe	1	unique_finite
390	7373	admixed	1	unique_finite
390	7378	admixed	1	unique_finite
390	7382	admixed	1	unique_finite
390	7384	admixed	1	unique_finite
390	7387	western_europe	1	unique_finite
390	7394	admixed	1	unique_finite
390	7396	central_europe	1	unique_finite
390	7404	admixed	1	unique_finite
390	7411	central_europe	1	unique_finite
390	7413	central_europe	1	unique_finite
390	7418	admixed	1	unique_finite
390	7424	central_europe	1	unique_finite
390	7427	central_europe	1	unique_finite
390	7460	central_europe	1	unique_finite
390	7516	germany	1	unique_finite
390	7517	germany	1	unique_finite
390	7520	central_europe	1	unique_finite
390	763	asia	1	unique_finite
390	765	asia	1	unique_finite
390	766	asia	1	unique_finite
390	768	asia	1	unique_finite
390	772	asia	1	unique_finite
390	8214	western_europe	1	unique_finite
390	8222	south_sweden	1	unique_finite
390	8230	south_sweden	1	unique_finite
390	8231	south_sweden	1	unique_finite
390	8240	south_sweden	1	unique_finite
390	8247	south_sweden	1	unique_finite
390	8249	south_sweden	1	unique_finite
390	8256	admixed	1	unique_finite
390	8311	central_europe	1	unique_finite
390	8312	germany	1	unique_finite
390	8334	admixed	1	unique_finite
390	8351	north_sweden	1	unique_finite
390	8354	asia	1	unique_finite
390	8357	spain	1	unique_finite
390	8366	admixed	1	unique_finite
390	8369	south_sweden	1	unique_finite
390	8376	north_sweden	1	unique_finite
390	8386	central_europe	1	unique_finite
390	8387	germany	1	unique_finite
390	8422	south_sweden	1	unique_finite
390	8424	asia	1	unique_finite
390	88	western_europe	1	unique_finite
390	9057	south_sweden	1	unique_finite
390	9058	admixed	1	unique_finite
390	9102	italy_balkan_caucasus	1	unique_finite
390	9104	italy_balkan_caucasus	1	unique_finite
390	9128	asia	1	unique_finite
390	9130	asia	1	unique_finite
390	9133	asia	1	unique_finite
390	9321	north_sweden	1	unique_finite
390	9371	north_sweden	1	unique_finite
390	9386	north_sweden	1	unique_finite
390	9391	south_sweden	1	unique_finite
390	9394	admixed	1	unique_finite
390	9395	south_sweden	1	unique_finite
390	9399	south_sweden	1	unique_finite
390	9404	south_sweden	1	unique_finite
390	9409	south_sweden	1	unique_finite
390	9412	south_sweden	1	unique_finite
390	9416	south_sweden	1	unique_finite
390	9427	north_sweden	1	unique_finite
390	9433	north_sweden	1	unique_finite
390	9437	south_sweden	1	unique_finite
390	9442	germany	1	unique_finite
390	9453	south_sweden	1	unique_finite
390	9470	south_sweden	1	unique_finite
390	9481	south_sweden	1	unique_finite
390	9506	admixed	1	unique_finite
390	9507	spain	1	unique_finite
390	9510	spain	1	unique_finite
390	9512	spain	1	unique_finite
390	9517	western_europe	1	unique_finite
390	9518	spain	1	unique_finite
390	9520	spain	1	unique_finite
390	9521	spain	1	unique_finite
390	9522	spain	1	unique_finite
390	9523	admixed	1	unique_finite
390	9524	spain	1	unique_finite
390	9526	spain	1	unique_finite
390	9527	admixed	1	unique_finite
390	9528	spain	1	unique_finite
390	9529	admixed	1	unique_finite
390	9534	spain	1	unique_finite
390	9535	spain	1	unique_finite
390	9537	spain	1	unique_finite
390	9539	spain	1	unique_finite
390	9542	relict	1	unique_finite
390	9544	spain	1	unique_finite
390	9546	spain	1	unique_finite
390	9547	spain	1	unique_finite
390	9548	admixed	1	unique_finite
390	9549	relict	1	unique_finite
390	9553	spain	1	unique_finite
390	9555	relict	1	unique_finite
390	9557	spain	1	unique_finite
390	9559	admixed	1	unique_finite
390	9560	spain	1	unique_finite
390	9562	spain	1	unique_finite
390	9564	spain	1	unique_finite
390	9565	admixed	1	unique_finite
390	9567	spain	1	unique_finite
390	9568	spain	1	unique_finite
390	9574	relict	1	unique_finite
390	9576	admixed	1	unique_finite
390	9577	spain	1	unique_finite
390	9579	admixed	1	unique_finite
390	9581	admixed	1	unique_finite
390	9582	spain	1	unique_finite
390	9584	spain	1	unique_finite
390	9586	spain	1	unique_finite
390	9587	spain	1	unique_finite
390	9589	spain	1	unique_finite
390	9591	admixed	1	unique_finite
390	9592	admixed	1	unique_finite
390	9594	spain	1	unique_finite
390	9595	admixed	1	unique_finite
390	9596	admixed	1	unique_finite
390	9597	spain	1	unique_finite
390	9598	relict	1	unique_finite
390	9600	relict	1	unique_finite
390	9602	spain	1	unique_finite
390	9606	relict	1	unique_finite
390	9607	asia	1	unique_finite
390	9612	asia	1	unique_finite
390	9619	asia	1	unique_finite
390	9620	asia	1	unique_finite
390	9625	asia	1	unique_finite
390	9628	asia	1	unique_finite
390	9629	asia	1	unique_finite
390	9632	asia	1	unique_finite
390	9634	asia	1	unique_finite
390	9637	asia	1	unique_finite
390	9640	asia	1	unique_finite
390	9643	asia	1	unique_finite
390	9649	italy_balkan_caucasus	1	unique_finite
390	9653	italy_balkan_caucasus	1	unique_finite
390	9655	italy_balkan_caucasus	1	unique_finite
390	9657	italy_balkan_caucasus	1	unique_finite
390	9659	italy_balkan_caucasus	1	unique_finite
390	9665	central_europe	1	unique_finite
390	9669	central_europe	1	unique_finite
390	9697	italy_balkan_caucasus	1	unique_finite
390	9698	italy_balkan_caucasus	1	unique_finite
390	9699	italy_balkan_caucasus	1	unique_finite
390	9704	italy_balkan_caucasus	1	unique_finite
390	9712	italy_balkan_caucasus	1	unique_finite
390	9713	italy_balkan_caucasus	1	unique_finite
390	9716	italy_balkan_caucasus	1	unique_finite
390	9719	italy_balkan_caucasus	1	unique_finite
390	9721	italy_balkan_caucasus	1	unique_finite
390	9723	italy_balkan_caucasus	1	unique_finite
390	9726	italy_balkan_caucasus	1	unique_finite
390	9727	central_europe	1	unique_finite
390	9730	central_europe	1	unique_finite
390	9733	central_europe	1	unique_finite
390	9736	admixed	1	unique_finite
390	9737	asia	1	unique_finite
390	9739	central_europe	1	unique_finite
390	9741	central_europe	1	unique_finite
390	9743	admixed	1	unique_finite
390	9745	asia	1	unique_finite
390	9748	admixed	1	unique_finite
390	9749	italy_balkan_caucasus	1	unique_finite
390	9757	italy_balkan_caucasus	1	unique_finite
390	9758	asia	1	unique_finite
390	9759	italy_balkan_caucasus	1	unique_finite
390	9766	asia	1	unique_finite
390	9768	central_europe	1	unique_finite
390	9769	central_europe	1	unique_finite
390	9770	central_europe	1	unique_finite
390	9774	central_europe	1	unique_finite
390	9775	central_europe	1	unique_finite
390	9776	central_europe	1	unique_finite
390	9778	central_europe	1	unique_finite
390	9779	central_europe	1	unique_finite
390	9781	central_europe	1	unique_finite
390	9782	central_europe	1	unique_finite
390	9784	central_europe	1	unique_finite
390	9785	central_europe	1	unique_finite
390	9793	central_europe	1	unique_finite
390	9794	central_europe	1	unique_finite
390	9796	central_europe	1	unique_finite
390	9798	central_europe	1	unique_finite
390	9800	central_europe	1	unique_finite
390	9801	central_europe	1	unique_finite
390	9803	central_europe	1	unique_finite
390	9804	central_europe	1	unique_finite
390	9811	central_europe	1	unique_finite
390	9813	central_europe	1	unique_finite
390	9814	central_europe	1	unique_finite
390	9815	central_europe	1	unique_finite
390	9816	central_europe	1	unique_finite
390	9908	western_europe	1	unique_finite
390	9909	western_europe	1	unique_finite
390	9910	western_europe	1	unique_finite
390	9914	central_europe	1	unique_finite
390	9917	western_europe	1	unique_finite
390	992	south_sweden	1	unique_finite
390	9920	germany	1	unique_finite
390	9925	western_europe	1	unique_finite
390	9926	western_europe	1	unique_finite
390	9929	western_europe	1	unique_finite
390	9930	central_europe	1	unique_finite
390	9932	admixed	1	unique_finite
390	9933	admixed	1	unique_finite
390	9939	relict	1	unique_finite
390	9941	western_europe	1	unique_finite
390	9942	spain	1	unique_finite
390	9943	spain	2	needs_resolution
390	9944	relict	1	unique_finite
390	9945	admixed	1	unique_finite
390	9946	spain	1	unique_finite
390	9947	relict	1	unique_finite
390	9948	spain	1	unique_finite
390	9951	asia	1	unique_finite
390	9958	asia	1	unique_finite
390	9959	asia	1	unique_finite
390	9960	asia	1	unique_finite
390	9965	italy_balkan_caucasus	1	unique_finite
390	9966	italy_balkan_caucasus	1	unique_finite
390	9968	italy_balkan_caucasus	1	unique_finite
390	9970	central_europe	1	unique_finite
390	9971	central_europe	1	unique_finite
390	9972	central_europe	1	unique_finite
390	9973	central_europe	1	unique_finite
390	9974	central_europe	1	unique_finite
390	9975	central_europe	1	unique_finite
390	9976	central_europe	1	unique_finite
390	9978	central_europe	1	unique_finite
390	9979	central_europe	1	unique_finite
390	9980	italy_balkan_caucasus	1	unique_finite
390	9983	admixed	1	unique_finite
390	9985	italy_balkan_caucasus	1	unique_finite
390	9986	italy_balkan_caucasus	1	unique_finite
390	9987	italy_balkan_caucasus	1	unique_finite
390	9988	italy_balkan_caucasus	1	unique_finite
390	9993	admixed	1	unique_finite
390	9995	central_europe	1	unique_finite
390	9996	central_europe	1	unique_finite
390	9997	central_europe	1	unique_finite
390	9998	admixed	1	unique_finite
390	9999	central_europe	1	unique_finite
391	10001	western_europe	1	unique_finite
391	10002	western_europe	1	unique_finite
391	10004	italy_balkan_caucasus	1	unique_finite
391	10006	italy_balkan_caucasus	1	unique_finite
391	10009	asia	1	unique_finite
391	10010	asia	1	unique_finite
391	10011	asia	1	unique_finite
391	10012	italy_balkan_caucasus	1	unique_finite
391	10014	italy_balkan_caucasus	1	unique_finite
391	10015	asia	1	unique_finite
391	10018	central_europe	1	unique_finite
391	1066	south_sweden	1	unique_finite
391	108	western_europe	1	unique_finite
391	139	western_europe	1	unique_finite
391	159	western_europe	1	unique_finite
391	265	admixed	1	unique_finite
391	410	central_europe	1	unique_finite
391	428	central_europe	1	unique_finite
391	430	central_europe	1	unique_finite
391	5151	admixed	1	unique_finite
391	5165	admixed	1	unique_finite
391	5253	western_europe	1	unique_finite
391	5276	western_europe	1	unique_finite
391	5644	western_europe	1	unique_finite
391	5726	western_europe	1	unique_finite
391	5768	admixed	1	unique_finite
391	5772	admixed	1	unique_finite
391	5784	admixed	1	unique_finite
391	5811	admixed	1	unique_finite
391	5830	south_sweden	1	unique_finite
391	5867	south_sweden	1	unique_finite
391	5874	central_europe	1	unique_finite
391	5890	central_europe	1	unique_finite
391	5893	central_europe	1	unique_finite
391	5907	central_europe	1	unique_finite
391	5950	central_europe	1	unique_finite
391	5984	central_europe	1	unique_finite
391	6009	north_sweden	1	unique_finite
391	6023	south_sweden	1	unique_finite
391	6025	north_sweden	1	unique_finite
391	6034	south_sweden	1	unique_finite
391	6035	south_sweden	1	unique_finite
391	6040	south_sweden	1	unique_finite
391	6043	north_sweden	1	unique_finite
391	6069	north_sweden	1	unique_finite
391	6071	north_sweden	1	unique_finite
391	6073	south_sweden	1	unique_finite
391	6074	south_sweden	1	unique_finite
391	6076	south_sweden	1	unique_finite
391	6086	admixed	1	unique_finite
391	6088	south_sweden	1	unique_finite
391	6108	western_europe	1	unique_finite
391	6145	south_sweden	1	unique_finite
391	6150	south_sweden	1	unique_finite
391	6151	south_sweden	1	unique_finite
391	6154	north_sweden	1	unique_finite
391	6177	north_sweden	1	unique_finite
391	6180	germany	1	unique_finite
391	6184	north_sweden	1	unique_finite
391	6195	south_sweden	1	unique_finite
391	6209	north_sweden	1	unique_finite
391	6216	north_sweden	1	unique_finite
391	6241	north_sweden	1	unique_finite
391	6242	south_sweden	1	unique_finite
391	6243	central_europe	1	unique_finite
391	6244	north_sweden	1	unique_finite
391	6390	central_europe	1	unique_finite
391	6396	central_europe	1	unique_finite
391	6424	central_europe	1	unique_finite
391	6434	admixed	1	unique_finite
391	6445	central_europe	1	unique_finite
391	6898	admixed	1	unique_finite
391	6901	north_sweden	1	unique_finite
391	6903	central_europe	1	unique_finite
391	6909	germany	2	needs_resolution
391	6911	relict	1	unique_finite
391	6915	germany	1	unique_finite
391	6922	germany	1	unique_finite
391	6929	asia	1	unique_finite
391	6931	asia	1	unique_finite
391	6932	admixed	1	unique_finite
391	6938	asia	1	unique_finite
391	6940	germany	1	unique_finite
391	6944	western_europe	1	unique_finite
391	6945	germany	1	unique_finite
391	6951	central_europe	1	unique_finite
391	6956	central_europe	1	unique_finite
391	6958	western_europe	1	unique_finite
391	6959	western_europe	1	unique_finite
391	6961	spain	1	unique_finite
391	6963	asia	1	unique_finite
391	6967	western_europe	1	unique_finite
391	6968	north_sweden	1	unique_finite
391	6970	spain	1	unique_finite
391	6973	germany	1	unique_finite
391	6974	south_sweden	1	unique_finite
391	6975	central_europe	1	unique_finite
391	6979	central_europe	1	unique_finite
391	6981	admixed	1	unique_finite
391	6984	central_europe	1	unique_finite
391	6987	admixed	1	unique_finite
391	7000	germany	1	unique_finite
391	7002	germany	1	unique_finite
391	7003	admixed	1	unique_finite
391	7008	germany	1	unique_finite
391	7013	south_sweden	1	unique_finite
391	7025	central_europe	1	unique_finite
391	7028	admixed	1	unique_finite
391	7031	germany	1	unique_finite
391	7036	germany	1	unique_finite
391	7058	admixed	1	unique_finite
391	7062	germany	1	unique_finite
391	7063	relict	1	unique_finite
391	7064	western_europe	1	unique_finite
391	7071	western_europe	1	unique_finite
391	7077	italy_balkan_caucasus	1	unique_finite
391	7092	western_europe	1	unique_finite
391	7096	admixed	1	unique_finite
391	7106	central_europe	1	unique_finite
391	7111	admixed	1	unique_finite
391	7120	central_europe	1	unique_finite
391	7125	germany	1	unique_finite
391	7126	admixed	1	unique_finite
391	7127	admixed	1	unique_finite
391	7143	germany	1	unique_finite
391	7164	south_sweden	1	unique_finite
391	7165	germany	1	unique_finite
391	7177	central_europe	1	unique_finite
391	7186	central_europe	1	unique_finite
391	7192	germany	1	unique_finite
391	7199	germany	1	unique_finite
391	7202	germany	1	unique_finite
391	7203	central_europe	1	unique_finite
391	7207	central_europe	1	unique_finite
391	7209	admixed	1	unique_finite
391	7213	admixed	1	unique_finite
391	7217	western_europe	1	unique_finite
391	7218	admixed	1	unique_finite
391	7231	germany	1	unique_finite
391	7236	central_europe	1	unique_finite
391	7255	germany	1	unique_finite
391	7258	germany	1	unique_finite
391	7268	admixed	1	unique_finite
391	7273	central_europe	1	unique_finite
391	7282	germany	1	unique_finite
391	7287	germany	1	unique_finite
391	7288	admixed	1	unique_finite
391	7296	central_europe	1	unique_finite
391	7298	central_europe	1	unique_finite
391	7314	admixed	1	unique_finite
391	7316	admixed	1	unique_finite
391	7319	admixed	1	unique_finite
391	7320	western_europe	1	unique_finite
391	7322	germany	1	unique_finite
391	7323	asia	1	unique_finite
391	7328	spain	1	unique_finite
391	7333	central_europe	1	unique_finite
391	7344	admixed	1	unique_finite
391	7346	south_sweden	1	unique_finite
391	7347	central_europe	1	unique_finite
391	7349	central_europe	1	unique_finite
391	7353	admixed	1	unique_finite
391	7372	central_europe	1	unique_finite
391	7373	admixed	1	unique_finite
391	7378	admixed	1	unique_finite
391	7382	admixed	1	unique_finite
391	7384	admixed	1	unique_finite
391	7387	western_europe	1	unique_finite
391	7394	admixed	1	unique_finite
391	7396	central_europe	1	unique_finite
391	7404	admixed	1	unique_finite
391	7411	central_europe	1	unique_finite
391	7413	central_europe	1	unique_finite
391	7418	admixed	1	unique_finite
391	7424	central_europe	1	unique_finite
391	7427	central_europe	1	unique_finite
391	7460	central_europe	1	unique_finite
391	7516	germany	1	unique_finite
391	7517	germany	1	unique_finite
391	7520	central_europe	1	unique_finite
391	763	asia	1	unique_finite
391	765	asia	1	unique_finite
391	766	asia	1	unique_finite
391	768	asia	1	unique_finite
391	772	asia	1	unique_finite
391	8214	western_europe	1	unique_finite
391	8222	south_sweden	1	unique_finite
391	8230	south_sweden	1	unique_finite
391	8231	south_sweden	1	unique_finite
391	8240	south_sweden	1	unique_finite
391	8247	south_sweden	1	unique_finite
391	8249	south_sweden	1	unique_finite
391	8256	admixed	1	unique_finite
391	8311	central_europe	1	unique_finite
391	8312	germany	1	unique_finite
391	8334	admixed	1	unique_finite
391	8351	north_sweden	1	unique_finite
391	8354	asia	1	unique_finite
391	8357	spain	1	unique_finite
391	8366	admixed	1	unique_finite
391	8369	south_sweden	1	unique_finite
391	8376	north_sweden	1	unique_finite
391	8386	central_europe	1	unique_finite
391	8387	germany	1	unique_finite
391	8422	south_sweden	1	unique_finite
391	8424	asia	1	unique_finite
391	88	western_europe	1	unique_finite
391	9057	south_sweden	1	unique_finite
391	9058	admixed	1	unique_finite
391	9102	italy_balkan_caucasus	1	unique_finite
391	9104	italy_balkan_caucasus	1	unique_finite
391	9128	asia	1	unique_finite
391	9130	asia	1	unique_finite
391	9133	asia	1	unique_finite
391	9321	north_sweden	1	unique_finite
391	9371	north_sweden	1	unique_finite
391	9386	north_sweden	1	unique_finite
391	9391	south_sweden	1	unique_finite
391	9394	admixed	1	unique_finite
391	9395	south_sweden	1	unique_finite
391	9399	south_sweden	1	unique_finite
391	9404	south_sweden	1	unique_finite
391	9409	south_sweden	1	unique_finite
391	9412	south_sweden	1	unique_finite
391	9416	south_sweden	1	unique_finite
391	9427	north_sweden	1	unique_finite
391	9433	north_sweden	1	unique_finite
391	9437	south_sweden	1	unique_finite
391	9442	germany	1	unique_finite
391	9453	south_sweden	1	unique_finite
391	9470	south_sweden	1	unique_finite
391	9481	south_sweden	1	unique_finite
391	9506	admixed	1	unique_finite
391	9507	spain	1	unique_finite
391	9510	spain	1	unique_finite
391	9512	spain	1	unique_finite
391	9517	western_europe	1	unique_finite
391	9518	spain	1	unique_finite
391	9520	spain	1	unique_finite
391	9521	spain	1	unique_finite
391	9522	spain	1	unique_finite
391	9523	admixed	1	unique_finite
391	9524	spain	1	unique_finite
391	9526	spain	1	unique_finite
391	9527	admixed	1	unique_finite
391	9528	spain	1	unique_finite
391	9529	admixed	1	unique_finite
391	9534	spain	1	unique_finite
391	9535	spain	1	unique_finite
391	9537	spain	1	unique_finite
391	9539	spain	1	unique_finite
391	9542	relict	1	unique_finite
391	9544	spain	1	unique_finite
391	9546	spain	1	unique_finite
391	9547	spain	1	unique_finite
391	9548	admixed	1	unique_finite
391	9549	relict	1	unique_finite
391	9553	spain	1	unique_finite
391	9555	relict	1	unique_finite
391	9557	spain	1	unique_finite
391	9559	admixed	1	unique_finite
391	9560	spain	1	unique_finite
391	9562	spain	1	unique_finite
391	9564	spain	1	unique_finite
391	9565	admixed	1	unique_finite
391	9567	spain	1	unique_finite
391	9568	spain	1	unique_finite
391	9574	relict	1	unique_finite
391	9576	admixed	1	unique_finite
391	9577	spain	1	unique_finite
391	9579	admixed	1	unique_finite
391	9581	admixed	1	unique_finite
391	9582	spain	1	unique_finite
391	9584	spain	1	unique_finite
391	9586	spain	1	unique_finite
391	9587	spain	1	unique_finite
391	9589	spain	1	unique_finite
391	9591	admixed	1	unique_finite
391	9592	admixed	1	unique_finite
391	9594	spain	1	unique_finite
391	9595	admixed	1	unique_finite
391	9596	admixed	1	unique_finite
391	9597	spain	1	unique_finite
391	9598	relict	1	unique_finite
391	9600	relict	1	unique_finite
391	9602	spain	1	unique_finite
391	9606	relict	1	unique_finite
391	9607	asia	1	unique_finite
391	9612	asia	1	unique_finite
391	9619	asia	1	unique_finite
391	9620	asia	1	unique_finite
391	9625	asia	1	unique_finite
391	9628	asia	1	unique_finite
391	9629	asia	1	unique_finite
391	9632	asia	1	unique_finite
391	9634	asia	1	unique_finite
391	9637	asia	1	unique_finite
391	9640	asia	1	unique_finite
391	9643	asia	1	unique_finite
391	9649	italy_balkan_caucasus	1	unique_finite
391	9653	italy_balkan_caucasus	1	unique_finite
391	9655	italy_balkan_caucasus	1	unique_finite
391	9657	italy_balkan_caucasus	1	unique_finite
391	9659	italy_balkan_caucasus	1	unique_finite
391	9665	central_europe	1	unique_finite
391	9669	central_europe	1	unique_finite
391	9697	italy_balkan_caucasus	1	unique_finite
391	9698	italy_balkan_caucasus	1	unique_finite
391	9699	italy_balkan_caucasus	1	unique_finite
391	9704	italy_balkan_caucasus	1	unique_finite
391	9712	italy_balkan_caucasus	1	unique_finite
391	9713	italy_balkan_caucasus	1	unique_finite
391	9716	italy_balkan_caucasus	1	unique_finite
391	9719	italy_balkan_caucasus	1	unique_finite
391	9721	italy_balkan_caucasus	1	unique_finite
391	9723	italy_balkan_caucasus	1	unique_finite
391	9726	italy_balkan_caucasus	1	unique_finite
391	9727	central_europe	1	unique_finite
391	9730	central_europe	1	unique_finite
391	9733	central_europe	1	unique_finite
391	9736	admixed	1	unique_finite
391	9737	asia	1	unique_finite
391	9739	central_europe	1	unique_finite
391	9741	central_europe	1	unique_finite
391	9743	admixed	1	unique_finite
391	9745	asia	1	unique_finite
391	9748	admixed	1	unique_finite
391	9749	italy_balkan_caucasus	1	unique_finite
391	9757	italy_balkan_caucasus	1	unique_finite
391	9758	asia	1	unique_finite
391	9759	italy_balkan_caucasus	1	unique_finite
391	9766	asia	1	unique_finite
391	9768	central_europe	1	unique_finite
391	9769	central_europe	1	unique_finite
391	9770	central_europe	1	unique_finite
391	9774	central_europe	1	unique_finite
391	9775	central_europe	1	unique_finite
391	9776	central_europe	1	unique_finite
391	9778	central_europe	1	unique_finite
391	9779	central_europe	1	unique_finite
391	9781	central_europe	1	unique_finite
391	9782	central_europe	1	unique_finite
391	9784	central_europe	1	unique_finite
391	9785	central_europe	1	unique_finite
391	9793	central_europe	1	unique_finite
391	9794	central_europe	1	unique_finite
391	9796	central_europe	1	unique_finite
391	9798	central_europe	1	unique_finite
391	9800	central_europe	1	unique_finite
391	9801	central_europe	1	unique_finite
391	9803	central_europe	1	unique_finite
391	9804	central_europe	1	unique_finite
391	9811	central_europe	1	unique_finite
391	9813	central_europe	1	unique_finite
391	9814	central_europe	1	unique_finite
391	9815	central_europe	1	unique_finite
391	9816	central_europe	1	unique_finite
391	9908	western_europe	1	unique_finite
391	9909	western_europe	1	unique_finite
391	9910	western_europe	1	unique_finite
391	9914	central_europe	1	unique_finite
391	9917	western_europe	1	unique_finite
391	992	south_sweden	1	unique_finite
391	9920	germany	1	unique_finite
391	9925	western_europe	1	unique_finite
391	9926	western_europe	1	unique_finite
391	9929	western_europe	1	unique_finite
391	9930	central_europe	1	unique_finite
391	9932	admixed	1	unique_finite
391	9933	admixed	1	unique_finite
391	9939	relict	1	unique_finite
391	9941	western_europe	1	unique_finite
391	9942	spain	1	unique_finite
391	9943	spain	2	needs_resolution
391	9944	relict	1	unique_finite
391	9945	admixed	1	unique_finite
391	9946	spain	1	unique_finite
391	9947	relict	1	unique_finite
391	9948	spain	1	unique_finite
391	9951	asia	1	unique_finite
391	9958	asia	1	unique_finite
391	9959	asia	1	unique_finite
391	9960	asia	1	unique_finite
391	9965	italy_balkan_caucasus	1	unique_finite
391	9966	italy_balkan_caucasus	1	unique_finite
391	9968	italy_balkan_caucasus	1	unique_finite
391	9970	central_europe	1	unique_finite
391	9971	central_europe	1	unique_finite
391	9972	central_europe	1	unique_finite
391	9973	central_europe	1	unique_finite
391	9974	central_europe	1	unique_finite
391	9975	central_europe	1	unique_finite
391	9976	central_europe	1	unique_finite
391	9978	central_europe	1	unique_finite
391	9979	central_europe	1	unique_finite
391	9980	italy_balkan_caucasus	1	unique_finite
391	9983	admixed	1	unique_finite
391	9985	italy_balkan_caucasus	1	unique_finite
391	9986	italy_balkan_caucasus	1	unique_finite
391	9987	italy_balkan_caucasus	1	unique_finite
391	9988	italy_balkan_caucasus	1	unique_finite
391	9993	admixed	1	unique_finite
391	9995	central_europe	1	unique_finite
391	9996	central_europe	1	unique_finite
391	9997	central_europe	1	unique_finite
391	9998	admixed	1	unique_finite
391	9999	central_europe	1	unique_finite
