trait_id	name	study	doi	unit	catalog_num_values	raw_row_n	finite_row_n	unique_accession_n	finite_unique_accession_n	panel_intersection_n	finite_panel_intersection_n	duplicate_accession_n	max_rows_per_accession	group_counts	values_sha256	retrieval_status
1	FT Diameter Field	Atwell et. al, Nature 2010	10.21958/phenotype:1	length unit	180	180	180	180	180	120	120	0	1	"{""admixed"": 12, ""asia"": 6, ""central_europe"": 22, ""germany"": 20, ""north_sweden"": 14, ""relict"": 1, ""south_sweden"": 21, ""spain"": 7, ""western_europe"": 17}"	9b5d7d3a80c72ad803650973b2b95b848db4d049bc3e730ad89e7ba8ac3073ad	ok
2	At2 CFU2	Atwell et. al, Nature 2010	10.21958/phenotype:2	colony forming unit	175	175	175	175	175	119	119	0	1	"{""admixed"": 11, ""asia"": 6, ""central_europe"": 21, ""germany"": 20, ""north_sweden"": 14, ""relict"": 1, ""south_sweden"": 22, ""spain"": 7, ""western_europe"": 17}"	a522eb39c8268e71de582f5b2e3a90b6e843a5b2c5f419245c4b933289465cc1	ok
3	Leaf serr 16	Atwell et. al, Nature 2010	10.21958/phenotype:3	dimensionless unit	176	176	176	176	176	118	118	0	1	"{""admixed"": 11, ""asia"": 6, ""central_europe"": 21, ""germany"": 19, ""north_sweden"": 14, ""relict"": 1, ""south_sweden"": 22, ""spain"": 7, ""western_europe"": 17}"	2282aabcc7cc1db3a0861fb1f70d43cb8ae339f96297b98764c5bd0cbf96d397	ok
4	Seed bank 133-91	Atwell et. al, Nature 2010	10.21958/phenotype:4	dimensionless unit	110	110	110	110	110	69	69	0	1	"{""admixed"": 7, ""asia"": 5, ""central_europe"": 11, ""germany"": 15, ""north_sweden"": 9, ""relict"": 1, ""south_sweden"": 1, ""spain"": 5, ""western_europe"": 15}"	d004b1e061e626ce9dcc3f839f5abd12ca53560a1b26e1fd97f039bc4cb060c3	ok
5	Na23	Atwell et. al, Nature 2010	10.21958/phenotype:5	concentration unit	93	93	93	93	93	62	62	0	1	"{""admixed"": 6, ""asia"": 4, ""central_europe"": 11, ""germany"": 12, ""north_sweden"": 10, ""relict"": 1, ""south_sweden"": 1, ""spain"": 4, ""western_europe"": 13}"	3ac241ba7bb856ebc72d4a0398072a220ee0b18dda717d999c316becc6c15f04	ok
6	Leaf serr 10	Atwell et. al, Nature 2010	10.21958/phenotype:6	dimensionless unit	174	174	174	174	174	118	118	0	1	"{""admixed"": 11, ""asia"": 6, ""central_europe"": 22, ""germany"": 18, ""north_sweden"": 14, ""relict"": 1, ""south_sweden"": 22, ""spain"": 7, ""western_europe"": 17}"	7a91772317ddc5159b979a145d26bb51a294f2ad7b6417587783d8b7f25a4eef	ok
7	Emco5	Atwell et. al, Nature 2010	10.21958/phenotype:7	dimensionless unit	86	86	86	86	86	56	56	0	1	"{""admixed"": 6, ""asia"": 4, ""central_europe"": 10, ""germany"": 11, ""north_sweden"": 7, ""relict"": 1, ""south_sweden"": 1, ""spain"": 4, ""western_europe"": 12}"	a3d73582ace180f2d9ad9e7145126637b9bc536e9c00701f378b01b59924ac57	ok
8	Leaf roll 16	Atwell et. al, Nature 2010	10.21958/phenotype:8	dimensionless unit	176	176	176	176	176	118	118	0	1	"{""admixed"": 11, ""asia"": 6, ""central_europe"": 21, ""germany"": 19, ""north_sweden"": 14, ""relict"": 1, ""south_sweden"": 22, ""spain"": 7, ""western_europe"": 17}"	0014537c398d8587c1e55e299835b51cd2ee50d392ca2e6e7cb46534db8cb119	ok
9	Leaf roll 10	Atwell et. al, Nature 2010	10.21958/phenotype:9	dimensionless unit	177	177	177	177	177	119	119	0	1	"{""admixed"": 11, ""asia"": 6, ""central_europe"": 22, ""germany"": 19, ""north_sweden"": 14, ""relict"": 1, ""south_sweden"": 22, ""spain"": 7, ""western_europe"": 17}"	29d863999802872b6ddb9f9c24f7428e08a02c2eae7c5ad83503d9a5359391cb	ok
10	Bs	Atwell et. al, Nature 2010	10.21958/phenotype:10	count unit	175	175	175	175	175	119	119	0	1	"{""admixed"": 11, ""asia"": 6, ""central_europe"": 21, ""germany"": 20, ""north_sweden"": 14, ""relict"": 1, ""south_sweden"": 22, ""spain"": 7, ""western_europe"": 17}"	b04935b15d44ac5df8a145ca0b04b4f8514dbd776482761da0d0c91649f617ec	ok
11	2W	Atwell et. al, Nature 2010	10.21958/phenotype:11	day	152	152	152	152	152	103	103	0	1	"{""admixed"": 10, ""asia"": 6, ""central_europe"": 20, ""germany"": 15, ""north_sweden"": 12, ""relict"": 1, ""south_sweden"": 17, ""spain"": 6, ""western_europe"": 16}"	394bb05c902badf62babfda48fae7041596ed9fed5e8ebf8cbdb0a164db9ca09	ok
12	Rosette Erect 22	Atwell et. al, Nature 2010	10.21958/phenotype:12	dimensionless unit	176	176	176	176	176	118	118	0	1	"{""admixed"": 11, ""asia"": 6, ""central_europe"": 22, ""germany"": 19, ""north_sweden"": 14, ""relict"": 1, ""south_sweden"": 21, ""spain"": 7, ""western_europe"": 17}"	e518a2c839ebe4f0c688f26989f24484d3ef8ef1dc7cb608ebed3858108d71f8	ok
13	Cd114	Atwell et. al, Nature 2010	10.21958/phenotype:13	concentration unit	93	93	93	93	93	62	62	0	1	"{""admixed"": 6, ""asia"": 4, ""central_europe"": 11, ""germany"": 12, ""north_sweden"": 10, ""relict"": 1, ""south_sweden"": 1, ""spain"": 4, ""western_europe"": 13}"	543a1f01e1542263e4ee9ea1e201c3947579e5e538ec10db057e4c42224f85e5	ok
14	Width 16	Atwell et. al, Nature 2010	10.21958/phenotype:14	centimeter	175	175	175	175	175	117	117	0	1	"{""admixed"": 10, ""asia"": 6, ""central_europe"": 21, ""germany"": 19, ""north_sweden"": 14, ""relict"": 1, ""south_sweden"": 22, ""spain"": 7, ""western_europe"": 17}"	6c7069a9fa3b8e9b29ffb17a7ca57ebb13d0a1299ab0470effc22d25da74b1ab	ok
15	Storage 28 days	Atwell et. al, Nature 2010	10.21958/phenotype:15	percent	110	110	110	110	110	69	69	0	1	"{""admixed"": 7, ""asia"": 5, ""central_europe"": 11, ""germany"": 15, ""north_sweden"": 9, ""relict"": 1, ""south_sweden"": 1, ""spain"": 5, ""western_europe"": 15}"	10122ac7a86908913169e4db51ab1dc07c3f294b53c94131e6ca4bbb379c9e86	ok
16	LY 	Atwell et. al, Nature 2010	10.21958/phenotype:16	dimensionless unit	95	95	95	95	95	64	64	0	1	"{""admixed"": 6, ""asia"": 4, ""central_europe"": 11, ""germany"": 13, ""north_sweden"": 10, ""relict"": 1, ""south_sweden"": 1, ""spain"": 4, ""western_europe"": 14}"	d9a0f289c72cc34823424e8519019df99b5d0a9f32abba5fb2414a3d7cf0aee4	ok
17	avrRpm1	Atwell et. al, Nature 2010	10.21958/phenotype:17	dimensionless unit	84	84	84	84	84	58	58	0	1	"{""admixed"": 6, ""asia"": 4, ""central_europe"": 11, ""germany"": 11, ""north_sweden"": 8, ""relict"": 1, ""south_sweden"": 1, ""spain"": 3, ""western_europe"": 13}"	4605f1e21e2a76d0f5c245811178549c8d9b6812429b37ce5e4c12918965cb43	ok
18	Width 10	Atwell et. al, Nature 2010	10.21958/phenotype:18	centimeter	176	176	176	176	176	118	118	0	1	"{""admixed"": 10, ""asia"": 6, ""central_europe"": 22, ""germany"": 19, ""north_sweden"": 14, ""relict"": 1, ""south_sweden"": 22, ""spain"": 7, ""western_europe"": 17}"	350249fa220eb648495e037380e77297193374859b54c73c4fed5291a129a7b3	ok
19	Chlorosis 22	Atwell et. al, Nature 2010	10.21958/phenotype:19	dimensionless unit	176	176	176	176	176	118	118	0	1	"{""admixed"": 11, ""asia"": 6, ""central_europe"": 22, ""germany"": 19, ""north_sweden"": 14, ""relict"": 1, ""south_sweden"": 21, ""spain"": 7, ""western_europe"": 17}"	e97db3e1f3cc56d1e7867f5010f69ae61ccc407962ee28eb72ecb734da153e9f	ok
20	Storage 7 days	Atwell et. al, Nature 2010	10.21958/phenotype:20	percent	110	110	110	110	110	69	69	0	1	"{""admixed"": 7, ""asia"": 5, ""central_europe"": 11, ""germany"": 15, ""north_sweden"": 9, ""relict"": 1, ""south_sweden"": 1, ""spain"": 5, ""western_europe"": 15}"	b985ed0ac66a7f41efdcaf0119cf29ff686f81139496e7ac4573e465e6f1ab5f	ok
21	As2 CFU2	Atwell et. al, Nature 2010	10.21958/phenotype:21	colony forming unit	175	175	175	175	175	119	119	0	1	"{""admixed"": 11, ""asia"": 6, ""central_europe"": 21, ""germany"": 20, ""north_sweden"": 14, ""relict"": 1, ""south_sweden"": 22, ""spain"": 7, ""western_europe"": 17}"	7c52051c3eb0d0ecb14cd3289ee8fde640cbc40a75fcfbaf581dcecc2cff8487	ok
22	Co59	Atwell et. al, Nature 2010	10.21958/phenotype:22	concentration unit	93	93	93	93	93	62	62	0	1	"{""admixed"": 6, ""asia"": 4, ""central_europe"": 11, ""germany"": 12, ""north_sweden"": 10, ""relict"": 1, ""south_sweden"": 1, ""spain"": 4, ""western_europe"": 13}"	0d14f2ef788df77653d39a426a367871fdf41692786ea766b0c88a5867a45de5	ok
23	FW 	Atwell et. al, Nature 2010	10.21958/phenotype:23	gram	95	95	95	95	95	64	64	0	1	"{""admixed"": 6, ""asia"": 4, ""central_europe"": 11, ""germany"": 13, ""north_sweden"": 10, ""relict"": 1, ""south_sweden"": 1, ""spain"": 4, ""western_europe"": 14}"	d5632997a849a5f7896cdbfb5062385b3461ff33bd270510210465e22c290f68	ok
24	Cu65	Atwell et. al, Nature 2010	10.21958/phenotype:24	concentration unit	93	93	93	93	93	62	62	0	1	"{""admixed"": 6, ""asia"": 4, ""central_europe"": 11, ""germany"": 12, ""north_sweden"": 10, ""relict"": 1, ""south_sweden"": 1, ""spain"": 4, ""western_europe"": 13}"	dc3f98aefff30b2b984c70b090ec1701da002abc28049faa80b64793e58b0bcb	ok
25	Bacterial titer	Atwell et. al, Nature 2010	10.21958/phenotype:25	colony forming unit	95	95	95	95	95	64	64	0	1	"{""admixed"": 6, ""asia"": 4, ""central_europe"": 11, ""germany"": 13, ""north_sweden"": 10, ""relict"": 1, ""south_sweden"": 1, ""spain"": 4, ""western_europe"": 14}"	5b63aa1fdf60479111eb0024275c49ac9abf2679d8718033709bb6bc442a3802	ok
26	Width 22	Atwell et. al, Nature 2010	10.21958/phenotype:26	centimeter	175	175	175	175	175	117	117	0	1	"{""admixed"": 10, ""asia"": 6, ""central_europe"": 22, ""germany"": 19, ""north_sweden"": 14, ""relict"": 1, ""south_sweden"": 21, ""spain"": 7, ""western_europe"": 17}"	4fbe11fbcf847dc3c1cd3ab32573af6d5b8367c01545a811e1184a1be825100b	ok
27	Storage 56 days	Atwell et. al, Nature 2010	10.21958/phenotype:27	percent	110	110	110	110	110	69	69	0	1	"{""admixed"": 7, ""asia"": 5, ""central_europe"": 11, ""germany"": 15, ""north_sweden"": 9, ""relict"": 1, ""south_sweden"": 1, ""spain"": 5, ""western_europe"": 15}"	0f0372229caabc1814b25553373e2bb66fe3322d9e8bcc8538a06fd93f09178c	ok
28	YEL 	Atwell et. al, Nature 2010	10.21958/phenotype:28	dimensionless unit	95	95	95	95	95	64	64	0	1	"{""admixed"": 6, ""asia"": 4, ""central_europe"": 11, ""germany"": 13, ""north_sweden"": 10, ""relict"": 1, ""south_sweden"": 1, ""spain"": 4, ""western_europe"": 14}"	7f18ba9dc80f2bf8aafafeef028c59213a1555eaa1e2d42e7d3a76f81d1bf1ef	ok
29	FLC	Atwell et. al, Nature 2010	10.21958/phenotype:29	ratio	167	167	167	167	167	112	112	0	1	"{""admixed"": 11, ""asia"": 5, ""central_europe"": 21, ""germany"": 18, ""north_sweden"": 14, ""relict"": 1, ""south_sweden"": 21, ""spain"": 5, ""western_europe"": 16}"	bb162442eb2331d3f7f07531d70c4d40feeb72bd270d6091a454ec08bde60ec7	ok
30	FT16	Atwell et. al, Nature 2010	10.21958/phenotype:30	day	193	193	193	193	193	134	134	0	1	"{""admixed"": 15, ""asia"": 6, ""central_europe"": 23, ""germany"": 27, ""north_sweden"": 14, ""relict"": 1, ""south_sweden"": 23, ""spain"": 6, ""western_europe"": 19}"	ae167feadd3337ded7672ad4be79b2ff669e5bf4f4d72deb2250dbfcb059ee9a	ok
31	FT10	Atwell et. al, Nature 2010	10.21958/phenotype:31	day	194	194	194	194	194	135	135	0	1	"{""admixed"": 15, ""asia"": 6, ""central_europe"": 24, ""germany"": 27, ""north_sweden"": 14, ""relict"": 1, ""south_sweden"": 23, ""spain"": 6, ""western_europe"": 19}"	848c0af90bb1a9f5cbc2360c173ed27272d75fad561bf6a41487fb6096a4e824	ok
32	FT Duration GH	Atwell et. al, Nature 2010	10.21958/phenotype:32	day	147	147	147	147	147	92	92	0	1	"{""admixed"": 11, ""asia"": 6, ""central_europe"": 22, ""germany"": 17, ""relict"": 1, ""south_sweden"": 12, ""spain"": 7, ""western_europe"": 16}"	a61a9c8cef0597ca65d5436fef85d2f01990669757d02a340e8468e7bf56d4ad	ok
33	Se82	Atwell et. al, Nature 2010	10.21958/phenotype:33	concentration unit	93	93	93	93	93	62	62	0	1	"{""admixed"": 6, ""asia"": 4, ""central_europe"": 11, ""germany"": 12, ""north_sweden"": 10, ""relict"": 1, ""south_sweden"": 1, ""spain"": 4, ""western_europe"": 13}"	f3709b20fcbf79f86157c7056b5e9d42559fcab1d0a55c0c1081fb8986bc2d7a	ok
34	LDV	Atwell et. al, Nature 2010	10.21958/phenotype:34	day	168	168	168	168	168	112	112	0	1	"{""admixed"": 10, ""asia"": 6, ""central_europe"": 22, ""germany"": 17, ""north_sweden"": 14, ""relict"": 1, ""south_sweden"": 18, ""spain"": 7, ""western_europe"": 17}"	472f6a04baddff53be9f580f65165830cbe176de21ce9ab3d4c7879cee91be1e	ok
35	Noco2	Atwell et. al, Nature 2010	10.21958/phenotype:35	dimensionless unit	87	87	87	87	87	59	59	0	1	"{""admixed"": 6, ""asia"": 3, ""central_europe"": 10, ""germany"": 12, ""north_sweden"": 9, ""relict"": 1, ""south_sweden"": 1, ""spain"": 4, ""western_europe"": 13}"	9a4bf11eb99fc219bb5e4b2be03f10bfc9c47c596b4afb816dd18d0c56600074	ok
36	8W GH LN	Atwell et. al, Nature 2010	10.21958/phenotype:36	count unit	163	163	163	163	163	105	105	0	1	"{""admixed"": 11, ""asia"": 6, ""central_europe"": 22, ""germany"": 19, ""north_sweden"": 9, ""relict"": 1, ""south_sweden"": 15, ""spain"": 6, ""western_europe"": 16}"	08bcafdcbf04484da9fef373889eebae7bf5f3eff6c1f0b39c57ef7080b86ab6	ok
37	0W	Atwell et. al, Nature 2010	10.21958/phenotype:37	day	137	137	137	137	137	92	92	0	1	"{""admixed"": 8, ""asia"": 6, ""central_europe"": 20, ""germany"": 14, ""north_sweden"": 8, ""relict"": 1, ""south_sweden"": 15, ""spain"": 6, ""western_europe"": 14}"	dacb9e3abf7bb36ae0fee552a435dc7fa986a00623f9a02ef9ba427a27454829	ok
38	MT GH	Atwell et. al, Nature 2010	10.21958/phenotype:38	day	147	147	147	147	147	92	92	0	1	"{""admixed"": 11, ""asia"": 6, ""central_europe"": 22, ""germany"": 17, ""relict"": 1, ""south_sweden"": 12, ""spain"": 7, ""western_europe"": 16}"	263520a29f4e5d992c251c454727f981cf3cc378d5c98e890d4e5b2c3c9de453	ok
39	After Vern Growth	Atwell et. al, Nature 2010	10.21958/phenotype:39	ratio	110	110	110	110	110	69	69	0	1	"{""admixed"": 7, ""asia"": 5, ""central_europe"": 11, ""germany"": 15, ""north_sweden"": 9, ""relict"": 1, ""south_sweden"": 1, ""spain"": 5, ""western_europe"": 15}"	535218490fc486b63f64254a1fa93db4e1a385a2c93b441c4b01a0e7deb60b22	ok
40	Aphid number	Atwell et. al, Nature 2010	10.21958/phenotype:40	count unit	94	94	94	94	94	63	63	0	1	"{""admixed"": 6, ""asia"": 4, ""central_europe"": 11, ""germany"": 12, ""north_sweden"": 10, ""relict"": 1, ""south_sweden"": 1, ""spain"": 4, ""western_europe"": 14}"	fd1e5c0ceaaa94921ca14e106e84636ff04f2aa08256c151092dcc971b0aa369	ok
41	LN22	Atwell et. al, Nature 2010	10.21958/phenotype:41	count unit	176	176	176	176	176	118	118	0	1	"{""admixed"": 11, ""asia"": 6, ""central_europe"": 22, ""germany"": 19, ""north_sweden"": 14, ""relict"": 1, ""south_sweden"": 21, ""spain"": 7, ""western_europe"": 17}"	e051dd8a9c78820500fe72f9bd69e4ab2880fb79b14e1367e9dd9374ab772ce8	ok
42	Bs CFU2	Atwell et. al, Nature 2010	10.21958/phenotype:42	colony forming unit	175	175	175	175	175	119	119	0	1	"{""admixed"": 11, ""asia"": 6, ""central_europe"": 21, ""germany"": 20, ""north_sweden"": 14, ""relict"": 1, ""south_sweden"": 22, ""spain"": 7, ""western_europe"": 17}"	2850e40553e43d9a65bcc18efc24b823c6601c7b4b675d8080e6a81067cbe57d	ok
43	avrRpt2	Atwell et. al, Nature 2010	10.21958/phenotype:43	dimensionless unit	89	89	89	89	89	62	62	0	1	"{""admixed"": 6, ""asia"": 4, ""central_europe"": 11, ""germany"": 13, ""north_sweden"": 10, ""relict"": 1, ""south_sweden"": 1, ""spain"": 3, ""western_europe"": 13}"	9212ea2f490395ac45b769238237dd5a7405e60b3b29519d394e480bbfc7f9dd	ok
44	Hypocotyl length	Atwell et. al, Nature 2010	10.21958/phenotype:44	centimeter	89	89	89	89	89	61	61	0	1	"{""admixed"": 6, ""asia"": 4, ""central_europe"": 11, ""germany"": 12, ""north_sweden"": 9, ""relict"": 1, ""spain"": 4, ""western_europe"": 14}"	eb14daa0b92a0b7f16461f61fda360ac41939d942e11bf044c7b7acda6c2403a	ok
45	Germ 22	Atwell et. al, Nature 2010	10.21958/phenotype:45	day	177	177	177	177	177	119	119	0	1	"{""admixed"": 11, ""asia"": 6, ""central_europe"": 22, ""germany"": 19, ""north_sweden"": 14, ""relict"": 1, ""south_sweden"": 22, ""spain"": 7, ""western_europe"": 17}"	2691fa0c94a4b9dc00d535c18b791a03f7bae8569a46a7371fa6adaefdb29d31	ok
46	Leaf roll 22	Atwell et. al, Nature 2010	10.21958/phenotype:46	dimensionless unit	176	176	176	176	176	118	118	0	1	"{""admixed"": 11, ""asia"": 6, ""central_europe"": 22, ""germany"": 19, ""north_sweden"": 14, ""relict"": 1, ""south_sweden"": 21, ""spain"": 7, ""western_europe"": 17}"	a815e9d608dc74678f7a8c2347f81c14652c441c271ebf41c93465c619fd6a46	ok
47	SD	Atwell et. al, Nature 2010	10.21958/phenotype:47	day	162	162	162	162	162	107	107	0	1	"{""admixed"": 10, ""asia"": 5, ""central_europe"": 21, ""germany"": 16, ""north_sweden"": 13, ""relict"": 1, ""south_sweden"": 18, ""spain"": 7, ""western_europe"": 16}"	6e43dea63eae42bccf206339aa31cdbb425a6ed4fae33b575ec20899f0ae9bbd	ok
48	8W	Atwell et. al, Nature 2010	10.21958/phenotype:48	day	155	155	155	155	155	106	106	0	1	"{""admixed"": 10, ""asia"": 6, ""central_europe"": 21, ""germany"": 17, ""north_sweden"": 12, ""relict"": 1, ""south_sweden"": 19, ""spain"": 6, ""western_europe"": 14}"	8f0fdfd243240c3ebcb02b932b64967db126e04188ddb34d5577d5049cb42a50	ok
49	FT GH	Atwell et. al, Nature 2010	10.21958/phenotype:49	day	166	166	166	166	166	109	109	0	1	"{""admixed"": 12, ""asia"": 6, ""central_europe"": 22, ""germany"": 18, ""north_sweden"": 9, ""relict"": 1, ""south_sweden"": 17, ""spain"": 7, ""western_europe"": 17}"	22e933456ba417abad68fee327e89569596a0954285e432d5ae9b6504a5ef061	ok
50	DSDS50	Atwell et. al, Nature 2010	10.21958/phenotype:50	day	109	109	109	109	109	68	68	0	1	"{""admixed"": 7, ""asia"": 5, ""central_europe"": 10, ""germany"": 15, ""north_sweden"": 9, ""relict"": 1, ""south_sweden"": 1, ""spain"": 5, ""western_europe"": 15}"	66fc0d89f38c84d92f46808d6727e8c3771e08140974fff13bceb84c30dd8f2e	ok
51	Ca43	Atwell et. al, Nature 2010	10.21958/phenotype:51	concentration unit	93	93	93	93	93	62	62	0	1	"{""admixed"": 6, ""asia"": 4, ""central_europe"": 11, ""germany"": 12, ""north_sweden"": 10, ""relict"": 1, ""south_sweden"": 1, ""spain"": 4, ""western_europe"": 13}"	18b716b4e516a6cb1e3d77feb665a088e58bc1794c836d6d3f2bceae6c935505	ok
52	LC Duration GH	Atwell et. al, Nature 2010	10.21958/phenotype:52	day	147	147	147	147	147	92	92	0	1	"{""admixed"": 11, ""asia"": 6, ""central_europe"": 22, ""germany"": 17, ""relict"": 1, ""south_sweden"": 12, ""spain"": 7, ""western_europe"": 16}"	d9cde908f97c802b5eeb4665b32a64ba8e553eba99c897656cce140f0aa94f1c	ok
53	0W GH FT	Atwell et. al, Nature 2010	10.21958/phenotype:53	day	153	153	153	153	153	102	102	0	1	"{""admixed"": 11, ""asia"": 5, ""central_europe"": 20, ""germany"": 18, ""north_sweden"": 12, ""relict"": 1, ""south_sweden"": 17, ""spain"": 4, ""western_europe"": 14}"	aaf12f86d21677b3e999d0643072bc1f86288041830ed50fdabeb301ab4c62b2	ok
54	B11	Atwell et. al, Nature 2010	10.21958/phenotype:54	concentration unit	93	93	93	93	93	62	62	0	1	"{""admixed"": 6, ""asia"": 4, ""central_europe"": 11, ""germany"": 12, ""north_sweden"": 10, ""relict"": 1, ""south_sweden"": 1, ""spain"": 4, ""western_europe"": 13}"	7a27e51e5cedbf96691004157be14cc72344ae7c7f9a707383404fa3069da011	ok
55	Chlorosis 10	Atwell et. al, Nature 2010	10.21958/phenotype:55	dimensionless unit	177	177	177	177	177	119	119	0	1	"{""admixed"": 11, ""asia"": 6, ""central_europe"": 22, ""germany"": 19, ""north_sweden"": 14, ""relict"": 1, ""south_sweden"": 22, ""spain"": 7, ""western_europe"": 17}"	2a4686eb46dde4ebc28870876900eaf52f46b45c491c1fd931ce1c1b13dfdba4	ok
56	RP GH	Atwell et. al, Nature 2010	10.21958/phenotype:56	day	147	147	147	147	147	92	92	0	1	"{""admixed"": 11, ""asia"": 6, ""central_europe"": 22, ""germany"": 17, ""relict"": 1, ""south_sweden"": 12, ""spain"": 7, ""western_europe"": 16}"	c710d6d444c24fe3b3b3385149cf3cafa602e3e28fe644334cdeb72172ebd8c7	ok
57	Chlorosis 16	Atwell et. al, Nature 2010	10.21958/phenotype:57	dimensionless unit	176	176	176	176	176	118	118	0	1	"{""admixed"": 11, ""asia"": 6, ""central_europe"": 21, ""germany"": 19, ""north_sweden"": 14, ""relict"": 1, ""south_sweden"": 22, ""spain"": 7, ""western_europe"": 17}"	3db7783692ffb880727fc672c36215fa3bf7fcab7bc331cd35b96321ebdc6f0c	ok
58	LFS GH	Atwell et. al, Nature 2010	10.21958/phenotype:58	day	148	148	148	148	148	93	93	0	1	"{""admixed"": 11, ""asia"": 6, ""central_europe"": 22, ""germany"": 17, ""north_sweden"": 1, ""relict"": 1, ""south_sweden"": 12, ""spain"": 7, ""western_europe"": 16}"	44e6850d494c1b9e9fd188c032b85d51405efe5a1f059c122572d48396d8e598	ok
59	Germ 10	Atwell et. al, Nature 2010	10.21958/phenotype:59	day	177	177	177	177	177	119	119	0	1	"{""admixed"": 11, ""asia"": 6, ""central_europe"": 22, ""germany"": 19, ""north_sweden"": 14, ""relict"": 1, ""south_sweden"": 22, ""spain"": 7, ""western_europe"": 17}"	025330a124b939c5a3d55c651c3acd61ec59aa4ddb2caeebea61d963d9c58b1b	ok
60	Germ 16	Atwell et. al, Nature 2010	10.21958/phenotype:60	day	176	176	176	176	176	118	118	0	1	"{""admixed"": 11, ""asia"": 6, ""central_europe"": 21, ""germany"": 19, ""north_sweden"": 14, ""relict"": 1, ""south_sweden"": 22, ""spain"": 7, ""western_europe"": 17}"	af2ebd7687715adb6fcc81d46702788a15bc7d7e29f11b1ba0d55ff6ac2c215a	ok
61	Anthocyanin 16	Atwell et. al, Nature 2010	10.21958/phenotype:61	dimensionless unit	176	176	176	176	176	118	118	0	1	"{""admixed"": 11, ""asia"": 6, ""central_europe"": 21, ""germany"": 19, ""north_sweden"": 14, ""relict"": 1, ""south_sweden"": 22, ""spain"": 7, ""western_europe"": 17}"	42e0aefee4d3168b11f55636af7a30dc024f573009d362ad335c40d9f79cff13	ok
62	Anthocyanin 10	Atwell et. al, Nature 2010	10.21958/phenotype:62	dimensionless unit	177	177	177	177	177	119	119	0	1	"{""admixed"": 11, ""asia"": 6, ""central_europe"": 22, ""germany"": 19, ""north_sweden"": 14, ""relict"": 1, ""south_sweden"": 22, ""spain"": 7, ""western_europe"": 17}"	e7f60baf58b378e4e14a37639b7df6f74b432b8f773ad7a7b0d5e122cb58cccd	ok
63	At1 CFU2	Atwell et. al, Nature 2010	10.21958/phenotype:63	colony forming unit	175	175	175	175	175	119	119	0	1	"{""admixed"": 11, ""asia"": 6, ""central_europe"": 21, ""germany"": 20, ""north_sweden"": 14, ""relict"": 1, ""south_sweden"": 22, ""spain"": 7, ""western_europe"": 17}"	c0f3e06f00d70f2bf4c5537dc552acb76928db511042300af8a466cfa9a1ac19	ok
64	Ni60	Atwell et. al, Nature 2010	10.21958/phenotype:64	concentration unit	93	93	93	93	93	62	62	0	1	"{""admixed"": 6, ""asia"": 4, ""central_europe"": 11, ""germany"": 12, ""north_sweden"": 10, ""relict"": 1, ""south_sweden"": 1, ""spain"": 4, ""western_europe"": 13}"	7edc2fe925db4a6d9c202f159b69cefd1df8b1eaaaf645cb8c665712aa845a5f	ok
65	P31	Atwell et. al, Nature 2010	10.21958/phenotype:65	concentration unit	93	93	93	93	93	62	62	0	1	"{""admixed"": 6, ""asia"": 4, ""central_europe"": 11, ""germany"": 12, ""north_sweden"": 10, ""relict"": 1, ""south_sweden"": 1, ""spain"": 4, ""western_europe"": 13}"	4c115ba53e69bba22afcde02b1cd27d2b34c8aecefcbd4140723e7f6d502e556	ok
66	Emwa1	Atwell et. al, Nature 2010	10.21958/phenotype:66	dimensionless unit	85	85	85	85	85	58	58	0	1	"{""admixed"": 6, ""asia"": 4, ""central_europe"": 9, ""germany"": 11, ""north_sweden"": 8, ""relict"": 1, ""south_sweden"": 1, ""spain"": 4, ""western_europe"": 14}"	b21381373397c425dcf5220171fc2c7abdcbcd0a60669ef834e2755d3734942c	ok
67	As75	Atwell et. al, Nature 2010	10.21958/phenotype:67	concentration unit	93	93	93	93	93	62	62	0	1	"{""admixed"": 6, ""asia"": 4, ""central_europe"": 11, ""germany"": 12, ""north_sweden"": 10, ""relict"": 1, ""south_sweden"": 1, ""spain"": 4, ""western_europe"": 13}"	63e17f085e023c702a11f61afbeb4018e464cadac32732d2fa3f989109008809	ok
68	Germ in dark	Atwell et. al, Nature 2010	10.21958/phenotype:68	percent	93	93	93	93	93	59	59	0	1	"{""admixed"": 7, ""asia"": 2, ""central_europe"": 11, ""germany"": 12, ""north_sweden"": 9, ""relict"": 1, ""south_sweden"": 1, ""spain"": 5, ""western_europe"": 11}"	8e6fa59675f7b49311f440b5a189eccf080b53ced6cf16399857e5fba1761b0e	ok
69	FRI	Atwell et. al, Nature 2010	10.21958/phenotype:69	ratio	164	164	164	164	164	111	111	0	1	"{""admixed"": 11, ""asia"": 5, ""central_europe"": 21, ""germany"": 17, ""north_sweden"": 14, ""relict"": 1, ""south_sweden"": 21, ""spain"": 5, ""western_europe"": 16}"	9a290a254473037603eec0a0aeff2e25e83a00225026cb685a532f4506fcf47b	ok
70	As CFU2	Atwell et. al, Nature 2010	10.21958/phenotype:70	colony forming unit	175	175	175	175	175	119	119	0	1	"{""admixed"": 11, ""asia"": 6, ""central_europe"": 21, ""germany"": 20, ""north_sweden"": 14, ""relict"": 1, ""south_sweden"": 22, ""spain"": 7, ""western_europe"": 17}"	f5ac4b7323e6125208312fe0e3d505de9b41f71e930527ab93aa6930b5f9ba75	ok
71	Trichome avg C	Atwell et. al, Nature 2010	10.21958/phenotype:71	count unit	94	94	94	94	94	63	63	0	1	"{""admixed"": 6, ""asia"": 4, ""central_europe"": 11, ""germany"": 13, ""north_sweden"": 10, ""relict"": 1, ""south_sweden"": 1, ""spain"": 4, ""western_europe"": 13}"	d515a4e7c161c1726a62194aa0db1ba3953e1e01c552b877c349703066cc3c20	ok
72	Vern Growth	Atwell et. al, Nature 2010	10.21958/phenotype:72	percent	110	110	110	110	110	69	69	0	1	"{""admixed"": 7, ""asia"": 5, ""central_europe"": 11, ""germany"": 15, ""north_sweden"": 9, ""relict"": 1, ""south_sweden"": 1, ""spain"": 5, ""western_europe"": 15}"	8b4aeb383a238f36a2452a58dbe859609ac9363626478f7c491bcc3e19d068d2	ok
73	Mo98	Atwell et. al, Nature 2010	10.21958/phenotype:73	concentration unit	93	93	93	93	93	62	62	0	1	"{""admixed"": 6, ""asia"": 4, ""central_europe"": 11, ""germany"": 12, ""north_sweden"": 10, ""relict"": 1, ""south_sweden"": 1, ""spain"": 4, ""western_europe"": 13}"	84e3115f5a24061476ba76c0dbb150c35fb03061aee720d4da7fde8b70372727	ok
74	Hiks1	Atwell et. al, Nature 2010	10.21958/phenotype:74	dimensionless unit	84	84	84	84	84	55	55	0	1	"{""admixed"": 5, ""asia"": 3, ""central_europe"": 10, ""germany"": 11, ""north_sweden"": 9, ""south_sweden"": 1, ""spain"": 3, ""western_europe"": 13}"	b557a136af3ddb17941d21c14b18acfa749d3290006db17c79244863a4e625ec	ok
75	Anthocyanin 22	Atwell et. al, Nature 2010	10.21958/phenotype:75	dimensionless unit	177	177	177	177	177	119	119	0	1	"{""admixed"": 11, ""asia"": 6, ""central_europe"": 22, ""germany"": 19, ""north_sweden"": 14, ""relict"": 1, ""south_sweden"": 22, ""spain"": 7, ""western_europe"": 17}"	977e8c438ec9bee462da0587c519d21af477f9d56d3e629e1e490c668433c671	ok
76	Zn66	Atwell et. al, Nature 2010	10.21958/phenotype:76	concentration unit	93	93	93	93	93	62	62	0	1	"{""admixed"": 6, ""asia"": 4, ""central_europe"": 11, ""germany"": 12, ""north_sweden"": 10, ""relict"": 1, ""south_sweden"": 1, ""spain"": 4, ""western_europe"": 13}"	6b7a5c6c69781d88c54a7070d7b1c0457878c28f1408faa2ce61c8e3da8e4415	ok
77	Trichome avg JA	Atwell et. al, Nature 2010	10.21958/phenotype:77	count unit	94	94	94	94	94	63	63	0	1	"{""admixed"": 6, ""asia"": 4, ""central_europe"": 11, ""germany"": 13, ""north_sweden"": 10, ""relict"": 1, ""south_sweden"": 1, ""spain"": 4, ""western_europe"": 13}"	2a92660ed76c28f70e253f846c8f09da92b6a1fad180c25bd91d9313dd083a20	ok
78	LES	Atwell et. al, Nature 2010	10.21958/phenotype:78	dimensionless unit	95	95	95	95	95	64	64	0	1	"{""admixed"": 6, ""asia"": 4, ""central_europe"": 11, ""germany"": 13, ""north_sweden"": 10, ""relict"": 1, ""south_sweden"": 1, ""spain"": 4, ""western_europe"": 14}"	408617f4d438c39fc0bb0601d1754eb36301313eac1c76b7f7561d6dab7a24cc	ok
79	Silique 16	Atwell et. al, Nature 2010	10.21958/phenotype:79	centimeter	95	95	95	95	95	64	64	0	1	"{""admixed"": 6, ""asia"": 4, ""central_europe"": 11, ""germany"": 13, ""north_sweden"": 10, ""relict"": 1, ""south_sweden"": 1, ""spain"": 4, ""western_europe"": 14}"	f0da7196929ef81670884d12d737d13538661501107337afd18c880378229b73	ok
80	Emoy*	Atwell et. al, Nature 2010	10.21958/phenotype:80	dimensionless unit	76	76	76	76	76	51	51	0	1	"{""admixed"": 6, ""asia"": 4, ""central_europe"": 9, ""germany"": 10, ""north_sweden"": 4, ""relict"": 1, ""spain"": 3, ""western_europe"": 14}"	fa5d1be6fdb470a3968deeda37569c5fd60332619028898c6682bd55ef522f24	ok
81	K39	Atwell et. al, Nature 2010	10.21958/phenotype:81	concentration unit	93	93	93	93	93	62	62	0	1	"{""admixed"": 6, ""asia"": 4, ""central_europe"": 11, ""germany"": 12, ""north_sweden"": 10, ""relict"": 1, ""south_sweden"": 1, ""spain"": 4, ""western_europe"": 13}"	d5197459f6ecc18b10b1caa50c8f96c23c541f83baea7c9f304405bb5d330f14	ok
82	0W GH LN	Atwell et. al, Nature 2010	10.21958/phenotype:82	count unit	135	135	135	135	135	81	81	0	1	"{""admixed"": 10, ""asia"": 5, ""central_europe"": 21, ""germany"": 16, ""north_sweden"": 1, ""relict"": 1, ""south_sweden"": 10, ""spain"": 4, ""western_europe"": 13}"	44b0ccbf2aa88740d4476d4f02a68fc9a5c502f1a2dca6a48ed36f70751bcd27	ok
83	At2	Atwell et. al, Nature 2010	10.21958/phenotype:83	colony forming unit	175	175	175	175	175	119	119	0	1	"{""admixed"": 11, ""asia"": 6, ""central_europe"": 21, ""germany"": 20, ""north_sweden"": 14, ""relict"": 1, ""south_sweden"": 22, ""spain"": 7, ""western_europe"": 17}"	4f28406d235ecdd4259fbf0f8b9c842abf660846aee85aad67df181e2bb218be	ok
84	At1	Atwell et. al, Nature 2010	10.21958/phenotype:84	colony forming unit	175	175	175	175	175	119	119	0	1	"{""admixed"": 11, ""asia"": 6, ""central_europe"": 21, ""germany"": 20, ""north_sweden"": 14, ""relict"": 1, ""south_sweden"": 22, ""spain"": 7, ""western_europe"": 17}"	3f1ae96466a1802a413f98712b2dda19aa2aeedd01b81b7ba69b2602f7aa8ee7	ok
85	LN10	Atwell et. al, Nature 2010	10.21958/phenotype:85	count unit	177	177	177	177	177	119	119	0	1	"{""admixed"": 11, ""asia"": 6, ""central_europe"": 22, ""germany"": 19, ""north_sweden"": 14, ""relict"": 1, ""south_sweden"": 22, ""spain"": 7, ""western_europe"": 17}"	092f5ab42565818295dd777802e13add3ca2bd711810c3492c80a0a1aadf0b84	ok
86	FT Field	Atwell et. al, Nature 2010	10.21958/phenotype:86	day	180	180	180	180	180	120	120	0	1	"{""admixed"": 12, ""asia"": 6, ""central_europe"": 22, ""germany"": 20, ""north_sweden"": 14, ""relict"": 1, ""south_sweden"": 21, ""spain"": 7, ""western_europe"": 17}"	bcb6e9a86650f56c44e9d778753366ea87ba3795f29906498ce1abb38261ba44	ok
87	LN16	Atwell et. al, Nature 2010	10.21958/phenotype:87	count unit	176	176	176	176	176	118	118	0	1	"{""admixed"": 11, ""asia"": 6, ""central_europe"": 21, ""germany"": 19, ""north_sweden"": 14, ""relict"": 1, ""south_sweden"": 22, ""spain"": 7, ""western_europe"": 17}"	d17dc4166a8c9e72b4574b0c752fa5a56803c54dfa112a0fe698321df464b754	ok
88	avrB	Atwell et. al, Nature 2010	10.21958/phenotype:88	dimensionless unit	87	87	87	87	87	60	60	0	1	"{""admixed"": 6, ""asia"": 4, ""central_europe"": 11, ""germany"": 13, ""north_sweden"": 8, ""relict"": 1, ""south_sweden"": 1, ""spain"": 3, ""western_europe"": 13}"	94164455493515e818a83012ede632b140ef0dd411a02a7851338dfd0b0b7a40	ok
89	LD	Atwell et. al, Nature 2010	10.21958/phenotype:89	day	167	167	167	167	167	113	113	0	1	"{""admixed"": 10, ""asia"": 6, ""central_europe"": 22, ""germany"": 18, ""north_sweden"": 14, ""relict"": 1, ""south_sweden"": 18, ""spain"": 7, ""western_europe"": 17}"	8f0bd2fcaa15a17f029ecf97aa64813f5adee45deec8760fcb2d4cfc67d0c570	ok
90	Seedling Growth	Atwell et. al, Nature 2010	10.21958/phenotype:90	ratio	100	100	100	100	100	60	60	0	1	"{""admixed"": 6, ""asia"": 5, ""central_europe"": 11, ""germany"": 13, ""north_sweden"": 5, ""relict"": 1, ""spain"": 5, ""western_europe"": 14}"	eb46736137223e260767f928b4ad4888862393f551a11d2001d0b65160cd921a	ok
91	S34	Atwell et. al, Nature 2010	10.21958/phenotype:91	concentration unit	93	93	93	93	93	62	62	0	1	"{""admixed"": 6, ""asia"": 4, ""central_europe"": 11, ""germany"": 12, ""north_sweden"": 10, ""relict"": 1, ""south_sweden"": 1, ""spain"": 4, ""western_europe"": 13}"	7a4345d8e7981f09448d80061784325d02aafdae8bf68758965bc568dbdf82b0	ok
92	Leaf serr 22	Atwell et. al, Nature 2010	10.21958/phenotype:92	dimensionless unit	176	176	176	176	176	118	118	0	1	"{""admixed"": 11, ""asia"": 6, ""central_europe"": 22, ""germany"": 19, ""north_sweden"": 14, ""relict"": 1, ""south_sweden"": 21, ""spain"": 7, ""western_europe"": 17}"	3fbd765fd7d57ad32b73be272a60ddc6c5cebfa9f92054a38d24ea026c96758d	ok
93	DW 	Atwell et. al, Nature 2010	10.21958/phenotype:93	gram	95	95	95	95	95	64	64	0	1	"{""admixed"": 6, ""asia"": 4, ""central_europe"": 11, ""germany"": 13, ""north_sweden"": 10, ""relict"": 1, ""south_sweden"": 1, ""spain"": 4, ""western_europe"": 14}"	6841abd21e08cc79491ccf451b7b7f3953514362c650d4435439c2a06db1777c	ok
94	Seed Dormancy	Atwell et. al, Nature 2010	10.21958/phenotype:94	day	83	83	83	83	83	56	56	0	1	"{""admixed"": 6, ""asia"": 4, ""central_europe"": 11, ""germany"": 10, ""north_sweden"": 7, ""south_sweden"": 1, ""spain"": 4, ""western_europe"": 13}"	1e17fef77caff5846b4abe9aa1495b06df507d1e98ab4d8f651ee9992684f786	ok
95	Mn55	Atwell et. al, Nature 2010	10.21958/phenotype:95	concentration unit	93	93	93	93	93	62	62	0	1	"{""admixed"": 6, ""asia"": 4, ""central_europe"": 11, ""germany"": 12, ""north_sweden"": 10, ""relict"": 1, ""south_sweden"": 1, ""spain"": 4, ""western_europe"": 13}"	5ef9e454920a4c7ebafd9c7b5a1a1ee44f7b65bb9cf0f184bb95a9be6494490b	ok
96	Silique 22	Atwell et. al, Nature 2010	10.21958/phenotype:96	centimeter	95	95	95	95	95	64	64	0	1	"{""admixed"": 6, ""asia"": 4, ""central_europe"": 11, ""germany"": 13, ""north_sweden"": 10, ""relict"": 1, ""south_sweden"": 1, ""spain"": 4, ""western_europe"": 14}"	ddb3a1c93182aed1075cf4411c69f7fd041e2a147f08c2ca00f79f5a8080740e	ok
97	avrPphB	Atwell et. al, Nature 2010	10.21958/phenotype:97	dimensionless unit	90	90	90	90	90	62	62	0	1	"{""admixed"": 6, ""asia"": 4, ""central_europe"": 11, ""germany"": 13, ""north_sweden"": 10, ""relict"": 1, ""south_sweden"": 1, ""spain"": 3, ""western_europe"": 13}"	6dba85454cc9dd45bb9db03925050850d5c13b644d27e9285060600f298ace3f	ok
98	Fe56	Atwell et. al, Nature 2010	10.21958/phenotype:98	concentration unit	93	93	93	93	93	62	62	0	1	"{""admixed"": 6, ""asia"": 4, ""central_europe"": 11, ""germany"": 12, ""north_sweden"": 10, ""relict"": 1, ""south_sweden"": 1, ""spain"": 4, ""western_europe"": 13}"	766617e6284ad4989238901706bc341a2496c74a1881b2471eb36952512bc9a5	ok
99	8W GH FT	Atwell et. al, Nature 2010	10.21958/phenotype:99	day	162	162	162	162	162	105	105	0	1	"{""admixed"": 11, ""asia"": 6, ""central_europe"": 22, ""germany"": 19, ""north_sweden"": 9, ""relict"": 1, ""south_sweden"": 15, ""spain"": 6, ""western_europe"": 16}"	2b1faabba112fd4b1ba06867a4c3b27e01853b837bda32ef3dcfa0b5887ad50c	ok
100	4W	Atwell et. al, Nature 2010	10.21958/phenotype:100	day	119	119	119	119	119	79	79	0	1	"{""admixed"": 6, ""asia"": 4, ""central_europe"": 15, ""germany"": 15, ""north_sweden"": 12, ""relict"": 1, ""south_sweden"": 9, ""spain"": 5, ""western_europe"": 12}"	73cccb2723a91e2c94354100df0d7dbe8f112b5a216ccdb5529638399fdad301	ok
101	Li7	Atwell et. al, Nature 2010	10.21958/phenotype:101	concentration unit	93	93	93	93	93	62	62	0	1	"{""admixed"": 6, ""asia"": 4, ""central_europe"": 11, ""germany"": 12, ""north_sweden"": 10, ""relict"": 1, ""south_sweden"": 1, ""spain"": 4, ""western_europe"": 13}"	8ed65efa48266ce1873f641c8f1fa5bdaf62543bfc55d2ddb997b12a54ca8aa5	ok
102	FT22	Atwell et. al, Nature 2010	10.21958/phenotype:102	day	193	193	193	193	193	134	134	0	1	"{""admixed"": 15, ""asia"": 6, ""central_europe"": 24, ""germany"": 27, ""north_sweden"": 14, ""relict"": 1, ""south_sweden"": 22, ""spain"": 6, ""western_europe"": 19}"	b763707caa6515c7efec070b7d993bc5da3215763aa6acf407bcea62ced4c893	ok
103	As2	Atwell et. al, Nature 2010	10.21958/phenotype:103	colony forming unit	175	175	175	175	175	119	119	0	1	"{""admixed"": 11, ""asia"": 6, ""central_europe"": 21, ""germany"": 20, ""north_sweden"": 14, ""relict"": 1, ""south_sweden"": 22, ""spain"": 7, ""western_europe"": 17}"	996dca6d4f67d3ce73e01d0f99ea47e626293aa80d1e490404286600df0e23de	ok
104	SDV	Atwell et. al, Nature 2010	10.21958/phenotype:104	day	159	159	159	159	159	104	104	0	1	"{""admixed"": 10, ""asia"": 5, ""central_europe"": 20, ""germany"": 16, ""north_sweden"": 12, ""relict"": 1, ""south_sweden"": 17, ""spain"": 7, ""western_europe"": 16}"	dffd12659d1c366f6e8262902a8250baabd8cdaa3fb893c0c8f3b2d54bdd5d21	ok
105	Mg25	Atwell et. al, Nature 2010	10.21958/phenotype:105	concentration unit	93	93	93	93	93	62	62	0	1	"{""admixed"": 6, ""asia"": 4, ""central_europe"": 11, ""germany"": 12, ""north_sweden"": 10, ""relict"": 1, ""south_sweden"": 1, ""spain"": 4, ""western_europe"": 13}"	7a1e60344ca1835b5ae70ecc599489fcd4a810fa67fe1778efc847151ce4bfa3	ok
106	Secondary Dormancy	Atwell et. al, Nature 2010	10.21958/phenotype:106	percent	93	93	93	93	93	59	59	0	1	"{""admixed"": 7, ""asia"": 2, ""central_europe"": 11, ""germany"": 12, ""north_sweden"": 9, ""relict"": 1, ""south_sweden"": 1, ""spain"": 5, ""western_europe"": 11}"	5590acc7926b78227d433bb4639b54c501c998e572ccb088ea1d4e7ac0b75a3a	ok
107	As	Atwell et. al, Nature 2010	10.21958/phenotype:107	dimensionless unit	175	175	175	175	175	119	119	0	1	"{""admixed"": 11, ""asia"": 6, ""central_europe"": 21, ""germany"": 20, ""north_sweden"": 14, ""relict"": 1, ""south_sweden"": 22, ""spain"": 7, ""western_europe"": 17}"	074a671f6532f3328cf447b0e459cc126065e8a1d4779974f49649d8b8d7f02b	ok
108	Area sweden 2009 (1st experiment)	Flowering time in simulated seasons	10.21958/phenotype:108	square centimeter	456	456	456	456	456	202	202	0	1	"{""admixed"": 33, ""asia"": 7, ""central_europe"": 32, ""germany"": 42, ""north_sweden"": 10, ""relict"": 1, ""south_sweden"": 43, ""spain"": 9, ""western_europe"": 25}"	fe0059504cf90108d189c1aa1e77bf64d93e1af677087cfd70e27c2b6637213f	ok
109	SizePlantingSummer2009	Flowering time in simulated seasons	10.21958/phenotype:109	dimensionless unit	449	449	449	449	449	189	189	0	1	"{""admixed"": 34, ""asia"": 7, ""central_europe"": 34, ""germany"": 40, ""north_sweden"": 4, ""relict"": 1, ""south_sweden"": 34, ""spain"": 9, ""western_europe"": 26}"	1923a3d6409dd33241d436caad1c00aeff9516dbb5330031836b321f2ed46dd7	ok
110	Size sweden 2009 (2nd experiment)	Flowering time in simulated seasons	10.21958/phenotype:110	centimeter	430	430	430	430	430	177	177	0	1	"{""admixed"": 30, ""asia"": 7, ""central_europe"": 34, ""germany"": 40, ""north_sweden"": 4, ""relict"": 1, ""south_sweden"": 26, ""spain"": 9, ""western_europe"": 26}"	469e73738cd0255c317875b1e1dbcc00e12cd16269cc2d88d551993a3817be6c	ok
111	SizePlantingSummerLocSweden2009	Flowering time in simulated seasons	10.21958/phenotype:111	dimensionless unit	419	419	419	419	419	175	175	0	1	"{""admixed"": 30, ""asia"": 7, ""central_europe"": 34, ""germany"": 40, ""north_sweden"": 4, ""relict"": 1, ""south_sweden"": 24, ""spain"": 9, ""western_europe"": 26}"	648b4e4e73a9862c82328ebaa66c993d08a1186bb3b8e84ddf45257376058b7e	ok
112	Area sweden 2009 (2nd experiment)	Flowering time in simulated seasons	10.21958/phenotype:112	square centimeter	474	474	474	474	474	211	211	0	1	"{""admixed"": 35, ""asia"": 7, ""central_europe"": 33, ""germany"": 42, ""north_sweden"": 12, ""relict"": 1, ""south_sweden"": 47, ""spain"": 9, ""western_europe"": 25}"	5f651e752db7f63abf167fc880f9541b0cc19a10a51b88d754f32fd248910c59	ok
113	DTF sweden 2008 (1st experiment)	Flowering time in simulated seasons	10.21958/phenotype:113	day	360	360	360	360	360	154	154	0	1	"{""admixed"": 26, ""asia"": 2, ""central_europe"": 24, ""germany"": 33, ""north_sweden"": 7, ""relict"": 1, ""south_sweden"": 37, ""spain"": 4, ""western_europe"": 20}"	b0324cec271ea3beddcdce0c0cf16318d6a7894ba9bfe6d7d7e7784f8fb73d36	ok
114	Yield sweden 2009 (2nd experiment)	Flowering time in simulated seasons	10.21958/phenotype:114	gram	335	335	335	335	335	135	135	0	1	"{""admixed"": 26, ""asia"": 4, ""central_europe"": 33, ""germany"": 33, ""south_sweden"": 10, ""spain"": 8, ""western_europe"": 21}"	4a6d27cb5a0bd3744710999dc4b8b5770de8dd285c4c44dd8a5393f12428ce8e	ok
115	SizeLocSweden2009	Flowering time in simulated seasons	10.21958/phenotype:115	dimensionless unit	469	469	469	469	469	205	205	0	1	"{""admixed"": 35, ""asia"": 7, ""central_europe"": 34, ""germany"": 42, ""north_sweden"": 6, ""relict"": 1, ""south_sweden"": 45, ""spain"": 9, ""western_europe"": 26}"	723bbc7ef0b388d5df6bd760c3518e0cfcacb590abd2622280ffb47a27e218af	ok
116	DTFplantingSummerLocSweden2009	Flowering time in simulated seasons	10.21958/phenotype:116	dimensionless unit	478	478	478	478	478	213	213	0	1	"{""admixed"": 35, ""asia"": 7, ""central_europe"": 34, ""germany"": 42, ""north_sweden"": 12, ""relict"": 1, ""south_sweden"": 47, ""spain"": 9, ""western_europe"": 26}"	78168ba865efb9d6d4b644ac5896dc7ee39189cdaad22e286b6d7f871d71e393	ok
117	DTFlocSweden2008	Flowering time in simulated seasons	10.21958/phenotype:117	dimensionless unit	359	359	359	359	359	154	154	0	1	"{""admixed"": 26, ""asia"": 2, ""central_europe"": 24, ""germany"": 33, ""north_sweden"": 7, ""relict"": 1, ""south_sweden"": 37, ""spain"": 4, ""western_europe"": 20}"	0bb3b911e0b305924b36ca2a88987f7ec1b475919037e404d66edc4a46ac6143	ok
118	DTFlocSweden2009	Flowering time in simulated seasons	10.21958/phenotype:118	dimensionless unit	479	479	479	479	479	213	213	0	1	"{""admixed"": 35, ""asia"": 7, ""central_europe"": 34, ""germany"": 42, ""north_sweden"": 12, ""relict"": 1, ""south_sweden"": 47, ""spain"": 9, ""western_europe"": 26}"	8168c448407820e4571123b21f63522cbfa6d9a1de55bf286683836c7a5f8c6c	ok
119	DTF spain 2009 (1st experiment)	Flowering time in simulated seasons	10.21958/phenotype:119	day	480	480	480	480	480	213	213	0	1	"{""admixed"": 35, ""asia"": 7, ""central_europe"": 34, ""germany"": 42, ""north_sweden"": 12, ""relict"": 1, ""south_sweden"": 47, ""spain"": 9, ""western_europe"": 26}"	a2665511e838c846df88f013acd6fec11dfdabf23d3dc07368b4bef6182aa4eb	ok
120	DTFplantingLoc2008	Flowering time in simulated seasons	10.21958/phenotype:120	dimensionless unit	358	358	358	358	358	154	154	0	1	"{""admixed"": 26, ""asia"": 2, ""central_europe"": 24, ""germany"": 33, ""north_sweden"": 7, ""relict"": 1, ""south_sweden"": 37, ""spain"": 4, ""western_europe"": 20}"	613bfec86e023d42d41663d4d3b6a8190e6fce64de28ac963bb6d5acebd44d2d	ok
121	DTF spain 2009 (2nd experiment)	Flowering time in simulated seasons	10.21958/phenotype:121	day	480	480	480	480	480	213	213	0	1	"{""admixed"": 35, ""asia"": 7, ""central_europe"": 34, ""germany"": 42, ""north_sweden"": 12, ""relict"": 1, ""south_sweden"": 47, ""spain"": 9, ""western_europe"": 26}"	3e344c119282a7602667dfa0b44de831434bdf6bd949cb91bcbc927b3cc3fb1a	ok
122	Yield spain 2009 (2nd experiment)	Flowering time in simulated seasons	10.21958/phenotype:122	gram	346	346	346	346	346	143	143	0	1	"{""admixed"": 27, ""asia"": 5, ""central_europe"": 33, ""germany"": 36, ""relict"": 1, ""south_sweden"": 9, ""spain"": 8, ""western_europe"": 24}"	18c5f5dffb4c48073354334818298e0f6bd299bfd002c596a707893c2b6886ef	ok
123	Size sweden 2009 (1st experiment)	Flowering time in simulated seasons	10.21958/phenotype:123	centimeter	470	470	470	470	470	205	205	0	1	"{""admixed"": 35, ""asia"": 7, ""central_europe"": 34, ""germany"": 42, ""north_sweden"": 6, ""relict"": 1, ""south_sweden"": 45, ""spain"": 9, ""western_europe"": 26}"	18c4926ae7e44e50987a8140971196e177774264963389ffd2f6a535d4a7d952	ok
124	Yield spain 2009 (1st experiment)	Flowering time in simulated seasons	10.21958/phenotype:124	gram	394	394	394	394	394	165	165	0	1	"{""admixed"": 33, ""asia"": 6, ""central_europe"": 33, ""germany"": 35, ""north_sweden"": 4, ""south_sweden"": 26, ""spain"": 7, ""western_europe"": 21}"	21495ce7ab2b366eb526c266409f6ea3d9d5ccb353a9913d963e10ec9d98d619	ok
125	DTFmainEffect2009	Flowering time in simulated seasons	10.21958/phenotype:125	dimensionless unit	480	480	480	480	480	213	213	0	1	"{""admixed"": 35, ""asia"": 7, ""central_europe"": 34, ""germany"": 42, ""north_sweden"": 12, ""relict"": 1, ""south_sweden"": 47, ""spain"": 9, ""western_europe"": 26}"	bb6d35a7eeecfc14ad65078ca09c2e8f224687e7b3e82ec6fe83a6b1093a6587	ok
126	DTFmainEffect2008	Flowering time in simulated seasons	10.21958/phenotype:126	dimensionless unit	359	359	359	359	359	154	154	0	1	"{""admixed"": 26, ""asia"": 2, ""central_europe"": 24, ""germany"": 33, ""north_sweden"": 7, ""relict"": 1, ""south_sweden"": 37, ""spain"": 4, ""western_europe"": 20}"	daa355fc538a1c644577f572b9ed69af9097325d43d0e8100e6a59144a4ac43c	ok
127	Size spain 2009 (2nd experiment)	Flowering time in simulated seasons	10.21958/phenotype:127	centimeter	444	444	444	444	444	187	187	0	1	"{""admixed"": 34, ""asia"": 7, ""central_europe"": 34, ""germany"": 40, ""north_sweden"": 4, ""relict"": 1, ""south_sweden"": 32, ""spain"": 9, ""western_europe"": 26}"	a93e1d555673408f8aa097110fd5ed14fa191951b06fcfdcad53fa4c3617441a	ok
128	Size spain 2009 (1st experiment)	Flowering time in simulated seasons	10.21958/phenotype:128	centimeter	475	475	475	475	475	212	212	0	1	"{""admixed"": 35, ""asia"": 7, ""central_europe"": 34, ""germany"": 42, ""north_sweden"": 11, ""relict"": 1, ""south_sweden"": 47, ""spain"": 9, ""western_europe"": 26}"	28f77770aee0fc8f1148f73948d5b9fb15663ee0de5a3b2574b7fe6d7db7e9f2	ok
129	DTFplantingSummer2009	Flowering time in simulated seasons	10.21958/phenotype:129	dimensionless unit	478	478	478	478	478	213	213	0	1	"{""admixed"": 35, ""asia"": 7, ""central_europe"": 34, ""germany"": 42, ""north_sweden"": 12, ""relict"": 1, ""south_sweden"": 47, ""spain"": 9, ""western_europe"": 26}"	72b4e56f67e842af57f63152bb1117ac5e48b1db02d0c6386422c2138cca20c2	ok
130	DTFplantingSummer2008	Flowering time in simulated seasons	10.21958/phenotype:130	dimensionless unit	359	359	359	359	359	154	154	0	1	"{""admixed"": 26, ""asia"": 2, ""central_europe"": 24, ""germany"": 33, ""north_sweden"": 7, ""relict"": 1, ""south_sweden"": 37, ""spain"": 4, ""western_europe"": 20}"	c1b7f986b16d03ca6d54de39ce2c3aafeae2dedd238a2d2d9bd8a419e4b33ce4	ok
131	SizeMainEffect2009	Flowering time in simulated seasons	10.21958/phenotype:131	dimensionless unit	478	478	478	478	478	212	212	0	1	"{""admixed"": 35, ""asia"": 7, ""central_europe"": 34, ""germany"": 42, ""north_sweden"": 11, ""relict"": 1, ""south_sweden"": 47, ""spain"": 9, ""western_europe"": 26}"	1464fa37f92412a3f1c60fb566388312828786987041f54d2d1cbbe9df58097a	ok
132	DTF spain 2008 (1st experiment)	Flowering time in simulated seasons	10.21958/phenotype:132	day	360	360	360	360	360	154	154	0	1	"{""admixed"": 26, ""asia"": 2, ""central_europe"": 24, ""germany"": 33, ""north_sweden"": 7, ""relict"": 1, ""south_sweden"": 37, ""spain"": 4, ""western_europe"": 20}"	c3a6d5c659a39f2cd70122a335e317027182b71ef55144c1103aac21573a50e3	ok
133	YieldPlantingSummer2009	Flowering time in simulated seasons	10.21958/phenotype:133	gram	396	396	396	396	396	164	164	0	1	"{""admixed"": 31, ""asia"": 7, ""central_europe"": 34, ""germany"": 39, ""north_sweden"": 2, ""relict"": 1, ""south_sweden"": 17, ""spain"": 9, ""western_europe"": 24}"	128066e3e8c0c860a07f5077d8f7f93211a2b8abdd02ee0666c5a3cdfd2f1ccd	ok
134	DTF sweden 2009 (1st experiment)	Flowering time in simulated seasons	10.21958/phenotype:134	day	479	479	479	479	479	213	213	0	1	"{""admixed"": 35, ""asia"": 7, ""central_europe"": 34, ""germany"": 42, ""north_sweden"": 12, ""relict"": 1, ""south_sweden"": 47, ""spain"": 9, ""western_europe"": 26}"	ed1609f30bfb93cb0b57362056183c27edc3dc314d2af4ff19a903b275fdddfe	ok
135	YieldLocSweden2009	Flowering time in simulated seasons	10.21958/phenotype:135	dimensionless unit	434	434	434	434	434	178	178	0	1	"{""admixed"": 34, ""asia"": 7, ""central_europe"": 34, ""germany"": 40, ""north_sweden"": 4, ""relict"": 1, ""south_sweden"": 24, ""spain"": 9, ""western_europe"": 25}"	c6f3bebd9107d14316946535f0cb8f8be02f1b1d5fbedbea94a7dc4774c0c8dc	ok
136	DTF spain 2008 (2nd experiment)	Flowering time in simulated seasons	10.21958/phenotype:136	day	359	359	359	359	359	154	154	0	1	"{""admixed"": 26, ""asia"": 2, ""central_europe"": 24, ""germany"": 33, ""north_sweden"": 7, ""relict"": 1, ""south_sweden"": 37, ""spain"": 4, ""western_europe"": 20}"	cd453d94d2d0762626269eb404a932360e71469025ecad8b3bb1879ec57c62a7	ok
137	YieldMainEffect2009	Flowering time in simulated seasons	10.21958/phenotype:137	dimensionless unit	466	466	466	466	466	201	201	0	1	"{""admixed"": 35, ""asia"": 7, ""central_europe"": 34, ""germany"": 42, ""north_sweden"": 9, ""relict"": 1, ""south_sweden"": 38, ""spain"": 9, ""western_europe"": 26}"	736d501cc9ab1276669d639e0d884ef373eebb0d088e6ce6a8afc2b864775fae	ok
138	YieldPlantingSummerLocSweden2009	Flowering time in simulated seasons	10.21958/phenotype:138	dimensionless unit	367	367	367	367	367	151	151	0	1	"{""admixed"": 28, ""asia"": 7, ""central_europe"": 34, ""germany"": 37, ""relict"": 1, ""south_sweden"": 11, ""spain"": 9, ""western_europe"": 24}"	6b0a5c8c075828f180def36d6ad36c67d71b063c824288a57485b4b1350fc884	ok
139	Yield sweden 2009 (1st experiment)	Flowering time in simulated seasons	10.21958/phenotype:139	gram	401	401	401	401	401	162	162	0	1	"{""admixed"": 29, ""asia"": 7, ""central_europe"": 33, ""germany"": 40, ""north_sweden"": 3, ""relict"": 1, ""south_sweden"": 17, ""spain"": 9, ""western_europe"": 23}"	b9ee533b90494921b66ce18085012a28da81e77dc0d13e0a37f562ad43cb1300	ok
140	DTF sweden 2009 (2nd experiment)	Flowering time in simulated seasons	10.21958/phenotype:140	day	480	480	480	480	480	213	213	0	1	"{""admixed"": 35, ""asia"": 7, ""central_europe"": 34, ""germany"": 42, ""north_sweden"": 12, ""relict"": 1, ""south_sweden"": 47, ""spain"": 9, ""western_europe"": 26}"	7805ba7fa977cbbc178ced5ecb51ef70a9383853cd43ed48ac7c921767eb7388	ok
141	DTF sweden 2008 (2nd experiment)	Flowering time in simulated seasons	10.21958/phenotype:141	day	360	360	360	360	360	154	154	0	1	"{""admixed"": 26, ""asia"": 2, ""central_europe"": 24, ""germany"": 33, ""north_sweden"": 7, ""relict"": 1, ""south_sweden"": 37, ""spain"": 4, ""western_europe"": 20}"	4d8d96f1d6fb54977b46c86ac5e90ea980870e4b446aa6aab8a938d753ae6425	ok
142	Mature cell length	Mejion	10.21958/phenotype:142	micrometer	201	201	201	201	201	104	104	0	1	"{""admixed"": 22, ""asia"": 5, ""central_europe"": 18, ""germany"": 30, ""north_sweden"": 1, ""relict"": 1, ""south_sweden"": 2, ""spain"": 4, ""western_europe"": 21}"	e7137353092dd97a1299c64adbc83f13aa11ba33914aa377c8eb3e17aae94fc3	ok
143	Meristem zone length	Mejion	10.21958/phenotype:143	micrometer	201	201	201	201	201	104	104	0	1	"{""admixed"": 22, ""asia"": 5, ""central_europe"": 18, ""germany"": 30, ""north_sweden"": 1, ""relict"": 1, ""south_sweden"": 2, ""spain"": 4, ""western_europe"": 21}"	b6e299204a53319a75457cc21fd6f6c8cf82eac4b1ada8a8816a2c574bc0e951	ok
144	M216T665	DAAR	10.21958/phenotype:144	concentration unit	418	418	418	417	417	207	207	1	2	"{""admixed"": 31, ""asia"": 14, ""central_europe"": 39, ""germany"": 32, ""italy_balkan_caucasus"": 18, ""north_sweden"": 7, ""relict"": 4, ""south_sweden"": 32, ""spain"": 8, ""western_europe"": 22}"	ae1a03b4ff9762b3d91ec52e8d3d95a5d8937995e3b80ba38445e86b653ec04f	ok
145	M130T666	DAAR	10.21958/phenotype:145	concentration unit	418	418	418	417	417	207	207	1	2	"{""admixed"": 31, ""asia"": 14, ""central_europe"": 39, ""germany"": 32, ""italy_balkan_caucasus"": 18, ""north_sweden"": 7, ""relict"": 4, ""south_sweden"": 32, ""spain"": 8, ""western_europe"": 22}"	03702646b50ba31227417c2858e4aa64288e855a3cdf1c6db3b76d12e4df4b01	ok
146	M172T666	DAAR	10.21958/phenotype:146	concentration unit	418	418	418	417	417	207	207	1	2	"{""admixed"": 31, ""asia"": 14, ""central_europe"": 39, ""germany"": 32, ""italy_balkan_caucasus"": 18, ""north_sweden"": 7, ""relict"": 4, ""south_sweden"": 32, ""spain"": 8, ""western_europe"": 22}"	f12a1c48045d0c945b816185fd100a47344ec8fec94bc268c5bf5f66e5d073bc	ok
261	FT10	1001genomes flowering time phenotypes	10.21958/phenotype:261	day	1163	1163	1163	1162	1162	1003	1003	1	2	"{""admixed"": 136, ""asia"": 69, ""central_europe"": 177, ""germany"": 90, ""italy_balkan_caucasus"": 92, ""north_sweden"": 61, ""relict"": 25, ""south_sweden"": 139, ""spain"": 110, ""western_europe"": 104}"	f9c1b9621cfb9b5267c3c65575a390ce55311a736940957e52ff0cd15869a47b	ok
262	FT16	1001genomes flowering time phenotypes	10.21958/phenotype:262	day	1123	1123	1123	1122	1122	970	970	1	2	"{""admixed"": 130, ""asia"": 69, ""central_europe"": 177, ""germany"": 88, ""italy_balkan_caucasus"": 92, ""north_sweden"": 48, ""relict"": 24, ""south_sweden"": 134, ""spain"": 105, ""western_europe"": 103}"	9ae5346296dd080e2c5ddcb994b1a7393f72eb171de38659659f51d41a819654	ok
269	Li7	Ion Concentration	10.21958/phenotype:269	concentration unit	2702	2702	2702	352	352	150	150	352	159	"{""admixed"": 25, ""asia"": 2, ""central_europe"": 24, ""germany"": 33, ""north_sweden"": 7, ""relict"": 1, ""south_sweden"": 35, ""spain"": 4, ""western_europe"": 19}"	b297d549098e3d5f337156345c13782f0667464dc1b143be622a88cf5078907f	ok
270	B11	Ion Concentration	10.21958/phenotype:270	concentration unit	2701	2701	2701	352	352	150	150	352	159	"{""admixed"": 25, ""asia"": 2, ""central_europe"": 24, ""germany"": 33, ""north_sweden"": 7, ""relict"": 1, ""south_sweden"": 35, ""spain"": 4, ""western_europe"": 19}"	3bde0713a35c421e6bd5a855af112c20ccd6034379223409ddc5d7cf18c833cc	ok
271	Na23	Ion Concentration	10.21958/phenotype:271	concentration unit	2697	2697	2697	352	352	150	150	352	159	"{""admixed"": 25, ""asia"": 2, ""central_europe"": 24, ""germany"": 33, ""north_sweden"": 7, ""relict"": 1, ""south_sweden"": 35, ""spain"": 4, ""western_europe"": 19}"	f09f538c9499fc527dc460ea0b1ee5abaeb98fde45defa8327230b2eefab2efa	ok
272	Mg25	Ion Concentration	10.21958/phenotype:272	concentration unit	2702	2702	2702	352	352	150	150	352	159	"{""admixed"": 25, ""asia"": 2, ""central_europe"": 24, ""germany"": 33, ""north_sweden"": 7, ""relict"": 1, ""south_sweden"": 35, ""spain"": 4, ""western_europe"": 19}"	0e4c67703bb67929b35e5518760b22738c4f8d193fdca61a89ecb10659714992	ok
273	P31	Ion Concentration	10.21958/phenotype:273	concentration unit	2702	2702	2702	352	352	150	150	352	159	"{""admixed"": 25, ""asia"": 2, ""central_europe"": 24, ""germany"": 33, ""north_sweden"": 7, ""relict"": 1, ""south_sweden"": 35, ""spain"": 4, ""western_europe"": 19}"	87058ba0dae692d014e2ddad176d0f0f10d726463c4f6c152ede89902b589b51	ok
274	S34	Ion Concentration	10.21958/phenotype:274	concentration unit	2699	2699	2699	352	352	150	150	352	159	"{""admixed"": 25, ""asia"": 2, ""central_europe"": 24, ""germany"": 33, ""north_sweden"": 7, ""relict"": 1, ""south_sweden"": 35, ""spain"": 4, ""western_europe"": 19}"	562c87645200283fb5fe6401d93c3bef23d5cde882914e42969369052beb06cc	ok
275	K39	Ion Concentration	10.21958/phenotype:275	concentration unit	2702	2702	2702	352	352	150	150	352	159	"{""admixed"": 25, ""asia"": 2, ""central_europe"": 24, ""germany"": 33, ""north_sweden"": 7, ""relict"": 1, ""south_sweden"": 35, ""spain"": 4, ""western_europe"": 19}"	584a737e78a3d5d5f69b2a1577381ca89e137c5a0f1ba5d6ff481b298aa48c6d	ok
276	Ca43	Ion Concentration	10.21958/phenotype:276	concentration unit	2702	2702	2702	352	352	150	150	352	159	"{""admixed"": 25, ""asia"": 2, ""central_europe"": 24, ""germany"": 33, ""north_sweden"": 7, ""relict"": 1, ""south_sweden"": 35, ""spain"": 4, ""western_europe"": 19}"	d38d695759d6793ddde5026ca8ff1bc759dcfb605b97ae978ed0487180822f64	ok
277	Mn55	Ion Concentration	10.21958/phenotype:277	concentration unit	2701	2701	2701	352	352	150	150	352	159	"{""admixed"": 25, ""asia"": 2, ""central_europe"": 24, ""germany"": 33, ""north_sweden"": 7, ""relict"": 1, ""south_sweden"": 35, ""spain"": 4, ""western_europe"": 19}"	7e27148489a2b9e5ff79d346cc32612eed42084c074421b0e3077bd13d87eba7	ok
278	Fe57	Ion Concentration	10.21958/phenotype:278	concentration unit	2702	2702	2702	352	352	150	150	352	159	"{""admixed"": 25, ""asia"": 2, ""central_europe"": 24, ""germany"": 33, ""north_sweden"": 7, ""relict"": 1, ""south_sweden"": 35, ""spain"": 4, ""western_europe"": 19}"	e989544f72fa7b070b19d94b2086c7c2bfe60e30a00f0a6d67c859d5e2f9bad4	ok
279	Co59	Ion Concentration	10.21958/phenotype:279	concentration unit	2698	2698	2698	352	352	150	150	352	159	"{""admixed"": 25, ""asia"": 2, ""central_europe"": 24, ""germany"": 33, ""north_sweden"": 7, ""relict"": 1, ""south_sweden"": 35, ""spain"": 4, ""western_europe"": 19}"	fc3b83bed51375f29d80c92a24d46ba2a0c12df96f939d71aa4f25f472cdaa53	ok
280	Ni60	Ion Concentration	10.21958/phenotype:280	concentration unit	2696	2696	2696	352	352	150	150	352	159	"{""admixed"": 25, ""asia"": 2, ""central_europe"": 24, ""germany"": 33, ""north_sweden"": 7, ""relict"": 1, ""south_sweden"": 35, ""spain"": 4, ""western_europe"": 19}"	380afd9e1f0c993e6d5746e43fa07315b99b2213ba7dd3f958427155d3475bec	ok
281	Cu65	Ion Concentration	10.21958/phenotype:281	concentration unit	2700	2700	2700	352	352	150	150	352	159	"{""admixed"": 25, ""asia"": 2, ""central_europe"": 24, ""germany"": 33, ""north_sweden"": 7, ""relict"": 1, ""south_sweden"": 35, ""spain"": 4, ""western_europe"": 19}"	0573b15303b0549589eaed0d17c1cc00dbd9f915c5e44d70f3afd35b354ef567	ok
282	Zn66	Ion Concentration	10.21958/phenotype:282	concentration unit	2695	2695	2695	352	352	150	150	352	159	"{""admixed"": 25, ""asia"": 2, ""central_europe"": 24, ""germany"": 33, ""north_sweden"": 7, ""relict"": 1, ""south_sweden"": 35, ""spain"": 4, ""western_europe"": 19}"	2d1d87eb99c29afc644ea65f779e55b18fde4df696fbb93a90720d4c240fd03b	ok
283	As75	Ion Concentration	10.21958/phenotype:283	concentration unit	2686	2686	2686	352	352	150	150	351	159	"{""admixed"": 25, ""asia"": 2, ""central_europe"": 24, ""germany"": 33, ""north_sweden"": 7, ""relict"": 1, ""south_sweden"": 35, ""spain"": 4, ""western_europe"": 19}"	0b86edea5da6010c558c30df089f3559a14fafe5ed1360d3e9a9d40565f4dfef	ok
284	Se82	Ion Concentration	10.21958/phenotype:284	concentration unit	2701	2701	2701	352	352	150	150	352	159	"{""admixed"": 25, ""asia"": 2, ""central_europe"": 24, ""germany"": 33, ""north_sweden"": 7, ""relict"": 1, ""south_sweden"": 35, ""spain"": 4, ""western_europe"": 19}"	8dd207deb224242ee9ed9ee904bdbfd07ef9c4a05ae439a24c7f044ad3dfab4f	ok
285	Rb85	Ion Concentration	10.21958/phenotype:285	concentration unit	2702	2702	2702	352	352	150	150	352	159	"{""admixed"": 25, ""asia"": 2, ""central_europe"": 24, ""germany"": 33, ""north_sweden"": 7, ""relict"": 1, ""south_sweden"": 35, ""spain"": 4, ""western_europe"": 19}"	827b5581b3319e2eb178c3238732572985ed12774aba89ec2684b87d94623f6b	ok
286	Mo98	Ion Concentration	10.21958/phenotype:286	concentration unit	2702	2702	2702	352	352	150	150	352	159	"{""admixed"": 25, ""asia"": 2, ""central_europe"": 24, ""germany"": 33, ""north_sweden"": 7, ""relict"": 1, ""south_sweden"": 35, ""spain"": 4, ""western_europe"": 19}"	cbdfbe5386b4c7c554aa3f5ccd316f345cfd5287e9f84918fa98366920f8439b	ok
287	Cd111	Ion Concentration	10.21958/phenotype:287	concentration unit	2701	2701	2701	352	352	150	150	352	159	"{""admixed"": 25, ""asia"": 2, ""central_europe"": 24, ""germany"": 33, ""north_sweden"": 7, ""relict"": 1, ""south_sweden"": 35, ""spain"": 4, ""western_europe"": 19}"	9df73e59805d36f3dfe9026856e36842d7e1c19e775b3f7a96f86720f3f1cb7f	ok
289	Root length (Day 1)	Satbhai et. al. Nature Communications 2017	10.21958/phenotype:289	millimeter	133	133	133	133	133	106	106	0	1	"{""admixed"": 6, ""central_europe"": 2, ""germany"": 2, ""north_sweden"": 18, ""south_sweden"": 78}"	ebdedcd406e8153f922ed0d1098f3fe72b8f0fda6e6113b353a355916e46faa2	ok
290	Root length (Day 2)	Satbhai et. al. Nature Communications 2017	10.21958/phenotype:290	millimeter	134	134	134	134	134	107	107	0	1	"{""admixed"": 6, ""central_europe"": 2, ""germany"": 2, ""north_sweden"": 19, ""south_sweden"": 78}"	a8535e889bcfd211d45cc8a57305627dcbd20756f8fa4032e1ecdc49fe666af9	ok
291	Root length (Day 3)	Satbhai et. al. Nature Communications 2017	10.21958/phenotype:291	millimeter	132	132	132	132	132	105	105	0	1	"{""admixed"": 6, ""central_europe"": 2, ""germany"": 2, ""north_sweden"": 19, ""south_sweden"": 76}"	bf0accfb761fb7ca25f9fde7c4474b23086a9848bee277d4377b8d3255c72d8a	ok
292	Root length (Day 4)	Satbhai et. al. Nature Communications 2017	10.21958/phenotype:292	millimeter	126	126	126	126	126	100	100	0	1	"{""admixed"": 5, ""central_europe"": 2, ""germany"": 2, ""north_sweden"": 17, ""south_sweden"": 74}"	d8763c99d4a32bb4dad0d3dd18d697ac2578b162bce8309e2f1ef04232576f72	ok
293	Root length (Day 5)	Satbhai et. al. Nature Communications 2017	10.21958/phenotype:293	millimeter	131	131	131	131	131	105	105	0	1	"{""admixed"": 6, ""central_europe"": 2, ""germany"": 2, ""north_sweden"": 19, ""south_sweden"": 76}"	9af10865aa923890070799cc5918581bcdb6e3881b09c2fe2e46b9e567023678	ok
294	GR21	Kerdaffrec et al. 2016	10.21958/phenotype:294	percent	161	161	161	161	161	157	157	0	1	"{""admixed"": 8, ""central_europe"": 2, ""germany"": 8, ""north_sweden"": 40, ""south_sweden"": 98, ""western_europe"": 1}"	84d04e2993fc9e813777ce8f5eaf0d3cf4914ee970d4a365bcf25130aee850e6	ok
315	GR21 warm	Kerdaffrec et al. 2017	10.21958/phenotype:315	percent	92	92	92	92	92	88	88	0	1	"{""admixed"": 5, ""central_europe"": 2, ""germany"": 8, ""north_sweden"": 18, ""south_sweden"": 54, ""western_europe"": 1}"	3b8d9ca395aea224b02a32f4f7f13534e14a30e05d62b12761d3b3d4d66ef526	ok
316	GR21 cold	Kerdaffrec et al. 2017	10.21958/phenotype:316	percent	92	92	92	92	92	88	88	0	1	"{""admixed"": 5, ""central_europe"": 2, ""germany"": 8, ""north_sweden"": 18, ""south_sweden"": 54, ""western_europe"": 1}"	311310208636dfeb11c714758abd92b91e33be8edb0482a57eaa84764ea716c5	ok
318	GR105 warm	Kerdaffrec et al. 2017	10.21958/phenotype:318	percent	92	92	92	92	92	88	88	0	1	"{""admixed"": 5, ""central_europe"": 2, ""germany"": 8, ""north_sweden"": 18, ""south_sweden"": 54, ""western_europe"": 1}"	73172c55c4f4316a989886e5e73c83f41b1d9d6a62cc7fd2bbe450acf31fc5b3	ok
320	GR63 warm	Kerdaffrec et al. 2017	10.21958/phenotype:320	percent	92	92	92	92	92	88	88	0	1	"{""admixed"": 5, ""central_europe"": 2, ""germany"": 8, ""north_sweden"": 18, ""south_sweden"": 54, ""western_europe"": 1}"	9f175b228f90a7bf641823fa469ee02d092192c16add39b3df3c7a6c4b9e7baf	ok
325	GR105 cold	Kerdaffrec et al. 2017	10.21958/phenotype:325	percent	92	92	92	92	92	88	88	0	1	"{""admixed"": 5, ""central_europe"": 2, ""germany"": 8, ""north_sweden"": 18, ""south_sweden"": 54, ""western_europe"": 1}"	ff2e43ff18be23a1468c2f486019e779d74b4249e791008cb8461b9c16377abc	ok
326	GR63 cold	Kerdaffrec et al. 2017	10.21958/phenotype:326	percent	92	92	92	92	92	88	88	0	1	"{""admixed"": 5, ""central_europe"": 2, ""germany"": 8, ""north_sweden"": 18, ""south_sweden"": 54, ""western_europe"": 1}"	6cb6d97478fdc3cc183ee5d3043655e1c163bdf55b60111fb71d71f4b3bd3178	ok
352	Mean(R) C	Control (C) treatment	10.21958/phenotype:352	unit	190	190	190	190	190	81	81	0	1	"{""admixed"": 20, ""asia"": 3, ""central_europe"": 10, ""germany"": 23, ""italy_balkan_caucasus"": 1, ""north_sweden"": 2, ""south_sweden"": 9, ""spain"": 1, ""western_europe"": 12}"	54b83f91b008bce0af84f852738f4dc0dad7a58dec3b5dbd592c4e1d2ed44e6e	ok
353	Mean(LRL) C	Control (C) treatment	10.21958/phenotype:353	millimeter	190	190	190	190	190	81	81	0	1	"{""admixed"": 20, ""asia"": 3, ""central_europe"": 10, ""germany"": 23, ""italy_balkan_caucasus"": 1, ""north_sweden"": 2, ""south_sweden"": 9, ""spain"": 1, ""western_europe"": 12}"	698ace4ce5ad925043a890d67035c305ee76ad170c165192701c22b2e5f5a73d	ok
354	Mean(LR.no) C	Control (C) treatment	10.21958/phenotype:354	count unit	190	190	190	190	190	81	81	0	1	"{""admixed"": 20, ""asia"": 3, ""central_europe"": 10, ""germany"": 23, ""italy_balkan_caucasus"": 1, ""north_sweden"": 2, ""south_sweden"": 9, ""spain"": 1, ""western_europe"": 12}"	18acc355a5fe5f6b5be2c2bdbe438f08f95e85cb294d8ca1d899ed22a78902f6	ok
355	Mean(P2) C	Control (C) treatment	10.21958/phenotype:355	millimeter	190	190	190	190	190	81	81	0	1	"{""admixed"": 20, ""asia"": 3, ""central_europe"": 10, ""germany"": 23, ""italy_balkan_caucasus"": 1, ""north_sweden"": 2, ""south_sweden"": 9, ""spain"": 1, ""western_europe"": 12}"	9d86d39a5f19dd44c8b6042f53697a3521cc24435df75cc70c446901b9c0ceed	ok
356	Mean(LRD P) C	Control (C) treatment	10.21958/phenotype:356	mass density unit	190	190	190	190	190	81	81	0	1	"{""admixed"": 20, ""asia"": 3, ""central_europe"": 10, ""germany"": 23, ""italy_balkan_caucasus"": 1, ""north_sweden"": 2, ""south_sweden"": 9, ""spain"": 1, ""western_europe"": 12}"	c2ab621467b0e024765ac2faa3b90e339170b54a8211966c9ea50b8b1197263f	ok
357	Mean(LRD R) C	Control (C) treatment	10.21958/phenotype:357	mass density unit	190	190	190	190	190	81	81	0	1	"{""admixed"": 20, ""asia"": 3, ""central_europe"": 10, ""germany"": 23, ""italy_balkan_caucasus"": 1, ""north_sweden"": 2, ""south_sweden"": 9, ""spain"": 1, ""western_europe"": 12}"	96884c2cf32c20fed1e383dc3a7207124f6f46b95258663bd7b12d4a86309671	ok
358	Mean(TLRL) C	Control (C) treatment	10.21958/phenotype:358	millimeter	190	190	190	190	190	81	81	0	1	"{""admixed"": 20, ""asia"": 3, ""central_europe"": 10, ""germany"": 23, ""italy_balkan_caucasus"": 1, ""north_sweden"": 2, ""south_sweden"": 9, ""spain"": 1, ""western_europe"": 12}"	cad8a63f53288e96f17cc829cb687a285d505f4b2eebd7bb27e543df9ac8d25f	ok
359	Mean(TRL) C	Control (C) treatment	10.21958/phenotype:359	millimeter	190	190	190	190	190	81	81	0	1	"{""admixed"": 20, ""asia"": 3, ""central_europe"": 10, ""germany"": 23, ""italy_balkan_caucasus"": 1, ""north_sweden"": 2, ""south_sweden"": 9, ""spain"": 1, ""western_europe"": 12}"	20444b99a130ac0f76a3195390ef4dd29f13f523100e6d8f8d72874fffb41f26	ok
360	Mean(LRR) C	Control (C) treatment	10.21958/phenotype:360	mass density unit	190	190	190	190	190	81	81	0	1	"{""admixed"": 20, ""asia"": 3, ""central_europe"": 10, ""germany"": 23, ""italy_balkan_caucasus"": 1, ""north_sweden"": 2, ""south_sweden"": 9, ""spain"": 1, ""western_europe"": 12}"	e52cbbe8789e518788dcf8e0cf82881bca5182116ac4dd443405ca31bf84e99f	ok
361	Mean(R) IAA	Auxin (IAA) treatment	10.21958/phenotype:361	unit	190	190	190	190	190	81	81	0	1	"{""admixed"": 20, ""asia"": 3, ""central_europe"": 9, ""germany"": 22, ""italy_balkan_caucasus"": 1, ""north_sweden"": 3, ""south_sweden"": 10, ""spain"": 1, ""western_europe"": 12}"	ff182dde88b5ca4d63ddefb8c79951dbc75303f7debe59d3d27e8c90757680ed	ok
362	Mean(LRL) IAA	Auxin (IAA) treatment	10.21958/phenotype:362	millimeter	190	190	190	190	190	81	81	0	1	"{""admixed"": 20, ""asia"": 3, ""central_europe"": 9, ""germany"": 22, ""italy_balkan_caucasus"": 1, ""north_sweden"": 3, ""south_sweden"": 10, ""spain"": 1, ""western_europe"": 12}"	c661c28408c531c15a613477db1a179b635d7fd2dbcd0eb30843c6ea1bcef32b	ok
363	Mean(LR.no) IAA	Auxin (IAA) treatment	10.21958/phenotype:363	count unit	190	190	190	190	190	81	81	0	1	"{""admixed"": 20, ""asia"": 3, ""central_europe"": 9, ""germany"": 22, ""italy_balkan_caucasus"": 1, ""north_sweden"": 3, ""south_sweden"": 10, ""spain"": 1, ""western_europe"": 12}"	7b6d683d6b72c8a9059b0b17f175982f9e077c0d39de8e39b37da035c9e5a1d5	ok
364	Mean(P2) IAA	Auxin (IAA) treatment	10.21958/phenotype:364	millimeter	190	190	190	190	190	81	81	0	1	"{""admixed"": 20, ""asia"": 3, ""central_europe"": 9, ""germany"": 22, ""italy_balkan_caucasus"": 1, ""north_sweden"": 3, ""south_sweden"": 10, ""spain"": 1, ""western_europe"": 12}"	56057688ee5e3329c51824b68db5ee2a800966414cf7927cbd21889084ce6652	ok
365	Mean(LRD P) IAA	Auxin (IAA) treatment	10.21958/phenotype:365	mass density unit	190	190	190	190	190	81	81	0	1	"{""admixed"": 20, ""asia"": 3, ""central_europe"": 9, ""germany"": 22, ""italy_balkan_caucasus"": 1, ""north_sweden"": 3, ""south_sweden"": 10, ""spain"": 1, ""western_europe"": 12}"	82a07396e7087bce03203c174f867130c8cfe5b3c0163ff1749995785d13314f	ok
366	Mean(LRD R) IAA	Auxin (IAA) treatment	10.21958/phenotype:366	mass density unit	190	190	190	190	190	81	81	0	1	"{""admixed"": 20, ""asia"": 3, ""central_europe"": 9, ""germany"": 22, ""italy_balkan_caucasus"": 1, ""north_sweden"": 3, ""south_sweden"": 10, ""spain"": 1, ""western_europe"": 12}"	1b26181dfd092f17adfa2a3b320212b7ba44f4fdc8cebeed85d312b0a6209427	ok
367	Mean(TLRL) IAA	Auxin (IAA) treatment	10.21958/phenotype:367	millimeter	190	190	190	190	190	81	81	0	1	"{""admixed"": 20, ""asia"": 3, ""central_europe"": 9, ""germany"": 22, ""italy_balkan_caucasus"": 1, ""north_sweden"": 3, ""south_sweden"": 10, ""spain"": 1, ""western_europe"": 12}"	02eaf81b231e7e7052d95f72460608cf841b58571f19aed2d8d95e7097f36cb8	ok
368	Mean(TRL) IAA	Auxin (IAA) treatment	10.21958/phenotype:368	millimeter	190	190	190	190	190	81	81	0	1	"{""admixed"": 20, ""asia"": 3, ""central_europe"": 9, ""germany"": 22, ""italy_balkan_caucasus"": 1, ""north_sweden"": 3, ""south_sweden"": 10, ""spain"": 1, ""western_europe"": 12}"	129764d50c70c28200995e2af03d55f6bd178fb055676be801fb1c5dc7e74ba0	ok
369	Mean(LRR) IAA	Auxin (IAA) treatment	10.21958/phenotype:369	mass density unit	190	190	190	190	190	81	81	0	1	"{""admixed"": 20, ""asia"": 3, ""central_europe"": 9, ""germany"": 22, ""italy_balkan_caucasus"": 1, ""north_sweden"": 3, ""south_sweden"": 10, ""spain"": 1, ""western_europe"": 12}"	5a9b2a0bfdc748477a494e20d7dd7060260204a566ecdfcd52c76660031744b3	ok
370	Mean(R) ABA	Abscisic acid (ABA) treatment	10.21958/phenotype:370	unit	191	191	191	191	191	82	82	0	1	"{""admixed"": 20, ""asia"": 3, ""central_europe"": 10, ""germany"": 22, ""italy_balkan_caucasus"": 1, ""north_sweden"": 3, ""south_sweden"": 10, ""spain"": 1, ""western_europe"": 12}"	1aab098faf5d95a61d3508a88c3899503d56f2da3b3886af18fce0c125d3eccb	ok
371	Mean(LRL) ABA	Abscisic acid (ABA) treatment	10.21958/phenotype:371	millimeter	191	191	191	191	191	82	82	0	1	"{""admixed"": 20, ""asia"": 3, ""central_europe"": 10, ""germany"": 22, ""italy_balkan_caucasus"": 1, ""north_sweden"": 3, ""south_sweden"": 10, ""spain"": 1, ""western_europe"": 12}"	549ed979782571b586ace35899636df4692abb7a3c8bf33f4e3cfc4ca15535bc	ok
372	Mean(LR.no) ABA	Abscisic acid (ABA) treatment	10.21958/phenotype:372	count unit	191	191	191	191	191	82	82	0	1	"{""admixed"": 20, ""asia"": 3, ""central_europe"": 10, ""germany"": 22, ""italy_balkan_caucasus"": 1, ""north_sweden"": 3, ""south_sweden"": 10, ""spain"": 1, ""western_europe"": 12}"	14c4111c4cd314fac4b547446c3734dbfa0327ab89f9eb4e2be7f96682e2ed1a	ok
373	Mean(P2) ABA	Abscisic acid (ABA) treatment	10.21958/phenotype:373	millimeter	191	191	191	191	191	82	82	0	1	"{""admixed"": 20, ""asia"": 3, ""central_europe"": 10, ""germany"": 22, ""italy_balkan_caucasus"": 1, ""north_sweden"": 3, ""south_sweden"": 10, ""spain"": 1, ""western_europe"": 12}"	8953d2e4e01076b3d2191617cc2cc290351e1fe29c62323b020b76acff94471e	ok
374	Mean(LRD P) ABA	Abscisic acid (ABA) treatment	10.21958/phenotype:374	mass density unit	191	191	191	191	191	82	82	0	1	"{""admixed"": 20, ""asia"": 3, ""central_europe"": 10, ""germany"": 22, ""italy_balkan_caucasus"": 1, ""north_sweden"": 3, ""south_sweden"": 10, ""spain"": 1, ""western_europe"": 12}"	3c4526fa7e1e2e580f7d1fdbf0befa57b3d535f8c49a4b1c1201e39b7e56bb81	ok
375	Mean(LRD R) ABA	Abscisic acid (ABA) treatment	10.21958/phenotype:375	mass density unit	191	191	191	191	191	82	82	0	1	"{""admixed"": 20, ""asia"": 3, ""central_europe"": 10, ""germany"": 22, ""italy_balkan_caucasus"": 1, ""north_sweden"": 3, ""south_sweden"": 10, ""spain"": 1, ""western_europe"": 12}"	4ef8d1f58133251ee06f2ec0a1dc7feaece4cc7ad3424fc789e70a427d2ff396	ok
376	Mean(TLRL) ABA	Abscisic acid (ABA) treatment	10.21958/phenotype:376	millimeter	191	191	191	191	191	82	82	0	1	"{""admixed"": 20, ""asia"": 3, ""central_europe"": 10, ""germany"": 22, ""italy_balkan_caucasus"": 1, ""north_sweden"": 3, ""south_sweden"": 10, ""spain"": 1, ""western_europe"": 12}"	2092e1e2208c93554cea154f91893682c3384db0587ad400bfc4032630f26e88	ok
377	Mean(TRL) ABA	Abscisic acid (ABA) treatment	10.21958/phenotype:377	millimeter	191	191	191	191	191	82	82	0	1	"{""admixed"": 20, ""asia"": 3, ""central_europe"": 10, ""germany"": 22, ""italy_balkan_caucasus"": 1, ""north_sweden"": 3, ""south_sweden"": 10, ""spain"": 1, ""western_europe"": 12}"	4c2234a74e8c9030b54f4f3dd17d487d743c73eb849f8315b620d7a4a41c499e	ok
378	Mean(LRR) ABA	Abscisic acid (ABA) treatment	10.21958/phenotype:378	mass density unit	191	191	191	191	191	82	82	0	1	"{""admixed"": 20, ""asia"": 3, ""central_europe"": 10, ""germany"": 22, ""italy_balkan_caucasus"": 1, ""north_sweden"": 3, ""south_sweden"": 10, ""spain"": 1, ""western_europe"": 12}"	8e8ce1b2a0ede6dff868f44ddd21e5b158fcde2cc2a4725c96ce0bda6b35cd55	ok
379	Mean(R) CK	Cytokinin (CK) treatment	10.21958/phenotype:379	unit	192	192	192	192	192	83	83	0	1	"{""admixed"": 20, ""asia"": 3, ""central_europe"": 10, ""germany"": 23, ""italy_balkan_caucasus"": 1, ""north_sweden"": 3, ""south_sweden"": 10, ""spain"": 1, ""western_europe"": 12}"	f92fe2fd9dc67816e236659cf0fe3a96a1d288e166c3fa342fc68e77376241bd	ok
380	Mean(LRL) CK	Cytokinin (CK) treatment	10.21958/phenotype:380	millimeter	192	192	192	192	192	83	83	0	1	"{""admixed"": 20, ""asia"": 3, ""central_europe"": 10, ""germany"": 23, ""italy_balkan_caucasus"": 1, ""north_sweden"": 3, ""south_sweden"": 10, ""spain"": 1, ""western_europe"": 12}"	78830e237b2ae6b0e78ba444c6debe8e4530f0875e11bf2a5891cfc69d3e8c30	ok
381	Mean(LR.no) CK	Cytokinin (CK) treatment	10.21958/phenotype:381	count unit	192	192	192	192	192	83	83	0	1	"{""admixed"": 20, ""asia"": 3, ""central_europe"": 10, ""germany"": 23, ""italy_balkan_caucasus"": 1, ""north_sweden"": 3, ""south_sweden"": 10, ""spain"": 1, ""western_europe"": 12}"	198b7d75b548a7c3cfe082b46684ec72cb30da33197e51dd7dc03b3c19704dba	ok
382	Mean(P2) CK	Cytokinin (CK) treatment	10.21958/phenotype:382	millimeter	192	192	192	192	192	83	83	0	1	"{""admixed"": 20, ""asia"": 3, ""central_europe"": 10, ""germany"": 23, ""italy_balkan_caucasus"": 1, ""north_sweden"": 3, ""south_sweden"": 10, ""spain"": 1, ""western_europe"": 12}"	943d133812e0621bdff6e75acafb5988dbf6d4857c082a046c6fb739a1fa94fd	ok
383	Mean(LRD P) CK	Cytokinin (CK) treatment	10.21958/phenotype:383	mass density unit	192	192	192	192	192	83	83	0	1	"{""admixed"": 20, ""asia"": 3, ""central_europe"": 10, ""germany"": 23, ""italy_balkan_caucasus"": 1, ""north_sweden"": 3, ""south_sweden"": 10, ""spain"": 1, ""western_europe"": 12}"	625ec6c6d25097fa544dc43fceea91a6292a1b716b555a4230ede29bdaca5b72	ok
384	Mean(LRD R) CK	Cytokinin (CK) treatment	10.21958/phenotype:384	mass density unit	192	192	192	192	192	83	83	0	1	"{""admixed"": 20, ""asia"": 3, ""central_europe"": 10, ""germany"": 23, ""italy_balkan_caucasus"": 1, ""north_sweden"": 3, ""south_sweden"": 10, ""spain"": 1, ""western_europe"": 12}"	f14b0f1f2213444e9825de47f5d19cd6779842706db504d38acd31b47fdd42a7	ok
385	Mean(TLRL) CK	Cytokinin (CK) treatment	10.21958/phenotype:385	millimeter	192	192	192	192	192	83	83	0	1	"{""admixed"": 20, ""asia"": 3, ""central_europe"": 10, ""germany"": 23, ""italy_balkan_caucasus"": 1, ""north_sweden"": 3, ""south_sweden"": 10, ""spain"": 1, ""western_europe"": 12}"	16eefb5c19ea15a684da9c362892bab8b748e3f75c3d06bb7bb2f9b20f5d3048	ok
386	Mean(TRL) CK	Cytokinin (CK) treatment	10.21958/phenotype:386	millimeter	192	192	192	192	192	83	83	0	1	"{""admixed"": 20, ""asia"": 3, ""central_europe"": 10, ""germany"": 23, ""italy_balkan_caucasus"": 1, ""north_sweden"": 3, ""south_sweden"": 10, ""spain"": 1, ""western_europe"": 12}"	ec11c3fe649f07ba77a736ee12edc8a71dbb1a97282a262fa7cb8e949dc08815	ok
387	Mean(LRR) CK	Cytokinin (CK) treatment	10.21958/phenotype:387	mass density unit	192	192	192	192	192	83	83	0	1	"{""admixed"": 20, ""asia"": 3, ""central_europe"": 10, ""germany"": 23, ""italy_balkan_caucasus"": 1, ""north_sweden"": 3, ""south_sweden"": 10, ""spain"": 1, ""western_europe"": 12}"	b3e49d6a2e394e8df92a3be447af13fea2ae14e6f988d12e64bdb7ba669399ff	ok
388	FruitNumber	Adaptive diversification of growth allometry in the plant Arabidopsis thaliana	10.21958/phenotype:388	dimensionless unit	440	440	440	438	438	396	396	2	2	"{""admixed"": 64, ""asia"": 39, ""central_europe"": 90, ""germany"": 31, ""italy_balkan_caucasus"": 33, ""north_sweden"": 21, ""relict"": 12, ""south_sweden"": 37, ""spain"": 40, ""western_europe"": 29}"	b002e88a401e41db0a3da779c36f764d8134b3faa9227231ce019c9ff96cdb87	ok
389	RGR	Adaptive diversification of growth allometry in the plant Arabidopsis thaliana	10.21958/phenotype:389	speed/velocity unit	445	445	445	443	443	402	402	2	2	"{""admixed"": 65, ""asia"": 39, ""central_europe"": 92, ""germany"": 31, ""italy_balkan_caucasus"": 34, ""north_sweden"": 21, ""relict"": 12, ""south_sweden"": 41, ""spain"": 37, ""western_europe"": 30}"	e8bd1bf3f6d4cedb22d5cac8b16b64e962eca743808c288b36d7930238fb1b81	ok
390	rosetteDM	Adaptive diversification of growth allometry in the plant Arabidopsis thaliana	10.21958/phenotype:390	milligram	451	451	451	449	449	407	407	2	2	"{""admixed"": 65, ""asia"": 39, ""central_europe"": 92, ""germany"": 31, ""italy_balkan_caucasus"": 34, ""north_sweden"": 21, ""relict"": 12, ""south_sweden"": 41, ""spain"": 41, ""western_europe"": 31}"	8a2b3a4deccdaf5e0dc0d03658860dbb4bcbf65563c885e3abba6f80c6ed1a41	ok
391	GrowthRate	Adaptive diversification of growth allometry in the plant Arabidopsis thaliana	10.21958/phenotype:391	speed/velocity unit	451	451	451	449	449	407	407	2	2	"{""admixed"": 65, ""asia"": 39, ""central_europe"": 92, ""germany"": 31, ""italy_balkan_caucasus"": 34, ""north_sweden"": 21, ""relict"": 12, ""south_sweden"": 41, ""spain"": 41, ""western_europe"": 31}"	4acf67b9cb7a279238133fdf1e1104856d1c40ce41e83020ff844c09b5e406ae	ok
392	ScalingExponent	Adaptive diversification of growth allometry in the plant Arabidopsis thaliana	10.21958/phenotype:392	dimensionless unit	451	451	451	449	449	407	407	2	2	"{""admixed"": 65, ""asia"": 39, ""central_europe"": 92, ""germany"": 31, ""italy_balkan_caucasus"": 34, ""north_sweden"": 21, ""relict"": 12, ""south_sweden"": 41, ""spain"": 41, ""western_europe"": 31}"	c696fddfda34453b617357c55e509c1ad4cebd63efd77c1122aef7f73db93c3a	ok
518	rFitness mhi	Lifetime fitness in Germany and Spain under rainfall manipulation	10.21958/phenotype:518	ratio	512	512	512	512	512	512	512	0	1	"{""admixed"": 85, ""asia"": 37, ""central_europe"": 53, ""germany"": 41, ""italy_balkan_caucasus"": 36, ""north_sweden"": 23, ""relict"": 23, ""south_sweden"": 72, ""spain"": 92, ""western_europe"": 50}"	8b8a6e46ececa3eab665731cbf881a01dac80971d9d5b9d55f624806362d2516	ok
519	rFitness mhp	Lifetime fitness in Germany and Spain under rainfall manipulation	10.21958/phenotype:519	ratio	512	512	512	512	512	512	512	0	1	"{""admixed"": 85, ""asia"": 37, ""central_europe"": 53, ""germany"": 41, ""italy_balkan_caucasus"": 36, ""north_sweden"": 23, ""relict"": 23, ""south_sweden"": 72, ""spain"": 92, ""western_europe"": 50}"	4676c49eb7ed5ac4be5f4ebaa4a75c97c162b128884e455bc3f4c47ca788de80	ok
520	rFitness mli	Lifetime fitness in Germany and Spain under rainfall manipulation	10.21958/phenotype:520	ratio	512	512	512	512	512	512	512	0	1	"{""admixed"": 85, ""asia"": 37, ""central_europe"": 53, ""germany"": 41, ""italy_balkan_caucasus"": 36, ""north_sweden"": 23, ""relict"": 23, ""south_sweden"": 72, ""spain"": 92, ""western_europe"": 50}"	17ae83e588e152eb01656fd95efad12ebdf021f14cdcbb4b159c1ff3a4fbfe47	ok
521	rFitness mlp	Lifetime fitness in Germany and Spain under rainfall manipulation	10.21958/phenotype:521	ratio	512	512	512	512	512	512	512	0	1	"{""admixed"": 85, ""asia"": 37, ""central_europe"": 53, ""germany"": 41, ""italy_balkan_caucasus"": 36, ""north_sweden"": 23, ""relict"": 23, ""south_sweden"": 72, ""spain"": 92, ""western_europe"": 50}"	2f03eb1d15b7c871c584c25de6bad03728b739ae1da66fbcf49e2a903ddec7cf	ok
522	rFitness thi	Lifetime fitness in Germany and Spain under rainfall manipulation	10.21958/phenotype:522	ratio	512	512	512	512	512	512	512	0	1	"{""admixed"": 85, ""asia"": 37, ""central_europe"": 53, ""germany"": 41, ""italy_balkan_caucasus"": 36, ""north_sweden"": 23, ""relict"": 23, ""south_sweden"": 72, ""spain"": 92, ""western_europe"": 50}"	96de74d216821786379ec2b6450338ec5d7062d0ecb85a0cf7cf4aa5fc7d0205	ok
523	rFitness thp	Lifetime fitness in Germany and Spain under rainfall manipulation	10.21958/phenotype:523	ratio	512	512	512	512	512	512	512	0	1	"{""admixed"": 85, ""asia"": 37, ""central_europe"": 53, ""germany"": 41, ""italy_balkan_caucasus"": 36, ""north_sweden"": 23, ""relict"": 23, ""south_sweden"": 72, ""spain"": 92, ""western_europe"": 50}"	eaae13436a249ea248a71f0fe3c3deef20486949b1ac9c5dcec91bbdc5c42f23	ok
524	rFitness tli	Lifetime fitness in Germany and Spain under rainfall manipulation	10.21958/phenotype:524	ratio	512	512	512	512	512	512	512	0	1	"{""admixed"": 85, ""asia"": 37, ""central_europe"": 53, ""germany"": 41, ""italy_balkan_caucasus"": 36, ""north_sweden"": 23, ""relict"": 23, ""south_sweden"": 72, ""spain"": 92, ""western_europe"": 50}"	6f86a57eb279057a0001f555432e15c26361437f44acfcf86bd031f6ab91a36d	ok
525	rFitness tlp	Lifetime fitness in Germany and Spain under rainfall manipulation	10.21958/phenotype:525	ratio	512	512	512	512	512	512	512	0	1	"{""admixed"": 85, ""asia"": 37, ""central_europe"": 53, ""germany"": 41, ""italy_balkan_caucasus"": 36, ""north_sweden"": 23, ""relict"": 23, ""south_sweden"": 72, ""spain"": 92, ""western_europe"": 50}"	1aee711ce745f3c4ed9120f0aeb4a10e3c1c5f8af1f87f74f946853eb0d2a4cc	ok
526	rSurvival fruit mhi	Lifetime fitness in Germany and Spain under rainfall manipulation	10.21958/phenotype:526	ratio	512	512	512	512	512	512	512	0	1	"{""admixed"": 85, ""asia"": 37, ""central_europe"": 53, ""germany"": 41, ""italy_balkan_caucasus"": 36, ""north_sweden"": 23, ""relict"": 23, ""south_sweden"": 72, ""spain"": 92, ""western_europe"": 50}"	20d56ff87e4bca9cb245035d53ad42cf72c8aaf5ce555ec4ca5d41bf605a9871	ok
527	rSurvival fruit mhp	Lifetime fitness in Germany and Spain under rainfall manipulation	10.21958/phenotype:527	ratio	512	512	512	512	512	512	512	0	1	"{""admixed"": 85, ""asia"": 37, ""central_europe"": 53, ""germany"": 41, ""italy_balkan_caucasus"": 36, ""north_sweden"": 23, ""relict"": 23, ""south_sweden"": 72, ""spain"": 92, ""western_europe"": 50}"	0f7fde0cf797350fe9c9feaa897422e0c9961c36f0a7015f9f0a6a37107db23d	ok
528	rSurvival fruit mli	Lifetime fitness in Germany and Spain under rainfall manipulation	10.21958/phenotype:528	ratio	512	512	512	512	512	512	512	0	1	"{""admixed"": 85, ""asia"": 37, ""central_europe"": 53, ""germany"": 41, ""italy_balkan_caucasus"": 36, ""north_sweden"": 23, ""relict"": 23, ""south_sweden"": 72, ""spain"": 92, ""western_europe"": 50}"	5a4c50255d264a8f63d24d5fa003d0963861e1b783b94c5783e84423cc17cb67	ok
529	rSurvival fruit mlp	Lifetime fitness in Germany and Spain under rainfall manipulation	10.21958/phenotype:529	ratio	512	512	512	512	512	512	512	0	1	"{""admixed"": 85, ""asia"": 37, ""central_europe"": 53, ""germany"": 41, ""italy_balkan_caucasus"": 36, ""north_sweden"": 23, ""relict"": 23, ""south_sweden"": 72, ""spain"": 92, ""western_europe"": 50}"	7668e3c07a281d35550332309e6314b096150f9ef1b2c1652dff7e23581cffdc	ok
530	rSurvival fruit thi	Lifetime fitness in Germany and Spain under rainfall manipulation	10.21958/phenotype:530	ratio	512	512	512	512	512	512	512	0	1	"{""admixed"": 85, ""asia"": 37, ""central_europe"": 53, ""germany"": 41, ""italy_balkan_caucasus"": 36, ""north_sweden"": 23, ""relict"": 23, ""south_sweden"": 72, ""spain"": 92, ""western_europe"": 50}"	711c1b105312128096ea38f4fdc94bda66a6f49ecacee33e2a1bd76edceaccd8	ok
531	rSurvival fruit thp	Lifetime fitness in Germany and Spain under rainfall manipulation	10.21958/phenotype:531	ratio	512	512	512	512	512	512	512	0	1	"{""admixed"": 85, ""asia"": 37, ""central_europe"": 53, ""germany"": 41, ""italy_balkan_caucasus"": 36, ""north_sweden"": 23, ""relict"": 23, ""south_sweden"": 72, ""spain"": 92, ""western_europe"": 50}"	e6282175b00d154d4a76c891d2b94478da50856112ab7038bb6179747100dce0	ok
532	rSurvival fruit tli	Lifetime fitness in Germany and Spain under rainfall manipulation	10.21958/phenotype:532	ratio	512	512	512	512	512	512	512	0	1	"{""admixed"": 85, ""asia"": 37, ""central_europe"": 53, ""germany"": 41, ""italy_balkan_caucasus"": 36, ""north_sweden"": 23, ""relict"": 23, ""south_sweden"": 72, ""spain"": 92, ""western_europe"": 50}"	622def18829b05a2a4cdbf2ebfcaef04033ef13045c6510ffbe52424dc6c5f5b	ok
533	rSurvival fruit tlp	Lifetime fitness in Germany and Spain under rainfall manipulation	10.21958/phenotype:533	ratio	512	512	512	512	512	512	512	0	1	"{""admixed"": 85, ""asia"": 37, ""central_europe"": 53, ""germany"": 41, ""italy_balkan_caucasus"": 36, ""north_sweden"": 23, ""relict"": 23, ""south_sweden"": 72, ""spain"": 92, ""western_europe"": 50}"	455a28b01b424498ff86c8bbee10d21a6b8fd1c7401a653f4ddb382e768e5abb	ok
534	rSeeds mhi	Lifetime fitness in Germany and Spain under rainfall manipulation	10.21958/phenotype:534	ratio	511	511	511	511	511	511	511	0	1	"{""admixed"": 85, ""asia"": 37, ""central_europe"": 52, ""germany"": 41, ""italy_balkan_caucasus"": 36, ""north_sweden"": 23, ""relict"": 23, ""south_sweden"": 72, ""spain"": 92, ""western_europe"": 50}"	e034e75ee63a450874b78da1c516c74dc3683cd08f7ba1e10bacabaadeb3a5c2	ok
535	rSeeds mhp	Lifetime fitness in Germany and Spain under rainfall manipulation	10.21958/phenotype:535	ratio	512	512	512	512	512	512	512	0	1	"{""admixed"": 85, ""asia"": 37, ""central_europe"": 53, ""germany"": 41, ""italy_balkan_caucasus"": 36, ""north_sweden"": 23, ""relict"": 23, ""south_sweden"": 72, ""spain"": 92, ""western_europe"": 50}"	49d849bf5e57f3e204275506b205c3d38c8940acaa09e5dc4f95404455d0be32	ok
536	rSeeds mli	Lifetime fitness in Germany and Spain under rainfall manipulation	10.21958/phenotype:536	ratio	423	423	423	423	423	423	423	0	1	"{""admixed"": 70, ""asia"": 34, ""central_europe"": 47, ""germany"": 33, ""italy_balkan_caucasus"": 34, ""north_sweden"": 22, ""relict"": 21, ""south_sweden"": 47, ""spain"": 76, ""western_europe"": 39}"	1e783975a387553dbfe6b4dccda1d3f572fade2c77f24e3e5f4ffe0932a2cbfc	ok
537	rSeeds mlp	Lifetime fitness in Germany and Spain under rainfall manipulation	10.21958/phenotype:537	ratio	190	190	190	190	190	190	190	0	1	"{""admixed"": 25, ""asia"": 21, ""central_europe"": 22, ""germany"": 18, ""italy_balkan_caucasus"": 18, ""north_sweden"": 11, ""relict"": 14, ""south_sweden"": 14, ""spain"": 32, ""western_europe"": 15}"	790f688d051fb6c0c06ab098ddd934ab29aa3733fc3b5bd29c42f31ad1139638	ok
538	rSeeds thi	Lifetime fitness in Germany and Spain under rainfall manipulation	10.21958/phenotype:538	ratio	512	512	512	512	512	512	512	0	1	"{""admixed"": 85, ""asia"": 37, ""central_europe"": 53, ""germany"": 41, ""italy_balkan_caucasus"": 36, ""north_sweden"": 23, ""relict"": 23, ""south_sweden"": 72, ""spain"": 92, ""western_europe"": 50}"	fa92db5bc66b0d767b4b72423a92147ecef7695456a7c42242b1aee4167c3f76	ok
539	rSeeds thp	Lifetime fitness in Germany and Spain under rainfall manipulation	10.21958/phenotype:539	ratio	511	511	511	511	511	511	511	0	1	"{""admixed"": 85, ""asia"": 37, ""central_europe"": 53, ""germany"": 41, ""italy_balkan_caucasus"": 35, ""north_sweden"": 23, ""relict"": 23, ""south_sweden"": 72, ""spain"": 92, ""western_europe"": 50}"	71f750718b68ae058386527850b019708e5177f18061de2999ada48117a68c6a	ok
540	rSeeds tli	Lifetime fitness in Germany and Spain under rainfall manipulation	10.21958/phenotype:540	ratio	499	499	499	499	499	499	499	0	1	"{""admixed"": 84, ""asia"": 37, ""central_europe"": 51, ""germany"": 39, ""italy_balkan_caucasus"": 34, ""north_sweden"": 23, ""relict"": 23, ""south_sweden"": 71, ""spain"": 90, ""western_europe"": 47}"	978c44e38cbe9773c837ded7909615f8818c04dced8a5ac163bff14a2d4b6cd7	ok
541	rSeeds tlp	Lifetime fitness in Germany and Spain under rainfall manipulation	10.21958/phenotype:541	ratio	421	421	421	421	421	421	421	0	1	"{""admixed"": 67, ""asia"": 31, ""central_europe"": 41, ""germany"": 34, ""italy_balkan_caucasus"": 31, ""north_sweden"": 16, ""relict"": 17, ""south_sweden"": 62, ""spain"": 74, ""western_europe"": 48}"	920596d61a94864890a2aa28384c8b081141678c1b2920c771d8868e188c047e	ok
542	clim-aet1	Lifetime fitness in Germany and Spain under rainfall manipulation	10.21958/phenotype:542	volumetric flow rate unit	501	501	501	501	501	501	501	0	1	"{""admixed"": 83, ""asia"": 36, ""central_europe"": 51, ""germany"": 36, ""italy_balkan_caucasus"": 36, ""north_sweden"": 23, ""relict"": 22, ""south_sweden"": 72, ""spain"": 92, ""western_europe"": 50}"	44150bbccc93fdc362a6d81081c83110ef4883d5b68b3d4544f9b16d73e9abcc	ok
543	clim-aet10	Lifetime fitness in Germany and Spain under rainfall manipulation	10.21958/phenotype:543	volumetric flow rate unit	501	501	501	501	501	501	501	0	1	"{""admixed"": 83, ""asia"": 36, ""central_europe"": 51, ""germany"": 36, ""italy_balkan_caucasus"": 36, ""north_sweden"": 23, ""relict"": 22, ""south_sweden"": 72, ""spain"": 92, ""western_europe"": 50}"	f7003ae64d86eb1124c430629535917934c6956d36d1c644fa0d0896d229d651	ok
544	clim-aet11	Lifetime fitness in Germany and Spain under rainfall manipulation	10.21958/phenotype:544	volumetric flow rate unit	501	501	501	501	501	501	501	0	1	"{""admixed"": 83, ""asia"": 36, ""central_europe"": 51, ""germany"": 36, ""italy_balkan_caucasus"": 36, ""north_sweden"": 23, ""relict"": 22, ""south_sweden"": 72, ""spain"": 92, ""western_europe"": 50}"	ab002295df7427dcf81d062236e4409214f16990036f65ad7fa6052b4dac0aa2	ok
545	clim-aet12	Lifetime fitness in Germany and Spain under rainfall manipulation	10.21958/phenotype:545	volumetric flow rate unit	501	501	501	501	501	501	501	0	1	"{""admixed"": 83, ""asia"": 36, ""central_europe"": 51, ""germany"": 36, ""italy_balkan_caucasus"": 36, ""north_sweden"": 23, ""relict"": 22, ""south_sweden"": 72, ""spain"": 92, ""western_europe"": 50}"	4abb3172e78523bb60bb926f97f0ec14340557af494d7e94f0e4035198154e21	ok
546	clim-aet2	Lifetime fitness in Germany and Spain under rainfall manipulation	10.21958/phenotype:546	volumetric flow rate unit	501	501	501	501	501	501	501	0	1	"{""admixed"": 83, ""asia"": 36, ""central_europe"": 51, ""germany"": 36, ""italy_balkan_caucasus"": 36, ""north_sweden"": 23, ""relict"": 22, ""south_sweden"": 72, ""spain"": 92, ""western_europe"": 50}"	5f11ae2426e4d913836b8ef34a30486b319d3995baefe7f7f1f667c5f7bb8a5d	ok
547	clim-aet3	Lifetime fitness in Germany and Spain under rainfall manipulation	10.21958/phenotype:547	volumetric flow rate unit	501	501	501	501	501	501	501	0	1	"{""admixed"": 83, ""asia"": 36, ""central_europe"": 51, ""germany"": 36, ""italy_balkan_caucasus"": 36, ""north_sweden"": 23, ""relict"": 22, ""south_sweden"": 72, ""spain"": 92, ""western_europe"": 50}"	f18d0fb08be9ae27fe93251a128055ae451b2b2861f5e6062e59b8c417172eb4	ok
548	clim-aet4	Lifetime fitness in Germany and Spain under rainfall manipulation	10.21958/phenotype:548	volumetric flow rate unit	501	501	501	501	501	501	501	0	1	"{""admixed"": 83, ""asia"": 36, ""central_europe"": 51, ""germany"": 36, ""italy_balkan_caucasus"": 36, ""north_sweden"": 23, ""relict"": 22, ""south_sweden"": 72, ""spain"": 92, ""western_europe"": 50}"	217e54d593baba01617e813cfbef82866fc028fcc8bf9f46f9ffefc9e77d8e69	ok
549	clim-aet5	Lifetime fitness in Germany and Spain under rainfall manipulation	10.21958/phenotype:549	volumetric flow rate unit	501	501	501	501	501	501	501	0	1	"{""admixed"": 83, ""asia"": 36, ""central_europe"": 51, ""germany"": 36, ""italy_balkan_caucasus"": 36, ""north_sweden"": 23, ""relict"": 22, ""south_sweden"": 72, ""spain"": 92, ""western_europe"": 50}"	0d1fd7f2ddee9a3aa7aba9cfc4b90b8fee9ff0ba29801f4f74f9d56ca37f6ff1	ok
550	clim-aet6	Lifetime fitness in Germany and Spain under rainfall manipulation	10.21958/phenotype:550	volumetric flow rate unit	501	501	501	501	501	501	501	0	1	"{""admixed"": 83, ""asia"": 36, ""central_europe"": 51, ""germany"": 36, ""italy_balkan_caucasus"": 36, ""north_sweden"": 23, ""relict"": 22, ""south_sweden"": 72, ""spain"": 92, ""western_europe"": 50}"	08c9bbbc555c062a9f44f1fc71734f9b36d18283073eb676c29eda539a301440	ok
551	clim-aet7	Lifetime fitness in Germany and Spain under rainfall manipulation	10.21958/phenotype:551	volumetric flow rate unit	501	501	501	501	501	501	501	0	1	"{""admixed"": 83, ""asia"": 36, ""central_europe"": 51, ""germany"": 36, ""italy_balkan_caucasus"": 36, ""north_sweden"": 23, ""relict"": 22, ""south_sweden"": 72, ""spain"": 92, ""western_europe"": 50}"	21e36f39667155cbca5bce4698574bc36fb4ee875c01a62bae238eb891b3bc54	ok
552	clim-aet8	Lifetime fitness in Germany and Spain under rainfall manipulation	10.21958/phenotype:552	volumetric flow rate unit	501	501	501	501	501	501	501	0	1	"{""admixed"": 83, ""asia"": 36, ""central_europe"": 51, ""germany"": 36, ""italy_balkan_caucasus"": 36, ""north_sweden"": 23, ""relict"": 22, ""south_sweden"": 72, ""spain"": 92, ""western_europe"": 50}"	b14402eac080598e91dce7c7c7f1f7814af843c0434d6ccad1ef69f9b0aa0614	ok
553	clim-aet9	Lifetime fitness in Germany and Spain under rainfall manipulation	10.21958/phenotype:553	volumetric flow rate unit	501	501	501	501	501	501	501	0	1	"{""admixed"": 83, ""asia"": 36, ""central_europe"": 51, ""germany"": 36, ""italy_balkan_caucasus"": 36, ""north_sweden"": 23, ""relict"": 22, ""south_sweden"": 72, ""spain"": 92, ""western_europe"": 50}"	fe8d0d95de3ea59d1f780ed719a5d795fb534bb377dc4ec08fe4347908149f5e	ok
554	clim-bio1	Lifetime fitness in Germany and Spain under rainfall manipulation	10.21958/phenotype:554		500	500	500	500	500	500	500	0	1	"{""admixed"": 83, ""asia"": 36, ""central_europe"": 50, ""germany"": 36, ""italy_balkan_caucasus"": 36, ""north_sweden"": 23, ""relict"": 22, ""south_sweden"": 72, ""spain"": 92, ""western_europe"": 50}"	e6e31e2d021eb6976eca45dd6b402bf34430f6d03b949ff7c6b919394e6735aa	ok
555	clim-bio10	Lifetime fitness in Germany and Spain under rainfall manipulation	10.21958/phenotype:555	temperature unit	501	501	501	501	501	501	501	0	1	"{""admixed"": 83, ""asia"": 36, ""central_europe"": 51, ""germany"": 36, ""italy_balkan_caucasus"": 36, ""north_sweden"": 23, ""relict"": 22, ""south_sweden"": 72, ""spain"": 92, ""western_europe"": 50}"	88aa7f31cfc9c88b5c7e6c1eb4d0c2146e77d8304a1a4810657092676019bcc5	ok
556	clim-bio11	Lifetime fitness in Germany and Spain under rainfall manipulation	10.21958/phenotype:556	temperature unit	499	499	499	499	499	499	499	0	1	"{""admixed"": 82, ""asia"": 36, ""central_europe"": 50, ""germany"": 36, ""italy_balkan_caucasus"": 36, ""north_sweden"": 23, ""relict"": 22, ""south_sweden"": 72, ""spain"": 92, ""western_europe"": 50}"	a17fe448ffdd33e4164eaa48908b11d2b64be1e73973335ffe0a3e84176700d0	ok
557	clim-bio12	Lifetime fitness in Germany and Spain under rainfall manipulation	10.21958/phenotype:557	temperature unit	501	501	501	501	501	501	501	0	1	"{""admixed"": 83, ""asia"": 36, ""central_europe"": 51, ""germany"": 36, ""italy_balkan_caucasus"": 36, ""north_sweden"": 23, ""relict"": 22, ""south_sweden"": 72, ""spain"": 92, ""western_europe"": 50}"	96aed8644b12327961dbff112d4a3da78df4b0ce22e703a204437a0add1961db	ok
558	clim-bio13	Lifetime fitness in Germany and Spain under rainfall manipulation	10.21958/phenotype:558	temperature unit	501	501	501	501	501	501	501	0	1	"{""admixed"": 83, ""asia"": 36, ""central_europe"": 51, ""germany"": 36, ""italy_balkan_caucasus"": 36, ""north_sweden"": 23, ""relict"": 22, ""south_sweden"": 72, ""spain"": 92, ""western_europe"": 50}"	869b8dde7a6dbf8cd404a1a4b39419b0cb4ab73d64ca46fae5d32e7b91a37e91	ok
559	clim-bio14	Lifetime fitness in Germany and Spain under rainfall manipulation	10.21958/phenotype:559	temperature unit	501	501	501	501	501	501	501	0	1	"{""admixed"": 83, ""asia"": 36, ""central_europe"": 51, ""germany"": 36, ""italy_balkan_caucasus"": 36, ""north_sweden"": 23, ""relict"": 22, ""south_sweden"": 72, ""spain"": 92, ""western_europe"": 50}"	84c0281d5819e3e4891b72684b2a6f6b925172ef258cc737def2c3b3c3ae9838	ok
560	clim-bio15	Lifetime fitness in Germany and Spain under rainfall manipulation	10.21958/phenotype:560	temperature unit	501	501	501	501	501	501	501	0	1	"{""admixed"": 83, ""asia"": 36, ""central_europe"": 51, ""germany"": 36, ""italy_balkan_caucasus"": 36, ""north_sweden"": 23, ""relict"": 22, ""south_sweden"": 72, ""spain"": 92, ""western_europe"": 50}"	50c2b7da3dfb27c78a5b5e8e67be0a921536bac623f37a3cb027da63a3ba2d3d	ok
561	clim-bio16	Lifetime fitness in Germany and Spain under rainfall manipulation	10.21958/phenotype:561	temperature unit	501	501	501	501	501	501	501	0	1	"{""admixed"": 83, ""asia"": 36, ""central_europe"": 51, ""germany"": 36, ""italy_balkan_caucasus"": 36, ""north_sweden"": 23, ""relict"": 22, ""south_sweden"": 72, ""spain"": 92, ""western_europe"": 50}"	b09d7b204e8f2cbcac75ef9db65b2d2cb50b0a5b6bb63ec9cd0abdcf55c039e7	ok
562	clim-bio17	Lifetime fitness in Germany and Spain under rainfall manipulation	10.21958/phenotype:562	temperature unit	501	501	501	501	501	501	501	0	1	"{""admixed"": 83, ""asia"": 36, ""central_europe"": 51, ""germany"": 36, ""italy_balkan_caucasus"": 36, ""north_sweden"": 23, ""relict"": 22, ""south_sweden"": 72, ""spain"": 92, ""western_europe"": 50}"	9dea2a51f225fd5af213311a479cacc8650decb04cd20f2f92e3fbb693848ba5	ok
563	clim-bio18	Lifetime fitness in Germany and Spain under rainfall manipulation	10.21958/phenotype:563	temperature unit	501	501	501	501	501	501	501	0	1	"{""admixed"": 83, ""asia"": 36, ""central_europe"": 51, ""germany"": 36, ""italy_balkan_caucasus"": 36, ""north_sweden"": 23, ""relict"": 22, ""south_sweden"": 72, ""spain"": 92, ""western_europe"": 50}"	12133539f36a9dfeb417ff6106dd7aba729c708953358990102a45fc6de26d78	ok
564	clim-bio19	Lifetime fitness in Germany and Spain under rainfall manipulation	10.21958/phenotype:564	temperature unit	501	501	501	501	501	501	501	0	1	"{""admixed"": 83, ""asia"": 36, ""central_europe"": 51, ""germany"": 36, ""italy_balkan_caucasus"": 36, ""north_sweden"": 23, ""relict"": 22, ""south_sweden"": 72, ""spain"": 92, ""western_europe"": 50}"	f28f6ad8c43ed4b794de11ef8764a0758046074c3b017c1169c43a3c85eb8bb0	ok
565	clim-bio2	Lifetime fitness in Germany and Spain under rainfall manipulation	10.21958/phenotype:565	temperature unit	501	501	501	501	501	501	501	0	1	"{""admixed"": 83, ""asia"": 36, ""central_europe"": 51, ""germany"": 36, ""italy_balkan_caucasus"": 36, ""north_sweden"": 23, ""relict"": 22, ""south_sweden"": 72, ""spain"": 92, ""western_europe"": 50}"	c5a4dba10beff5d0669e38c6b7639fa8c16d552b387db0ce309b37a789047105	ok
566	clim-bio3	Lifetime fitness in Germany and Spain under rainfall manipulation	10.21958/phenotype:566	ratio	501	501	501	501	501	501	501	0	1	"{""admixed"": 83, ""asia"": 36, ""central_europe"": 51, ""germany"": 36, ""italy_balkan_caucasus"": 36, ""north_sweden"": 23, ""relict"": 22, ""south_sweden"": 72, ""spain"": 92, ""western_europe"": 50}"	a7aafbecfa3308d72f4ec2a88e16d6cae12c1e34988d1119da0c7282ba193f0a	ok
567	clim-bio4	Lifetime fitness in Germany and Spain under rainfall manipulation	10.21958/phenotype:567	temperature unit	501	501	501	501	501	501	501	0	1	"{""admixed"": 83, ""asia"": 36, ""central_europe"": 51, ""germany"": 36, ""italy_balkan_caucasus"": 36, ""north_sweden"": 23, ""relict"": 22, ""south_sweden"": 72, ""spain"": 92, ""western_europe"": 50}"	04c547ff1526aa62c08152ab133a03dfe0ed9eeb98ca2a867fc2c1d160058105	ok
568	clim-bio5	Lifetime fitness in Germany and Spain under rainfall manipulation	10.21958/phenotype:568	temperature unit	501	501	501	501	501	501	501	0	1	"{""admixed"": 83, ""asia"": 36, ""central_europe"": 51, ""germany"": 36, ""italy_balkan_caucasus"": 36, ""north_sweden"": 23, ""relict"": 22, ""south_sweden"": 72, ""spain"": 92, ""western_europe"": 50}"	bc3ab4eddfd18c8e85e0b477caa4f38fb43839ac5b7bfb37fcc83e6c009c3305	ok
569	clim-bio6	Lifetime fitness in Germany and Spain under rainfall manipulation	10.21958/phenotype:569	temperature unit	497	497	497	497	497	497	497	0	1	"{""admixed"": 82, ""asia"": 36, ""central_europe"": 50, ""germany"": 35, ""italy_balkan_caucasus"": 36, ""north_sweden"": 23, ""relict"": 22, ""south_sweden"": 72, ""spain"": 91, ""western_europe"": 50}"	35921b7bf2a222dc53c1e9efd0669028a2b8af6bf3246865fcf765d5ab49a79d	ok
570	clim-bio7	Lifetime fitness in Germany and Spain under rainfall manipulation	10.21958/phenotype:570	temperature unit	501	501	501	501	501	501	501	0	1	"{""admixed"": 83, ""asia"": 36, ""central_europe"": 51, ""germany"": 36, ""italy_balkan_caucasus"": 36, ""north_sweden"": 23, ""relict"": 22, ""south_sweden"": 72, ""spain"": 92, ""western_europe"": 50}"	4e1e423962b9d22bad1146450e70a51fac8e1d56dcf4f2b55b262ccdf8df4fe6	ok
571	clim-bio8	Lifetime fitness in Germany and Spain under rainfall manipulation	10.21958/phenotype:571	temperature unit	501	501	501	501	501	501	501	0	1	"{""admixed"": 83, ""asia"": 36, ""central_europe"": 51, ""germany"": 36, ""italy_balkan_caucasus"": 36, ""north_sweden"": 23, ""relict"": 22, ""south_sweden"": 72, ""spain"": 92, ""western_europe"": 50}"	2865c55d06ecb1266d358bdc0d916132ece7bc17c4ab0996d46cf70615c31db7	ok
572	clim-bio9	Lifetime fitness in Germany and Spain under rainfall manipulation	10.21958/phenotype:572	temperature unit	500	500	500	500	500	500	500	0	1	"{""admixed"": 82, ""asia"": 36, ""central_europe"": 51, ""germany"": 36, ""italy_balkan_caucasus"": 36, ""north_sweden"": 23, ""relict"": 22, ""south_sweden"": 72, ""spain"": 92, ""western_europe"": 50}"	af7b81da3a15e570e3496a73b46731c1cba765c60e32d5b3eb2e7a96501ae6d6	ok
573	clim-cyclelength	Lifetime fitness in Germany and Spain under rainfall manipulation	10.21958/phenotype:573	dimensionless unit	501	501	501	501	501	501	501	0	1	"{""admixed"": 83, ""asia"": 36, ""central_europe"": 51, ""germany"": 36, ""italy_balkan_caucasus"": 36, ""north_sweden"": 23, ""relict"": 22, ""south_sweden"": 72, ""spain"": 92, ""western_europe"": 50}"	438d232913e8d4c2434bc71d3b1a6648cd3c575ca546bab9f074e2956f7b6aa2	ok
574	clim-cyclevar	Lifetime fitness in Germany and Spain under rainfall manipulation	10.21958/phenotype:574	dimensionless unit	501	501	501	501	501	501	501	0	1	"{""admixed"": 83, ""asia"": 36, ""central_europe"": 51, ""germany"": 36, ""italy_balkan_caucasus"": 36, ""north_sweden"": 23, ""relict"": 22, ""south_sweden"": 72, ""spain"": 92, ""western_europe"": 50}"	3465818e0b64be1bca175bb396af473895a35cb0bcf96bb8eeb589b1583c9419	ok
575	clim-cyclevsgs	Lifetime fitness in Germany and Spain under rainfall manipulation	10.21958/phenotype:575	dimensionless unit	501	501	501	501	501	501	501	0	1	"{""admixed"": 83, ""asia"": 36, ""central_europe"": 51, ""germany"": 36, ""italy_balkan_caucasus"": 36, ""north_sweden"": 23, ""relict"": 22, ""south_sweden"": 72, ""spain"": 92, ""western_europe"": 50}"	51d5f771d946d2cb4aace7c552a2b2e903d45d3a89cab1fd6e486e29b04761b1	ok
576	clim-gs1	Lifetime fitness in Germany and Spain under rainfall manipulation	10.21958/phenotype:576	dimensionless unit	501	501	501	501	501	501	501	0	1	"{""admixed"": 83, ""asia"": 36, ""central_europe"": 51, ""germany"": 36, ""italy_balkan_caucasus"": 36, ""north_sweden"": 23, ""relict"": 22, ""south_sweden"": 72, ""spain"": 92, ""western_europe"": 50}"	ce32b6b9f243817ea2b3b0dde9df8962c79945207e7c934ee04b2efdac1996c4	ok
577	clim-gs10	Lifetime fitness in Germany and Spain under rainfall manipulation	10.21958/phenotype:577	dimensionless unit	501	501	501	501	501	501	501	0	1	"{""admixed"": 83, ""asia"": 36, ""central_europe"": 51, ""germany"": 36, ""italy_balkan_caucasus"": 36, ""north_sweden"": 23, ""relict"": 22, ""south_sweden"": 72, ""spain"": 92, ""western_europe"": 50}"	c7fd6f9fc74d4c6a3196d0ca54c294f7e214b16157b0d545286d51f17b2cae92	ok
578	clim-gs11	Lifetime fitness in Germany and Spain under rainfall manipulation	10.21958/phenotype:578	dimensionless unit	501	501	501	501	501	501	501	0	1	"{""admixed"": 83, ""asia"": 36, ""central_europe"": 51, ""germany"": 36, ""italy_balkan_caucasus"": 36, ""north_sweden"": 23, ""relict"": 22, ""south_sweden"": 72, ""spain"": 92, ""western_europe"": 50}"	62440c92e1fcb82beaeef023a1c7ef6f5b14b426b50b0394ba4e99fd3f28aadb	ok
579	clim-gs12	Lifetime fitness in Germany and Spain under rainfall manipulation	10.21958/phenotype:579	dimensionless unit	501	501	501	501	501	501	501	0	1	"{""admixed"": 83, ""asia"": 36, ""central_europe"": 51, ""germany"": 36, ""italy_balkan_caucasus"": 36, ""north_sweden"": 23, ""relict"": 22, ""south_sweden"": 72, ""spain"": 92, ""western_europe"": 50}"	aa9bda4e25a9532da9294c57798dfd24b173c4e66c8f8a08bef7ff3feb78d386	ok
580	clim-gs2	Lifetime fitness in Germany and Spain under rainfall manipulation	10.21958/phenotype:580	dimensionless unit	501	501	501	501	501	501	501	0	1	"{""admixed"": 83, ""asia"": 36, ""central_europe"": 51, ""germany"": 36, ""italy_balkan_caucasus"": 36, ""north_sweden"": 23, ""relict"": 22, ""south_sweden"": 72, ""spain"": 92, ""western_europe"": 50}"	160825186191a2cf4f332df3ae3b45a2217378b32f369ab5372ee5ed8f2eb132	ok
581	clim-gs3	Lifetime fitness in Germany and Spain under rainfall manipulation	10.21958/phenotype:581	dimensionless unit	501	501	501	501	501	501	501	0	1	"{""admixed"": 83, ""asia"": 36, ""central_europe"": 51, ""germany"": 36, ""italy_balkan_caucasus"": 36, ""north_sweden"": 23, ""relict"": 22, ""south_sweden"": 72, ""spain"": 92, ""western_europe"": 50}"	3d64d90564299c24dd64dd42792ed06218a79b1720ad75ec4fe509403b01057f	ok
582	clim-gs4	Lifetime fitness in Germany and Spain under rainfall manipulation	10.21958/phenotype:582	dimensionless unit	501	501	501	501	501	501	501	0	1	"{""admixed"": 83, ""asia"": 36, ""central_europe"": 51, ""germany"": 36, ""italy_balkan_caucasus"": 36, ""north_sweden"": 23, ""relict"": 22, ""south_sweden"": 72, ""spain"": 92, ""western_europe"": 50}"	bc62484825b2d578017628355cb226b1c4a0488d2b58930eee38b5d0df8e5c8c	ok
583	clim-gs5	Lifetime fitness in Germany and Spain under rainfall manipulation	10.21958/phenotype:583	dimensionless unit	501	501	501	501	501	501	501	0	1	"{""admixed"": 83, ""asia"": 36, ""central_europe"": 51, ""germany"": 36, ""italy_balkan_caucasus"": 36, ""north_sweden"": 23, ""relict"": 22, ""south_sweden"": 72, ""spain"": 92, ""western_europe"": 50}"	d703071689da30be4771b9155eb60a8793ffafb992d8b255213b88c68801cf3c	ok
584	clim-gs6	Lifetime fitness in Germany and Spain under rainfall manipulation	10.21958/phenotype:584	dimensionless unit	501	501	501	501	501	501	501	0	1	"{""admixed"": 83, ""asia"": 36, ""central_europe"": 51, ""germany"": 36, ""italy_balkan_caucasus"": 36, ""north_sweden"": 23, ""relict"": 22, ""south_sweden"": 72, ""spain"": 92, ""western_europe"": 50}"	866101e476446d7dbea7c837a7fea9b6b0fea896c0c08292ebe159548edc11bb	ok
585	clim-gs7	Lifetime fitness in Germany and Spain under rainfall manipulation	10.21958/phenotype:585	dimensionless unit	501	501	501	501	501	501	501	0	1	"{""admixed"": 83, ""asia"": 36, ""central_europe"": 51, ""germany"": 36, ""italy_balkan_caucasus"": 36, ""north_sweden"": 23, ""relict"": 22, ""south_sweden"": 72, ""spain"": 92, ""western_europe"": 50}"	f1595eddfcb84a77954c833ad328df609b5ae585ed2af331e899259c66f11ca6	ok
586	clim-gs8	Lifetime fitness in Germany and Spain under rainfall manipulation	10.21958/phenotype:586	dimensionless unit	501	501	501	501	501	501	501	0	1	"{""admixed"": 83, ""asia"": 36, ""central_europe"": 51, ""germany"": 36, ""italy_balkan_caucasus"": 36, ""north_sweden"": 23, ""relict"": 22, ""south_sweden"": 72, ""spain"": 92, ""western_europe"": 50}"	4cf179a63cfd6d155c6e9eaab475d1b0c028de7f814aa846f6852a3a1f76c7cb	ok
587	clim-gs9	Lifetime fitness in Germany and Spain under rainfall manipulation	10.21958/phenotype:587	dimensionless unit	501	501	501	501	501	501	501	0	1	"{""admixed"": 83, ""asia"": 36, ""central_europe"": 51, ""germany"": 36, ""italy_balkan_caucasus"": 36, ""north_sweden"": 23, ""relict"": 22, ""south_sweden"": 72, ""spain"": 92, ""western_europe"": 50}"	73cce18653d8859d7c779292f66fae4fc90da73176df9526d8841665f33bf9a2	ok
588	clim-gs prec	Lifetime fitness in Germany and Spain under rainfall manipulation	10.21958/phenotype:588	volumetric flow rate unit	501	501	501	501	501	501	501	0	1	"{""admixed"": 83, ""asia"": 36, ""central_europe"": 51, ""germany"": 36, ""italy_balkan_caucasus"": 36, ""north_sweden"": 23, ""relict"": 22, ""south_sweden"": 72, ""spain"": 92, ""western_europe"": 50}"	e305371710c7341c79ae9cf02702603dfe6485bda17324123f38f18a91fd4af3	ok
589	clim-gs sum	Lifetime fitness in Germany and Spain under rainfall manipulation	10.21958/phenotype:589	dimensionless unit	501	501	501	501	501	501	501	0	1	"{""admixed"": 83, ""asia"": 36, ""central_europe"": 51, ""germany"": 36, ""italy_balkan_caucasus"": 36, ""north_sweden"": 23, ""relict"": 22, ""south_sweden"": 72, ""spain"": 92, ""western_europe"": 50}"	23ffb70f64fa9da37471b22a95b951b1732cf3d933f5bb1d096a0a2c04b2587f	ok
590	clim-gs tmax	Lifetime fitness in Germany and Spain under rainfall manipulation	10.21958/phenotype:590	temperature unit	501	501	501	501	501	501	501	0	1	"{""admixed"": 83, ""asia"": 36, ""central_europe"": 51, ""germany"": 36, ""italy_balkan_caucasus"": 36, ""north_sweden"": 23, ""relict"": 22, ""south_sweden"": 72, ""spain"": 92, ""western_europe"": 50}"	f29f0592208f03ceee4633303345ad65956622d2bd7b2f34fefa70bcf7423fb0	ok
591	clim-gs tmin	Lifetime fitness in Germany and Spain under rainfall manipulation	10.21958/phenotype:591	temperature unit	501	501	501	501	501	501	501	0	1	"{""admixed"": 83, ""asia"": 36, ""central_europe"": 51, ""germany"": 36, ""italy_balkan_caucasus"": 36, ""north_sweden"": 23, ""relict"": 22, ""south_sweden"": 72, ""spain"": 92, ""western_europe"": 50}"	56001eebe99e7930b10e56b5ec853b37b42c0bf89b7e67f15d09c803f52e3936	ok
592	clim-pet1	Lifetime fitness in Germany and Spain under rainfall manipulation	10.21958/phenotype:592	volumetric flow rate unit	501	501	501	501	501	501	501	0	1	"{""admixed"": 83, ""asia"": 36, ""central_europe"": 51, ""germany"": 36, ""italy_balkan_caucasus"": 36, ""north_sweden"": 23, ""relict"": 22, ""south_sweden"": 72, ""spain"": 92, ""western_europe"": 50}"	c70d9307e63b7bca234b525ccb6bf90ebfcad2b9eede18940382ac9d0c05c9a5	ok
593	clim-pet10	Lifetime fitness in Germany and Spain under rainfall manipulation	10.21958/phenotype:593	volumetric flow rate unit	501	501	501	501	501	501	501	0	1	"{""admixed"": 83, ""asia"": 36, ""central_europe"": 51, ""germany"": 36, ""italy_balkan_caucasus"": 36, ""north_sweden"": 23, ""relict"": 22, ""south_sweden"": 72, ""spain"": 92, ""western_europe"": 50}"	d51d27da46055cfe978940ae00d554ebdc741820b7bceeca17f423813435af5e	ok
594	clim-pet11	Lifetime fitness in Germany and Spain under rainfall manipulation	10.21958/phenotype:594	volumetric flow rate unit	501	501	501	501	501	501	501	0	1	"{""admixed"": 83, ""asia"": 36, ""central_europe"": 51, ""germany"": 36, ""italy_balkan_caucasus"": 36, ""north_sweden"": 23, ""relict"": 22, ""south_sweden"": 72, ""spain"": 92, ""western_europe"": 50}"	2a02e93288341539d5ff38c1d37552d4a3e76b44f4772deec80192b7ae07caff	ok
595	clim-pet12	Lifetime fitness in Germany and Spain under rainfall manipulation	10.21958/phenotype:595	volumetric flow rate unit	501	501	501	501	501	501	501	0	1	"{""admixed"": 83, ""asia"": 36, ""central_europe"": 51, ""germany"": 36, ""italy_balkan_caucasus"": 36, ""north_sweden"": 23, ""relict"": 22, ""south_sweden"": 72, ""spain"": 92, ""western_europe"": 50}"	16e4412e12a8288a57f15a6043d2e18c2d042c5401ac9cb2a4deb4a50a32a5c7	ok
596	clim-pet2	Lifetime fitness in Germany and Spain under rainfall manipulation	10.21958/phenotype:596	volumetric flow rate unit	501	501	501	501	501	501	501	0	1	"{""admixed"": 83, ""asia"": 36, ""central_europe"": 51, ""germany"": 36, ""italy_balkan_caucasus"": 36, ""north_sweden"": 23, ""relict"": 22, ""south_sweden"": 72, ""spain"": 92, ""western_europe"": 50}"	72debe44d3ee4d259e4a40fa51a478ebeb9cdf09677837e2644f5bf282895558	ok
597	clim-pet3	Lifetime fitness in Germany and Spain under rainfall manipulation	10.21958/phenotype:597	volumetric flow rate unit	501	501	501	501	501	501	501	0	1	"{""admixed"": 83, ""asia"": 36, ""central_europe"": 51, ""germany"": 36, ""italy_balkan_caucasus"": 36, ""north_sweden"": 23, ""relict"": 22, ""south_sweden"": 72, ""spain"": 92, ""western_europe"": 50}"	edc204caf810869543b72d8e0e2b457bf1adddf32a0839cda32fdd0f7c36326f	ok
598	clim-pet4	Lifetime fitness in Germany and Spain under rainfall manipulation	10.21958/phenotype:598	volumetric flow rate unit	501	501	501	501	501	501	501	0	1	"{""admixed"": 83, ""asia"": 36, ""central_europe"": 51, ""germany"": 36, ""italy_balkan_caucasus"": 36, ""north_sweden"": 23, ""relict"": 22, ""south_sweden"": 72, ""spain"": 92, ""western_europe"": 50}"	949121b857ebf6f1002e794f252a9fbcc91149662c50b5a044af98d6cca5e99d	ok
599	clim-pet5	Lifetime fitness in Germany and Spain under rainfall manipulation	10.21958/phenotype:599	volumetric flow rate unit	501	501	501	501	501	501	501	0	1	"{""admixed"": 83, ""asia"": 36, ""central_europe"": 51, ""germany"": 36, ""italy_balkan_caucasus"": 36, ""north_sweden"": 23, ""relict"": 22, ""south_sweden"": 72, ""spain"": 92, ""western_europe"": 50}"	bcc56b1bf0041facbfac09977972f9956b9f5c0769d50d6bac6d39b0d7d7b55b	ok
600	clim-pet6	Lifetime fitness in Germany and Spain under rainfall manipulation	10.21958/phenotype:600	volumetric flow rate unit	501	501	501	501	501	501	501	0	1	"{""admixed"": 83, ""asia"": 36, ""central_europe"": 51, ""germany"": 36, ""italy_balkan_caucasus"": 36, ""north_sweden"": 23, ""relict"": 22, ""south_sweden"": 72, ""spain"": 92, ""western_europe"": 50}"	c8b312c08cb194c2efa1bce8303abbe4a255f428c3baca6a7cc7c282fa9e4c38	ok
601	clim-pet7	Lifetime fitness in Germany and Spain under rainfall manipulation	10.21958/phenotype:601	volumetric flow rate unit	501	501	501	501	501	501	501	0	1	"{""admixed"": 83, ""asia"": 36, ""central_europe"": 51, ""germany"": 36, ""italy_balkan_caucasus"": 36, ""north_sweden"": 23, ""relict"": 22, ""south_sweden"": 72, ""spain"": 92, ""western_europe"": 50}"	48b56c7845d2b1eaecd0bef76594836f6723a6f2ae5149ab140f22a29d870424	ok
602	clim-pet8	Lifetime fitness in Germany and Spain under rainfall manipulation	10.21958/phenotype:602	volumetric flow rate unit	501	501	501	501	501	501	501	0	1	"{""admixed"": 83, ""asia"": 36, ""central_europe"": 51, ""germany"": 36, ""italy_balkan_caucasus"": 36, ""north_sweden"": 23, ""relict"": 22, ""south_sweden"": 72, ""spain"": 92, ""western_europe"": 50}"	fea93df5fea3565ed463e35be3241a36cefdbf65b2e3cd1e9366373a21ac7eec	ok
603	clim-pet9	Lifetime fitness in Germany and Spain under rainfall manipulation	10.21958/phenotype:603	volumetric flow rate unit	501	501	501	501	501	501	501	0	1	"{""admixed"": 83, ""asia"": 36, ""central_europe"": 51, ""germany"": 36, ""italy_balkan_caucasus"": 36, ""north_sweden"": 23, ""relict"": 22, ""south_sweden"": 72, ""spain"": 92, ""western_europe"": 50}"	9602915b1ae9b4fcf5fb00ed0f443a5e9d101d3dcddb4db85c6631da63c57c66	ok
604	clim-prec1	Lifetime fitness in Germany and Spain under rainfall manipulation	10.21958/phenotype:604	temperature unit	501	501	501	501	501	501	501	0	1	"{""admixed"": 83, ""asia"": 36, ""central_europe"": 51, ""germany"": 36, ""italy_balkan_caucasus"": 36, ""north_sweden"": 23, ""relict"": 22, ""south_sweden"": 72, ""spain"": 92, ""western_europe"": 50}"	c5eb89a25c071ecbdb37bcf313b80e8766e5d2e1a6b869daee85c696b48dc255	ok
605	clim-prec10	Lifetime fitness in Germany and Spain under rainfall manipulation	10.21958/phenotype:605	volumetric flow rate unit	501	501	501	501	501	501	501	0	1	"{""admixed"": 83, ""asia"": 36, ""central_europe"": 51, ""germany"": 36, ""italy_balkan_caucasus"": 36, ""north_sweden"": 23, ""relict"": 22, ""south_sweden"": 72, ""spain"": 92, ""western_europe"": 50}"	751edbb0fcce73367dee3010f8e217875c48a9390fc3a637a070df7559962467	ok
606	clim-prec11	Lifetime fitness in Germany and Spain under rainfall manipulation	10.21958/phenotype:606	volumetric flow rate unit	501	501	501	501	501	501	501	0	1	"{""admixed"": 83, ""asia"": 36, ""central_europe"": 51, ""germany"": 36, ""italy_balkan_caucasus"": 36, ""north_sweden"": 23, ""relict"": 22, ""south_sweden"": 72, ""spain"": 92, ""western_europe"": 50}"	ecbf8755f5a28c7a5ca11a8ec6cf1344d41c51edc9684d25729de40f968d594e	ok
607	clim-prec12	Lifetime fitness in Germany and Spain under rainfall manipulation	10.21958/phenotype:607	volumetric flow rate unit	501	501	501	501	501	501	501	0	1	"{""admixed"": 83, ""asia"": 36, ""central_europe"": 51, ""germany"": 36, ""italy_balkan_caucasus"": 36, ""north_sweden"": 23, ""relict"": 22, ""south_sweden"": 72, ""spain"": 92, ""western_europe"": 50}"	994db41150540bd5026b616c90ff8a159e101aaa155abd8ae78c9d5dd64b34d7	ok
608	clim-prec2	Lifetime fitness in Germany and Spain under rainfall manipulation	10.21958/phenotype:608	temperature unit	501	501	501	501	501	501	501	0	1	"{""admixed"": 83, ""asia"": 36, ""central_europe"": 51, ""germany"": 36, ""italy_balkan_caucasus"": 36, ""north_sweden"": 23, ""relict"": 22, ""south_sweden"": 72, ""spain"": 92, ""western_europe"": 50}"	04aa6137d708b98a9c524c90c25208edc393a3f43145e466fa81af710822c562	ok
609	clim-prec3	Lifetime fitness in Germany and Spain under rainfall manipulation	10.21958/phenotype:609	temperature unit	501	501	501	501	501	501	501	0	1	"{""admixed"": 83, ""asia"": 36, ""central_europe"": 51, ""germany"": 36, ""italy_balkan_caucasus"": 36, ""north_sweden"": 23, ""relict"": 22, ""south_sweden"": 72, ""spain"": 92, ""western_europe"": 50}"	5351b2936211089515a5753d7b67b9cd7d4c2f150cb1e826c0e450aed5edff5e	ok
610	clim-prec4	Lifetime fitness in Germany and Spain under rainfall manipulation	10.21958/phenotype:610	volumetric flow rate unit	501	501	501	501	501	501	501	0	1	"{""admixed"": 83, ""asia"": 36, ""central_europe"": 51, ""germany"": 36, ""italy_balkan_caucasus"": 36, ""north_sweden"": 23, ""relict"": 22, ""south_sweden"": 72, ""spain"": 92, ""western_europe"": 50}"	92a48c2a4df4324907ebdfe0b148bce597d6065761fd50f6254af40b4bb4b199	ok
611	clim-prec5	Lifetime fitness in Germany and Spain under rainfall manipulation	10.21958/phenotype:611	volumetric flow rate unit	501	501	501	501	501	501	501	0	1	"{""admixed"": 83, ""asia"": 36, ""central_europe"": 51, ""germany"": 36, ""italy_balkan_caucasus"": 36, ""north_sweden"": 23, ""relict"": 22, ""south_sweden"": 72, ""spain"": 92, ""western_europe"": 50}"	71af09c4f49b16cdbe9b5c09b5f0ffda9ab88429ded3cd57835e6b2b10bee15d	ok
612	clim-prec6	Lifetime fitness in Germany and Spain under rainfall manipulation	10.21958/phenotype:612	volumetric flow rate unit	501	501	501	501	501	501	501	0	1	"{""admixed"": 83, ""asia"": 36, ""central_europe"": 51, ""germany"": 36, ""italy_balkan_caucasus"": 36, ""north_sweden"": 23, ""relict"": 22, ""south_sweden"": 72, ""spain"": 92, ""western_europe"": 50}"	3ee7e9da8add784eceb3d44a081975062e18208787e00e79ddd8432ad522fb47	ok
613	clim-prec7	Lifetime fitness in Germany and Spain under rainfall manipulation	10.21958/phenotype:613	volumetric flow rate unit	501	501	501	501	501	501	501	0	1	"{""admixed"": 83, ""asia"": 36, ""central_europe"": 51, ""germany"": 36, ""italy_balkan_caucasus"": 36, ""north_sweden"": 23, ""relict"": 22, ""south_sweden"": 72, ""spain"": 92, ""western_europe"": 50}"	73c0d9c00463494e4ead17fd1df15f243470203327a8c7d58fa5597e132d973a	ok
614	clim-prec8	Lifetime fitness in Germany and Spain under rainfall manipulation	10.21958/phenotype:614	volumetric flow rate unit	501	501	501	501	501	501	501	0	1	"{""admixed"": 83, ""asia"": 36, ""central_europe"": 51, ""germany"": 36, ""italy_balkan_caucasus"": 36, ""north_sweden"": 23, ""relict"": 22, ""south_sweden"": 72, ""spain"": 92, ""western_europe"": 50}"	621c78303054da4522be1efb6312b9f9a8f0b499db9db5c8a46358e06d599a03	ok
615	clim-prec9	Lifetime fitness in Germany and Spain under rainfall manipulation	10.21958/phenotype:615	volumetric flow rate unit	501	501	501	501	501	501	501	0	1	"{""admixed"": 83, ""asia"": 36, ""central_europe"": 51, ""germany"": 36, ""italy_balkan_caucasus"": 36, ""north_sweden"": 23, ""relict"": 22, ""south_sweden"": 72, ""spain"": 92, ""western_europe"": 50}"	2c910bcb9724ed2aff680818931f4d8758d9a592fe0a3a5dee979da58198dc3e	ok
616	clim-tmax1	Lifetime fitness in Germany and Spain under rainfall manipulation	10.21958/phenotype:616	temperature unit	501	501	501	501	501	501	501	0	1	"{""admixed"": 83, ""asia"": 36, ""central_europe"": 51, ""germany"": 36, ""italy_balkan_caucasus"": 36, ""north_sweden"": 23, ""relict"": 22, ""south_sweden"": 72, ""spain"": 92, ""western_europe"": 50}"	69eccee1358ca51b899750d5c0e659cf5c26328b93de6a32fad7c1b2411dc6f3	ok
617	clim-tmax10	Lifetime fitness in Germany and Spain under rainfall manipulation	10.21958/phenotype:617	temperature unit	501	501	501	501	501	501	501	0	1	"{""admixed"": 83, ""asia"": 36, ""central_europe"": 51, ""germany"": 36, ""italy_balkan_caucasus"": 36, ""north_sweden"": 23, ""relict"": 22, ""south_sweden"": 72, ""spain"": 92, ""western_europe"": 50}"	4b65b016efd52d45acd1676c8ca4f658943c7bdef51b62fb9aaf3f14264430e8	ok
618	clim-tmax11	Lifetime fitness in Germany and Spain under rainfall manipulation	10.21958/phenotype:618	temperature unit	501	501	501	501	501	501	501	0	1	"{""admixed"": 83, ""asia"": 36, ""central_europe"": 51, ""germany"": 36, ""italy_balkan_caucasus"": 36, ""north_sweden"": 23, ""relict"": 22, ""south_sweden"": 72, ""spain"": 92, ""western_europe"": 50}"	4c45355bf50be103c4abb5ff9c2842422e99e8c4d62338c5b92df9a5a100dfdb	ok
619	clim-tmax12	Lifetime fitness in Germany and Spain under rainfall manipulation	10.21958/phenotype:619	temperature unit	501	501	501	501	501	501	501	0	1	"{""admixed"": 83, ""asia"": 36, ""central_europe"": 51, ""germany"": 36, ""italy_balkan_caucasus"": 36, ""north_sweden"": 23, ""relict"": 22, ""south_sweden"": 72, ""spain"": 92, ""western_europe"": 50}"	a72b25f5618816f844e76a26f355acbf3e0d5a39a56a18c514d2f77099056a8a	ok
620	clim-tmax2	Lifetime fitness in Germany and Spain under rainfall manipulation	10.21958/phenotype:620	temperature unit	501	501	501	501	501	501	501	0	1	"{""admixed"": 83, ""asia"": 36, ""central_europe"": 51, ""germany"": 36, ""italy_balkan_caucasus"": 36, ""north_sweden"": 23, ""relict"": 22, ""south_sweden"": 72, ""spain"": 92, ""western_europe"": 50}"	3a6f5a22ad19f4eef850440b99b9f83ec65ad7c51e4c4b66b10c2822ac4c472f	ok
621	clim-tmax3	Lifetime fitness in Germany and Spain under rainfall manipulation	10.21958/phenotype:621	temperature unit	500	500	500	500	500	500	500	0	1	"{""admixed"": 83, ""asia"": 35, ""central_europe"": 51, ""germany"": 36, ""italy_balkan_caucasus"": 36, ""north_sweden"": 23, ""relict"": 22, ""south_sweden"": 72, ""spain"": 92, ""western_europe"": 50}"	701889f1ba78de1663e1c9d31d906e3b25bdf6fbdccddc78c9aaa7145d749a62	ok
622	clim-tmax4	Lifetime fitness in Germany and Spain under rainfall manipulation	10.21958/phenotype:622	temperature unit	501	501	501	501	501	501	501	0	1	"{""admixed"": 83, ""asia"": 36, ""central_europe"": 51, ""germany"": 36, ""italy_balkan_caucasus"": 36, ""north_sweden"": 23, ""relict"": 22, ""south_sweden"": 72, ""spain"": 92, ""western_europe"": 50}"	f4fba73632105dbda6410aa381ff3de515f05a3b4b1be19df5977713ff326ac6	ok
623	clim-tmax5	Lifetime fitness in Germany and Spain under rainfall manipulation	10.21958/phenotype:623	temperature unit	501	501	501	501	501	501	501	0	1	"{""admixed"": 83, ""asia"": 36, ""central_europe"": 51, ""germany"": 36, ""italy_balkan_caucasus"": 36, ""north_sweden"": 23, ""relict"": 22, ""south_sweden"": 72, ""spain"": 92, ""western_europe"": 50}"	5deb9604b3d232913bbf709d2690206cdcb685b96b8345892d7d24d6fc6ec892	ok
624	clim-tmax6	Lifetime fitness in Germany and Spain under rainfall manipulation	10.21958/phenotype:624	temperature unit	501	501	501	501	501	501	501	0	1	"{""admixed"": 83, ""asia"": 36, ""central_europe"": 51, ""germany"": 36, ""italy_balkan_caucasus"": 36, ""north_sweden"": 23, ""relict"": 22, ""south_sweden"": 72, ""spain"": 92, ""western_europe"": 50}"	f36af3a33d42a76e3d6c4a93702afb578600022a63389d2acb9ace4cdedd5e3e	ok
625	clim-tmax7	Lifetime fitness in Germany and Spain under rainfall manipulation	10.21958/phenotype:625	temperature unit	501	501	501	501	501	501	501	0	1	"{""admixed"": 83, ""asia"": 36, ""central_europe"": 51, ""germany"": 36, ""italy_balkan_caucasus"": 36, ""north_sweden"": 23, ""relict"": 22, ""south_sweden"": 72, ""spain"": 92, ""western_europe"": 50}"	bb95f1b0e3067e5e728e5cc546ced684741eb91b81748e5f178d784d56916f00	ok
626	clim-tmax8	Lifetime fitness in Germany and Spain under rainfall manipulation	10.21958/phenotype:626	temperature unit	501	501	501	501	501	501	501	0	1	"{""admixed"": 83, ""asia"": 36, ""central_europe"": 51, ""germany"": 36, ""italy_balkan_caucasus"": 36, ""north_sweden"": 23, ""relict"": 22, ""south_sweden"": 72, ""spain"": 92, ""western_europe"": 50}"	6d4f4cd80b7b4451d6fe2d9d7e548a5549ee26c4652b1e15921af7d1675b2dc7	ok
627	clim-tmax9	Lifetime fitness in Germany and Spain under rainfall manipulation	10.21958/phenotype:627	temperature unit	501	501	501	501	501	501	501	0	1	"{""admixed"": 83, ""asia"": 36, ""central_europe"": 51, ""germany"": 36, ""italy_balkan_caucasus"": 36, ""north_sweden"": 23, ""relict"": 22, ""south_sweden"": 72, ""spain"": 92, ""western_europe"": 50}"	8670cc6c676edbae81e3ab60d3acf920c3a1b58fa01d431223a0d6d2817a3af1	ok
628	clim-tmin1	Lifetime fitness in Germany and Spain under rainfall manipulation	10.21958/phenotype:628	temperature unit	499	499	499	499	499	499	499	0	1	"{""admixed"": 83, ""asia"": 36, ""central_europe"": 50, ""germany"": 36, ""italy_balkan_caucasus"": 36, ""north_sweden"": 23, ""relict"": 22, ""south_sweden"": 72, ""spain"": 91, ""western_europe"": 50}"	e0c00ffd3cf21f0a9160e013f1555678d283045451cd13528095825f60aba670	ok
629	clim-tmin10	Lifetime fitness in Germany and Spain under rainfall manipulation	10.21958/phenotype:629	temperature unit	498	498	498	498	498	498	498	0	1	"{""admixed"": 83, ""asia"": 33, ""central_europe"": 51, ""germany"": 36, ""italy_balkan_caucasus"": 36, ""north_sweden"": 23, ""relict"": 22, ""south_sweden"": 72, ""spain"": 92, ""western_europe"": 50}"	032de3ca3db9f19b84f89548f0d7fb056e4057a5d554d5333e977991e3591d7a	ok
630	clim-tmin11	Lifetime fitness in Germany and Spain under rainfall manipulation	10.21958/phenotype:630	temperature unit	501	501	501	501	501	501	501	0	1	"{""admixed"": 83, ""asia"": 36, ""central_europe"": 51, ""germany"": 36, ""italy_balkan_caucasus"": 36, ""north_sweden"": 23, ""relict"": 22, ""south_sweden"": 72, ""spain"": 92, ""western_europe"": 50}"	3621663bece16c709a02fc184c9317de80ddb43b40f974501a4e910e00f8221b	ok
631	clim-tmin12	Lifetime fitness in Germany and Spain under rainfall manipulation	10.21958/phenotype:631	temperature unit	479	479	479	479	479	479	479	0	1	"{""admixed"": 81, ""asia"": 36, ""central_europe"": 50, ""germany"": 32, ""italy_balkan_caucasus"": 35, ""north_sweden"": 23, ""relict"": 22, ""south_sweden"": 61, ""spain"": 89, ""western_europe"": 50}"	206f06da87ff98bd073b082bd36fd6ead106704ca69b698273b4737472719122	ok
632	clim-tmin2	Lifetime fitness in Germany and Spain under rainfall manipulation	10.21958/phenotype:632	temperature unit	497	497	497	497	497	497	497	0	1	"{""admixed"": 82, ""asia"": 36, ""central_europe"": 51, ""germany"": 35, ""italy_balkan_caucasus"": 35, ""north_sweden"": 23, ""relict"": 22, ""south_sweden"": 72, ""spain"": 91, ""western_europe"": 50}"	b55468460696b36f7511b0fe4be574b747f60186847785d449bca46c497aa034	ok
633	clim-tmin3	Lifetime fitness in Germany and Spain under rainfall manipulation	10.21958/phenotype:633	temperature unit	482	482	482	482	482	482	482	0	1	"{""admixed"": 82, ""asia"": 36, ""central_europe"": 51, ""germany"": 36, ""italy_balkan_caucasus"": 36, ""north_sweden"": 23, ""relict"": 22, ""south_sweden"": 55, ""spain"": 92, ""western_europe"": 49}"	5707cf97f162f687d2426f99e0393a3f8de48f2ada6fd0e9b35ae37533617ccd	ok
634	clim-tmin4	Lifetime fitness in Germany and Spain under rainfall manipulation	10.21958/phenotype:634	temperature unit	501	501	501	501	501	501	501	0	1	"{""admixed"": 83, ""asia"": 36, ""central_europe"": 51, ""germany"": 36, ""italy_balkan_caucasus"": 36, ""north_sweden"": 23, ""relict"": 22, ""south_sweden"": 72, ""spain"": 92, ""western_europe"": 50}"	b188ffd02fccdedc0155830afd75e734e2c7b55ca2461238f7318be36baf3e4f	ok
635	clim-tmin5	Lifetime fitness in Germany and Spain under rainfall manipulation	10.21958/phenotype:635	temperature unit	501	501	501	501	501	501	501	0	1	"{""admixed"": 83, ""asia"": 36, ""central_europe"": 51, ""germany"": 36, ""italy_balkan_caucasus"": 36, ""north_sweden"": 23, ""relict"": 22, ""south_sweden"": 72, ""spain"": 92, ""western_europe"": 50}"	fdb7b9140b26d0a2a98e249e0bc564d38762cf818da2569a61ece4edbaa7fdb0	ok
636	clim-tmin6	Lifetime fitness in Germany and Spain under rainfall manipulation	10.21958/phenotype:636	temperature unit	501	501	501	501	501	501	501	0	1	"{""admixed"": 83, ""asia"": 36, ""central_europe"": 51, ""germany"": 36, ""italy_balkan_caucasus"": 36, ""north_sweden"": 23, ""relict"": 22, ""south_sweden"": 72, ""spain"": 92, ""western_europe"": 50}"	e3ec74a4bc10cf94c249a7995b1033f1699154790a1529d40266257fbd7e987c	ok
637	clim-tmin7	Lifetime fitness in Germany and Spain under rainfall manipulation	10.21958/phenotype:637	temperature unit	501	501	501	501	501	501	501	0	1	"{""admixed"": 83, ""asia"": 36, ""central_europe"": 51, ""germany"": 36, ""italy_balkan_caucasus"": 36, ""north_sweden"": 23, ""relict"": 22, ""south_sweden"": 72, ""spain"": 92, ""western_europe"": 50}"	39a7d70f12ea858a652a77a9d5d7d0e1bcdf99f93869665ca6c4d3552565262e	ok
638	clim-tmin8	Lifetime fitness in Germany and Spain under rainfall manipulation	10.21958/phenotype:638	temperature unit	501	501	501	501	501	501	501	0	1	"{""admixed"": 83, ""asia"": 36, ""central_europe"": 51, ""germany"": 36, ""italy_balkan_caucasus"": 36, ""north_sweden"": 23, ""relict"": 22, ""south_sweden"": 72, ""spain"": 92, ""western_europe"": 50}"	d9d662184df3e0cb2d179dde99057a0f3d74179270e7fc9d1532cc5bb9f58d58	ok
639	clim-tmin9	Lifetime fitness in Germany and Spain under rainfall manipulation	10.21958/phenotype:639	temperature unit	501	501	501	501	501	501	501	0	1	"{""admixed"": 83, ""asia"": 36, ""central_europe"": 51, ""germany"": 36, ""italy_balkan_caucasus"": 36, ""north_sweden"": 23, ""relict"": 22, ""south_sweden"": 72, ""spain"": 92, ""western_europe"": 50}"	9613edae14eaf56496d088b5ec420c845f214cf8e763f24c256e1b44aaedec60	ok
640	MRL0	Salt induced changes in Root System Architecture	10.21958/phenotype:640	length unit	328	328	328	328	328	136	136	0	1	"{""admixed"": 24, ""asia"": 2, ""central_europe"": 22, ""germany"": 32, ""north_sweden"": 6, ""relict"": 1, ""south_sweden"": 28, ""spain"": 3, ""western_europe"": 18}"	dd82c3c331bb18c1482339b2fdee2274e2bc30ff3296c3e4dd7236bb54a31d49	ok
641	MRVL0	Salt induced changes in Root System Architecture	10.21958/phenotype:641	length unit	328	328	328	328	328	136	136	0	1	"{""admixed"": 24, ""asia"": 2, ""central_europe"": 22, ""germany"": 32, ""north_sweden"": 6, ""relict"": 1, ""south_sweden"": 28, ""spain"": 3, ""western_europe"": 18}"	b2d2488270be5c46440a1596a20df8e239ba5d8ffc4400be94fd2d0f3b96e7bd	ok
642	Depth0	Salt induced changes in Root System Architecture	10.21958/phenotype:642	length unit	328	328	328	328	328	136	136	0	1	"{""admixed"": 24, ""asia"": 2, ""central_europe"": 22, ""germany"": 32, ""north_sweden"": 6, ""relict"": 1, ""south_sweden"": 28, ""spain"": 3, ""western_europe"": 18}"	474d56ea51932d642191ed61d4f130bcc0818789faed7ee8cd605becb143a671	ok
643	MRVA0	Salt induced changes in Root System Architecture	10.21958/phenotype:643	degree	328	328	328	328	328	136	136	0	1	"{""admixed"": 24, ""asia"": 2, ""central_europe"": 22, ""germany"": 32, ""north_sweden"": 6, ""relict"": 1, ""south_sweden"": 28, ""spain"": 3, ""western_europe"": 18}"	f934697085ab4f4ce56c4e889670c2b6d40cfaf3bf4257bbe2ae432e010b53b1	ok
644	Straight0	Salt induced changes in Root System Architecture	10.21958/phenotype:644	ratio	328	328	328	328	328	136	136	0	1	"{""admixed"": 24, ""asia"": 2, ""central_europe"": 22, ""germany"": 32, ""north_sweden"": 6, ""relict"": 1, ""south_sweden"": 28, ""spain"": 3, ""western_europe"": 18}"	d2111ea068f0961541bcb89849d607dde9709393d15a000129770f4127dd67c2	ok
645	noLRpMR0	Salt induced changes in Root System Architecture	10.21958/phenotype:645	count unit	328	328	328	328	328	136	136	0	1	"{""admixed"": 24, ""asia"": 2, ""central_europe"": 22, ""germany"": 32, ""north_sweden"": 6, ""relict"": 1, ""south_sweden"": 28, ""spain"": 3, ""western_europe"": 18}"	bb2d739d4ed75e5dc47e734d8cc482bb3069c6d1089118b7c5c8742f49f59136	ok
646	LRDpMR0	Salt induced changes in Root System Architecture	10.21958/phenotype:646	count unit	328	328	328	328	328	136	136	0	1	"{""admixed"": 24, ""asia"": 2, ""central_europe"": 22, ""germany"": 32, ""north_sweden"": 6, ""relict"": 1, ""south_sweden"": 28, ""spain"": 3, ""western_europe"": 18}"	ab71f5200150d806eac24bac380177aec768d28e90f9b031b13b7ce2bb896a4c	ok
647	LRDpBZ0	Salt induced changes in Root System Architecture	10.21958/phenotype:647	count unit	328	328	328	328	328	136	136	0	1	"{""admixed"": 24, ""asia"": 2, ""central_europe"": 22, ""germany"": 32, ""north_sweden"": 6, ""relict"": 1, ""south_sweden"": 28, ""spain"": 3, ""western_europe"": 18}"	64a614abce5d77098debb3e5a9a1cbc9736b7b52cc552f8e59d921813ba7a928	ok
648	LRL0	Salt induced changes in Root System Architecture	10.21958/phenotype:648	length unit	328	328	328	328	328	136	136	0	1	"{""admixed"": 24, ""asia"": 2, ""central_europe"": 22, ""germany"": 32, ""north_sweden"": 6, ""relict"": 1, ""south_sweden"": 28, ""spain"": 3, ""western_europe"": 18}"	a9e41249b91123bf5d70179ff4a9d87a742b90fd8653472ea71213adc71be310	ok
649	aLRL0	Salt induced changes in Root System Architecture	10.21958/phenotype:649	length unit	328	328	328	328	328	136	136	0	1	"{""admixed"": 24, ""asia"": 2, ""central_europe"": 22, ""germany"": 32, ""north_sweden"": 6, ""relict"": 1, ""south_sweden"": 28, ""spain"": 3, ""western_europe"": 18}"	5add97a9d752053e33c974e573c9b1f3c90f9a4657740cd596e3b8eeacf75e88	ok
650	Apical0	Salt induced changes in Root System Architecture	10.21958/phenotype:650	length unit	328	328	328	328	328	136	136	0	1	"{""admixed"": 24, ""asia"": 2, ""central_europe"": 22, ""germany"": 32, ""north_sweden"": 6, ""relict"": 1, ""south_sweden"": 28, ""spain"": 3, ""western_europe"": 18}"	9e9a112188954cc93cb0a2da29547e7d0e66b626b08f28910c96f6889b80020d	ok
651	Basal0	Salt induced changes in Root System Architecture	10.21958/phenotype:651	length unit	328	328	328	328	328	136	136	0	1	"{""admixed"": 24, ""asia"": 2, ""central_europe"": 22, ""germany"": 32, ""north_sweden"": 6, ""relict"": 1, ""south_sweden"": 28, ""spain"": 3, ""western_europe"": 18}"	4ad08fb62a6a9a783891487b705daeaacba98fb6d5aae9076825829d8a68669f	ok
652	Branched0	Salt induced changes in Root System Architecture	10.21958/phenotype:652	length unit	328	328	328	328	328	136	136	0	1	"{""admixed"": 24, ""asia"": 2, ""central_europe"": 22, ""germany"": 32, ""north_sweden"": 6, ""relict"": 1, ""south_sweden"": 28, ""spain"": 3, ""western_europe"": 18}"	f4c51921bc4aaf28774bed9df564f40859eefa9431a47183bbc487639b7d97b5	ok
653	MRLpTRS0	Salt induced changes in Root System Architecture	10.21958/phenotype:653	ratio	328	328	328	328	328	136	136	0	1	"{""admixed"": 24, ""asia"": 2, ""central_europe"": 22, ""germany"": 32, ""north_sweden"": 6, ""relict"": 1, ""south_sweden"": 28, ""spain"": 3, ""western_europe"": 18}"	90ced4ccfe20fdcf3cbd5180601b715a8c740e3c2932586fb026cb43bd0fdae7	ok
654	LRLpMRL0	Salt induced changes in Root System Architecture	10.21958/phenotype:654	ratio	328	328	328	328	328	136	136	0	1	"{""admixed"": 24, ""asia"": 2, ""central_europe"": 22, ""germany"": 32, ""north_sweden"": 6, ""relict"": 1, ""south_sweden"": 28, ""spain"": 3, ""western_europe"": 18}"	28d244e1b22abd034971019c103edcc76aeab5142b46c2f9a540ce36685bca87	ok
655	aLRLpMRL0	Salt induced changes in Root System Architecture	10.21958/phenotype:655	ratio	328	328	328	328	328	136	136	0	1	"{""admixed"": 24, ""asia"": 2, ""central_europe"": 22, ""germany"": 32, ""north_sweden"": 6, ""relict"": 1, ""south_sweden"": 28, ""spain"": 3, ""western_europe"": 18}"	9e39b3b2b31b331b513eb61cebf109ed74f6151e338234a7e8986c2739bdde2d	ok
656	PC1sc0	Salt induced changes in Root System Architecture	10.21958/phenotype:656	dimensionless unit	326	326	326	326	326	134	134	0	1	"{""admixed"": 24, ""asia"": 2, ""central_europe"": 21, ""germany"": 32, ""north_sweden"": 6, ""relict"": 1, ""south_sweden"": 27, ""spain"": 3, ""western_europe"": 18}"	e28c0101aa0463008b3a0d704ab2e955484707de111a8ef055d248b36dbdf8c0	ok
657	PC2sc0	Salt induced changes in Root System Architecture	10.21958/phenotype:657	dimensionless unit	326	326	326	326	326	134	134	0	1	"{""admixed"": 24, ""asia"": 2, ""central_europe"": 21, ""germany"": 32, ""north_sweden"": 6, ""relict"": 1, ""south_sweden"": 27, ""spain"": 3, ""western_europe"": 18}"	f2641938c57ad0b29ba74084db9e5f33b20092fa06f6067742a8418112c9eb57	ok
658	PC3sc0	Salt induced changes in Root System Architecture	10.21958/phenotype:658	dimensionless unit	326	326	326	326	326	134	134	0	1	"{""admixed"": 24, ""asia"": 2, ""central_europe"": 21, ""germany"": 32, ""north_sweden"": 6, ""relict"": 1, ""south_sweden"": 27, ""spain"": 3, ""western_europe"": 18}"	447cf18fc18b6acfbe35eaa9be5c645769b06886b0aaf62b283a2393f2c38f98	ok
659	TRS75	Salt induced changes in Root System Architecture	10.21958/phenotype:659	length unit	328	328	328	328	328	136	136	0	1	"{""admixed"": 24, ""asia"": 2, ""central_europe"": 22, ""germany"": 32, ""north_sweden"": 6, ""relict"": 1, ""south_sweden"": 28, ""spain"": 3, ""western_europe"": 18}"	d020182c1dd19ed0238a9a573ab57fd104fbb8a2874d751b6675021d41a0b328	ok
660	MRL75	Salt induced changes in Root System Architecture	10.21958/phenotype:660	length unit	328	328	328	328	328	136	136	0	1	"{""admixed"": 24, ""asia"": 2, ""central_europe"": 22, ""germany"": 32, ""north_sweden"": 6, ""relict"": 1, ""south_sweden"": 28, ""spain"": 3, ""western_europe"": 18}"	76be94e77308919dd451c25d535d923998851449d0b86395d9cd7186c177a3c8	ok
661	MRVL75	Salt induced changes in Root System Architecture	10.21958/phenotype:661	length unit	328	328	328	328	328	136	136	0	1	"{""admixed"": 24, ""asia"": 2, ""central_europe"": 22, ""germany"": 32, ""north_sweden"": 6, ""relict"": 1, ""south_sweden"": 28, ""spain"": 3, ""western_europe"": 18}"	06cd861ec57c4da155445fa99bb586ada98d0acfb1a7f3a278b787b9f24df448	ok
662	Depth75	Salt induced changes in Root System Architecture	10.21958/phenotype:662	length unit	328	328	328	328	328	136	136	0	1	"{""admixed"": 24, ""asia"": 2, ""central_europe"": 22, ""germany"": 32, ""north_sweden"": 6, ""relict"": 1, ""south_sweden"": 28, ""spain"": 3, ""western_europe"": 18}"	503f9d3670a811401718fdc6e2c7b5b03e6ab0eb83910c95ad1334c3be704fd1	ok
663	MRVA75	Salt induced changes in Root System Architecture	10.21958/phenotype:663	degree	328	328	328	328	328	136	136	0	1	"{""admixed"": 24, ""asia"": 2, ""central_europe"": 22, ""germany"": 32, ""north_sweden"": 6, ""relict"": 1, ""south_sweden"": 28, ""spain"": 3, ""western_europe"": 18}"	b9b40f58be311088b398a4658caaa733e1927d562bfa251e130be9a57da14c89	ok
664	Straight75	Salt induced changes in Root System Architecture	10.21958/phenotype:664	ratio	328	328	328	328	328	136	136	0	1	"{""admixed"": 24, ""asia"": 2, ""central_europe"": 22, ""germany"": 32, ""north_sweden"": 6, ""relict"": 1, ""south_sweden"": 28, ""spain"": 3, ""western_europe"": 18}"	8381a5c6e54f6846284c7c5edf27e2ad28ab43ce3af6f3a000d430cddd97c2a2	ok
665	noLRpMR75	Salt induced changes in Root System Architecture	10.21958/phenotype:665	count unit	328	328	328	328	328	136	136	0	1	"{""admixed"": 24, ""asia"": 2, ""central_europe"": 22, ""germany"": 32, ""north_sweden"": 6, ""relict"": 1, ""south_sweden"": 28, ""spain"": 3, ""western_europe"": 18}"	6ece9fcf65e7862cd058864d6653b8db8b6cb765b6c565a9ed3f7a11c5730070	ok
666	LRDpMR75	Salt induced changes in Root System Architecture	10.21958/phenotype:666	count unit	328	328	328	328	328	136	136	0	1	"{""admixed"": 24, ""asia"": 2, ""central_europe"": 22, ""germany"": 32, ""north_sweden"": 6, ""relict"": 1, ""south_sweden"": 28, ""spain"": 3, ""western_europe"": 18}"	380685f9717d3b6fc9bbab950fba5e27f09a1a2892d0e9d97d653a1988a209bd	ok
667	LRDpBZ75	Salt induced changes in Root System Architecture	10.21958/phenotype:667	count unit	328	328	328	328	328	136	136	0	1	"{""admixed"": 24, ""asia"": 2, ""central_europe"": 22, ""germany"": 32, ""north_sweden"": 6, ""relict"": 1, ""south_sweden"": 28, ""spain"": 3, ""western_europe"": 18}"	6c897813757f5da6e6d899b98b9829142881274cffa3ff3fb4424683096f766b	ok
668	LRL75	Salt induced changes in Root System Architecture	10.21958/phenotype:668	length unit	328	328	328	328	328	136	136	0	1	"{""admixed"": 24, ""asia"": 2, ""central_europe"": 22, ""germany"": 32, ""north_sweden"": 6, ""relict"": 1, ""south_sweden"": 28, ""spain"": 3, ""western_europe"": 18}"	505fa8097106769926342eac45d04684066dcc9b14dcd4df317badfa6b90c0a9	ok
669	aLRL75	Salt induced changes in Root System Architecture	10.21958/phenotype:669	length unit	328	328	328	328	328	136	136	0	1	"{""admixed"": 24, ""asia"": 2, ""central_europe"": 22, ""germany"": 32, ""north_sweden"": 6, ""relict"": 1, ""south_sweden"": 28, ""spain"": 3, ""western_europe"": 18}"	51fb4cb3a5050860d46be3ffab343b1d902281d8f4c3c1a69aa9578b21b4fd94	ok
670	Apical75	Salt induced changes in Root System Architecture	10.21958/phenotype:670	length unit	328	328	328	328	328	136	136	0	1	"{""admixed"": 24, ""asia"": 2, ""central_europe"": 22, ""germany"": 32, ""north_sweden"": 6, ""relict"": 1, ""south_sweden"": 28, ""spain"": 3, ""western_europe"": 18}"	6e30102b06437ccbe9c147a8f89bca0e5ce5f53f7ddbe08d469a3a7cb4a0e001	ok
671	Basal75	Salt induced changes in Root System Architecture	10.21958/phenotype:671	length unit	328	328	328	328	328	136	136	0	1	"{""admixed"": 24, ""asia"": 2, ""central_europe"": 22, ""germany"": 32, ""north_sweden"": 6, ""relict"": 1, ""south_sweden"": 28, ""spain"": 3, ""western_europe"": 18}"	3bd8ac1049314aba2120446908b88658546158530fabc1e1d03e89000f40161a	ok
672	Branched75	Salt induced changes in Root System Architecture	10.21958/phenotype:672	length unit	328	328	328	328	328	136	136	0	1	"{""admixed"": 24, ""asia"": 2, ""central_europe"": 22, ""germany"": 32, ""north_sweden"": 6, ""relict"": 1, ""south_sweden"": 28, ""spain"": 3, ""western_europe"": 18}"	0a42c99a2cc76199e212b59518ed7ae6bb53f7af8abf164d6b6feb942fec2ba1	ok
673	MRLpTRS75	Salt induced changes in Root System Architecture	10.21958/phenotype:673	ratio	328	328	328	328	328	136	136	0	1	"{""admixed"": 24, ""asia"": 2, ""central_europe"": 22, ""germany"": 32, ""north_sweden"": 6, ""relict"": 1, ""south_sweden"": 28, ""spain"": 3, ""western_europe"": 18}"	5aa1aa5e48fc3888c3ad6d43da77ea06660e933cf240aa0642b87885122a9ede	ok
674	LRLpMRL75	Salt induced changes in Root System Architecture	10.21958/phenotype:674	ratio	328	328	328	328	328	136	136	0	1	"{""admixed"": 24, ""asia"": 2, ""central_europe"": 22, ""germany"": 32, ""north_sweden"": 6, ""relict"": 1, ""south_sweden"": 28, ""spain"": 3, ""western_europe"": 18}"	ce1e0ae3dc6a45336bb0b096bca111297a424f27327a85849dba437bdd401456	ok
675	aLRLpMRL75	Salt induced changes in Root System Architecture	10.21958/phenotype:675	ratio	328	328	328	328	328	136	136	0	1	"{""admixed"": 24, ""asia"": 2, ""central_europe"": 22, ""germany"": 32, ""north_sweden"": 6, ""relict"": 1, ""south_sweden"": 28, ""spain"": 3, ""western_europe"": 18}"	5850a28e7e53fda109469f987fb7636d87d4dbdcfcef6df6769c7dade203c9ea	ok
676	PC1sc75	Salt induced changes in Root System Architecture	10.21958/phenotype:676	dimensionless unit	326	326	326	326	326	134	134	0	1	"{""admixed"": 24, ""asia"": 2, ""central_europe"": 21, ""germany"": 32, ""north_sweden"": 6, ""relict"": 1, ""south_sweden"": 27, ""spain"": 3, ""western_europe"": 18}"	95f4d2f0db13eb892350a555910a68360aebae24ed38caf2c295a416e2649015	ok
677	PC2sc75	Salt induced changes in Root System Architecture	10.21958/phenotype:677	dimensionless unit	326	326	326	326	326	134	134	0	1	"{""admixed"": 24, ""asia"": 2, ""central_europe"": 21, ""germany"": 32, ""north_sweden"": 6, ""relict"": 1, ""south_sweden"": 27, ""spain"": 3, ""western_europe"": 18}"	d434112e18901c5dad75123234457e81c13169e85c74c0a2928711c54c4cb332	ok
678	PC3sc75	Salt induced changes in Root System Architecture	10.21958/phenotype:678	dimensionless unit	326	326	326	326	326	134	134	0	1	"{""admixed"": 24, ""asia"": 2, ""central_europe"": 21, ""germany"": 32, ""north_sweden"": 6, ""relict"": 1, ""south_sweden"": 27, ""spain"": 3, ""western_europe"": 18}"	780acdc29a2dab0a3124b855a9761d777e42a5140d7283fbf734e75b93abb91f	ok
679	TRS125	Salt induced changes in Root System Architecture	10.21958/phenotype:679	length unit	328	328	328	328	328	136	136	0	1	"{""admixed"": 24, ""asia"": 2, ""central_europe"": 22, ""germany"": 32, ""north_sweden"": 6, ""relict"": 1, ""south_sweden"": 28, ""spain"": 3, ""western_europe"": 18}"	aa1b44a4983f009d145795c9a707bdf1f5cc22988d49bcfa5d50bfa49aff8ca0	ok
680	MRL125	Salt induced changes in Root System Architecture	10.21958/phenotype:680	length unit	328	328	328	328	328	136	136	0	1	"{""admixed"": 24, ""asia"": 2, ""central_europe"": 22, ""germany"": 32, ""north_sweden"": 6, ""relict"": 1, ""south_sweden"": 28, ""spain"": 3, ""western_europe"": 18}"	66f092e3502e6e38fe60a007c05058265896d89387213253ada6636948c18af5	ok
681	MRVL125	Salt induced changes in Root System Architecture	10.21958/phenotype:681	ratio	328	328	328	328	328	136	136	0	1	"{""admixed"": 24, ""asia"": 2, ""central_europe"": 22, ""germany"": 32, ""north_sweden"": 6, ""relict"": 1, ""south_sweden"": 28, ""spain"": 3, ""western_europe"": 18}"	aa1c63ce6a8aef9aaef16689f89530c4c949b3b4901fbfad46a7c159ff020ded	ok
682	Depth125	Salt induced changes in Root System Architecture	10.21958/phenotype:682	length unit	328	328	328	328	328	136	136	0	1	"{""admixed"": 24, ""asia"": 2, ""central_europe"": 22, ""germany"": 32, ""north_sweden"": 6, ""relict"": 1, ""south_sweden"": 28, ""spain"": 3, ""western_europe"": 18}"	60ca1bb7ba61266ba3e522cb501a3aeae7e17e61ff97ec0bfa3047d78c50229f	ok
683	MRVA125	Salt induced changes in Root System Architecture	10.21958/phenotype:683	degree	328	328	328	328	328	136	136	0	1	"{""admixed"": 24, ""asia"": 2, ""central_europe"": 22, ""germany"": 32, ""north_sweden"": 6, ""relict"": 1, ""south_sweden"": 28, ""spain"": 3, ""western_europe"": 18}"	02fe5e36c39a682a1ddbb7426fe4fdd4542cce35d4f158ef45e45030722be410	ok
684	Straight125	Salt induced changes in Root System Architecture	10.21958/phenotype:684	ratio	328	328	328	328	328	136	136	0	1	"{""admixed"": 24, ""asia"": 2, ""central_europe"": 22, ""germany"": 32, ""north_sweden"": 6, ""relict"": 1, ""south_sweden"": 28, ""spain"": 3, ""western_europe"": 18}"	fef2df64ac608ae8324f233ac71311a4fbfd55ce2ab060d15ad19046bf45500e	ok
685	noLRpMR125	Salt induced changes in Root System Architecture	10.21958/phenotype:685	count unit	328	328	328	328	328	136	136	0	1	"{""admixed"": 24, ""asia"": 2, ""central_europe"": 22, ""germany"": 32, ""north_sweden"": 6, ""relict"": 1, ""south_sweden"": 28, ""spain"": 3, ""western_europe"": 18}"	0ac4e7cba8fe596608ed346253437a73ea122d0bb9cd659e72bbaf302e0848b5	ok
686	LRDpMR125	Salt induced changes in Root System Architecture	10.21958/phenotype:686	count unit	328	328	328	328	328	136	136	0	1	"{""admixed"": 24, ""asia"": 2, ""central_europe"": 22, ""germany"": 32, ""north_sweden"": 6, ""relict"": 1, ""south_sweden"": 28, ""spain"": 3, ""western_europe"": 18}"	b52bfa034d5666734f66746871705086f506f6cf148213924940f61dd28fd19b	ok
687	LRDpBZ125	Salt induced changes in Root System Architecture	10.21958/phenotype:687	count unit	328	328	328	328	328	136	136	0	1	"{""admixed"": 24, ""asia"": 2, ""central_europe"": 22, ""germany"": 32, ""north_sweden"": 6, ""relict"": 1, ""south_sweden"": 28, ""spain"": 3, ""western_europe"": 18}"	5b05516c9b28ec93119ac2ba0b197d095c60ece41453cd794cb5297752e4b512	ok
688	LRL125	Salt induced changes in Root System Architecture	10.21958/phenotype:688	length unit	328	328	328	328	328	136	136	0	1	"{""admixed"": 24, ""asia"": 2, ""central_europe"": 22, ""germany"": 32, ""north_sweden"": 6, ""relict"": 1, ""south_sweden"": 28, ""spain"": 3, ""western_europe"": 18}"	39a8c32eee6b5a8238485ef7ccb76d332ce6951cf4affdda1fa75ccba71f94aa	ok
689	aLRL125	Salt induced changes in Root System Architecture	10.21958/phenotype:689	length unit	328	328	328	328	328	136	136	0	1	"{""admixed"": 24, ""asia"": 2, ""central_europe"": 22, ""germany"": 32, ""north_sweden"": 6, ""relict"": 1, ""south_sweden"": 28, ""spain"": 3, ""western_europe"": 18}"	a12843fa4dbd453173cbd665a66ed372c91a74cc2b6de144c2906a5790e6f3be	ok
690	Apical125	Salt induced changes in Root System Architecture	10.21958/phenotype:690	length unit	328	328	328	328	328	136	136	0	1	"{""admixed"": 24, ""asia"": 2, ""central_europe"": 22, ""germany"": 32, ""north_sweden"": 6, ""relict"": 1, ""south_sweden"": 28, ""spain"": 3, ""western_europe"": 18}"	729a97fd4a522b24dcb1cebec89e7087841f17a13197376d7fcb9e25f1cc03fa	ok
691	Basal125	Salt induced changes in Root System Architecture	10.21958/phenotype:691	length unit	328	328	328	328	328	136	136	0	1	"{""admixed"": 24, ""asia"": 2, ""central_europe"": 22, ""germany"": 32, ""north_sweden"": 6, ""relict"": 1, ""south_sweden"": 28, ""spain"": 3, ""western_europe"": 18}"	b8d195c57deaec8f7484734e41cbfe50c877da0e17731519307aa570104a8d91	ok
692	Branched125	Salt induced changes in Root System Architecture	10.21958/phenotype:692	length unit	328	328	328	328	328	136	136	0	1	"{""admixed"": 24, ""asia"": 2, ""central_europe"": 22, ""germany"": 32, ""north_sweden"": 6, ""relict"": 1, ""south_sweden"": 28, ""spain"": 3, ""western_europe"": 18}"	6902491f4d44515ecaa0ba45a2794e277d9c3a9e6f6dc4d824f789e5f2434dd1	ok
693	MRLpTRS125	Salt induced changes in Root System Architecture	10.21958/phenotype:693	ratio	328	328	328	328	328	136	136	0	1	"{""admixed"": 24, ""asia"": 2, ""central_europe"": 22, ""germany"": 32, ""north_sweden"": 6, ""relict"": 1, ""south_sweden"": 28, ""spain"": 3, ""western_europe"": 18}"	7e9dacbefe971d34a5892b1e15276c3aedc1302b172e1b4d8985089104f3ea11	ok
694	LRLpMRL1225	Salt induced changes in Root System Architecture	10.21958/phenotype:694	ratio	328	328	328	328	328	136	136	0	1	"{""admixed"": 24, ""asia"": 2, ""central_europe"": 22, ""germany"": 32, ""north_sweden"": 6, ""relict"": 1, ""south_sweden"": 28, ""spain"": 3, ""western_europe"": 18}"	71b4ab294ed9ae33ed51b5639cb6756dd1237e4284abda01112a44f2f86979c3	ok
695	aLRLpMRL125	Salt induced changes in Root System Architecture	10.21958/phenotype:695	ratio	328	328	328	328	328	136	136	0	1	"{""admixed"": 24, ""asia"": 2, ""central_europe"": 22, ""germany"": 32, ""north_sweden"": 6, ""relict"": 1, ""south_sweden"": 28, ""spain"": 3, ""western_europe"": 18}"	bdb0e44957c3766a541735ef4bcb2445a81ee7e05cdadcc0832f88872971cf4a	ok
696	PC1sc125	Salt induced changes in Root System Architecture	10.21958/phenotype:696	dimensionless unit	326	326	326	326	326	134	134	0	1	"{""admixed"": 24, ""asia"": 2, ""central_europe"": 21, ""germany"": 32, ""north_sweden"": 6, ""relict"": 1, ""south_sweden"": 27, ""spain"": 3, ""western_europe"": 18}"	bc56b0d4af05979b42c7da454336a8310c65819640f6cbe0c19a5545886621f8	ok
697	PC2sc125	Salt induced changes in Root System Architecture	10.21958/phenotype:697	dimensionless unit	326	326	326	326	326	134	134	0	1	"{""admixed"": 24, ""asia"": 2, ""central_europe"": 21, ""germany"": 32, ""north_sweden"": 6, ""relict"": 1, ""south_sweden"": 27, ""spain"": 3, ""western_europe"": 18}"	84162c9feabb3917206e2aca0ba1be1d6e3723359979c476ccbe350e89ca8372	ok
698	PC3sc125	Salt induced changes in Root System Architecture	10.21958/phenotype:698	dimensionless unit	326	326	326	326	326	134	134	0	1	"{""admixed"": 24, ""asia"": 2, ""central_europe"": 21, ""germany"": 32, ""north_sweden"": 6, ""relict"": 1, ""south_sweden"": 27, ""spain"": 3, ""western_europe"": 18}"	362a933ead905a6fb15df1545b7c02bfa45330e243e4051e6c5897623c468ad6	ok
699	Inter-specific pollination of Arabidopsis thaliana and Malcolmia littorea	Inter-specific pollination of Arabidopsis thaliana and Malcolmia littorea	10.21958/phenotype:699	count unit	339	339	339	310	310	283	283	29	2	"{""admixed"": 25, ""asia"": 19, ""central_europe"": 31, ""germany"": 24, ""italy_balkan_caucasus"": 15, ""north_sweden"": 37, ""relict"": 4, ""south_sweden"": 99, ""spain"": 9, ""western_europe"": 20}"	e2a0ac6195bd74d6c401d8a4d19d27cf451f05b3f97b2710488dad064632f205	ok
700	Length	1001 Genomes & easyGWAS	10.21958/phenotype:700	length unit	680	680	680	680	680	680	680	0	1	"{""admixed"": 106, ""asia"": 49, ""central_europe"": 151, ""germany"": 71, ""italy_balkan_caucasus"": 68, ""north_sweden"": 13, ""relict"": 16, ""south_sweden"": 64, ""spain"": 65, ""western_europe"": 77}"	a1178c3d6a34b672076f28d283b7d26412598df5fb5bdbe5de3b8452e103e766	ok
701	DTF2	1001 Genomes & easyGWAS	10.21958/phenotype:701	day	931	931	931	931	931	931	931	0	1	"{""admixed"": 127, ""asia"": 65, ""central_europe"": 169, ""germany"": 80, ""italy_balkan_caucasus"": 92, ""north_sweden"": 48, ""relict"": 23, ""south_sweden"": 135, ""spain"": 101, ""western_europe"": 91}"	36c6e068c960675f01b4981aff33264a66c6570d8a6107c67a4a6908ee2b442c	ok
702	DTF3	1001 Genomes & easyGWAS	10.21958/phenotype:702	day	923	923	923	923	923	923	923	0	1	"{""admixed"": 124, ""asia"": 65, ""central_europe"": 169, ""germany"": 78, ""italy_balkan_caucasus"": 92, ""north_sweden"": 47, ""relict"": 23, ""south_sweden"": 134, ""spain"": 100, ""western_europe"": 91}"	aefeeeea6bee19baab79b0a83f007dad6a4b344237e7cce76ab329e569822ec1	ok
703	DTF1	1001 Genomes & easyGWAS	10.21958/phenotype:703	day	936	936	936	936	936	936	936	0	1	"{""admixed"": 128, ""asia"": 65, ""central_europe"": 169, ""germany"": 80, ""italy_balkan_caucasus"": 92, ""north_sweden"": 50, ""relict"": 23, ""south_sweden"": 136, ""spain"": 102, ""western_europe"": 91}"	8c26b2ebb0a13cc4af142c7fce90f03b46b3fec511bf1f99b052e42f2e1e1680	ok
704	RL	1001 Genomes & easyGWAS	10.21958/phenotype:704	count unit	850	850	850	850	850	850	850	0	1	"{""admixed"": 116, ""asia"": 63, ""central_europe"": 167, ""germany"": 76, ""italy_balkan_caucasus"": 84, ""north_sweden"": 24, ""relict"": 20, ""south_sweden"": 117, ""spain"": 93, ""western_europe"": 90}"	29cc384a2437b3524a06386baf5bcf75898933ab1cfe9fda76ea649801c82023	ok
705	CL	1001 Genomes & easyGWAS	10.21958/phenotype:705	count unit	904	904	904	904	904	904	904	0	1	"{""admixed"": 123, ""asia"": 65, ""central_europe"": 168, ""germany"": 77, ""italy_balkan_caucasus"": 92, ""north_sweden"": 38, ""relict"": 22, ""south_sweden"": 129, ""spain"": 100, ""western_europe"": 90}"	cf5b4da04b22552e35c6aba3ed1b5497f61ff8e91dd2bf72579ab47fec2a16a7	ok
706	RBN	1001 Genomes & easyGWAS	10.21958/phenotype:706	count unit	674	674	674	674	674	674	674	0	1	"{""admixed"": 106, ""asia"": 47, ""central_europe"": 149, ""germany"": 71, ""italy_balkan_caucasus"": 67, ""north_sweden"": 12, ""relict"": 16, ""south_sweden"": 64, ""spain"": 65, ""western_europe"": 77}"	b386c3792370619d35f483a924f505cf228cdf95278d75bcbb3198696c58da4f	ok
707	Diameter	1001 Genomes & easyGWAS	10.21958/phenotype:707	length unit	656	656	656	656	656	656	656	0	1	"{""admixed"": 104, ""asia"": 45, ""central_europe"": 148, ""germany"": 70, ""italy_balkan_caucasus"": 62, ""north_sweden"": 13, ""relict"": 16, ""south_sweden"": 60, ""spain"": 63, ""western_europe"": 75}"	cd914b8662f7008d2e203597d284f5e025a0b654f30a46682eb995531a971b01	ok
717	RGR Fe	Root growth rates under nutrient deficiency	10.21958/phenotype:717	rate unit	227	227	227	227	227	130	130	0	1	"{""admixed"": 26, ""asia"": 5, ""central_europe"": 21, ""germany"": 36, ""italy_balkan_caucasus"": 1, ""north_sweden"": 4, ""relict"": 1, ""south_sweden"": 10, ""spain"": 4, ""western_europe"": 22}"	33fd63ad6f2b1126a92af04743b7b36bbb285764e7aa72412e76fd9386bb345a	ok
718	RGR MS	Root growth rates under nutrient deficiency	10.21958/phenotype:718	rate unit	227	227	227	227	227	130	130	0	1	"{""admixed"": 26, ""asia"": 5, ""central_europe"": 21, ""germany"": 36, ""italy_balkan_caucasus"": 1, ""north_sweden"": 4, ""relict"": 1, ""south_sweden"": 10, ""spain"": 4, ""western_europe"": 22}"	eb99598da848087cbaae821635dcb72154618a590d8885a96774c2849587a31e	ok
719	RGR P	Root growth rates under nutrient deficiency	10.21958/phenotype:719	rate unit	227	227	227	227	227	130	130	0	1	"{""admixed"": 26, ""asia"": 5, ""central_europe"": 21, ""germany"": 36, ""italy_balkan_caucasus"": 1, ""north_sweden"": 4, ""relict"": 1, ""south_sweden"": 10, ""spain"": 4, ""western_europe"": 22}"	92bde01539789e0508f97b29b31dfabf264770045a20846dd82b94dbda9af9eb	ok
720	RGR P Zn	Root growth rates under nutrient deficiency	10.21958/phenotype:720	rate unit	227	227	227	227	227	130	130	0	1	"{""admixed"": 26, ""asia"": 5, ""central_europe"": 21, ""germany"": 36, ""italy_balkan_caucasus"": 1, ""north_sweden"": 4, ""relict"": 1, ""south_sweden"": 10, ""spain"": 4, ""western_europe"": 22}"	8e1a9025f0f1e4388f66c6462a5cdef506410d09a9a4d1c1522f44a3cd5f25e8	ok
721	RGR Zn	Root growth rates under nutrient deficiency	10.21958/phenotype:721	rate unit	227	227	227	227	227	130	130	0	1	"{""admixed"": 26, ""asia"": 5, ""central_europe"": 21, ""germany"": 36, ""italy_balkan_caucasus"": 1, ""north_sweden"": 4, ""relict"": 1, ""south_sweden"": 10, ""spain"": 4, ""western_europe"": 22}"	a31faddca0a7a94566206befa1aaa700fc359d85a12a268e12b80d674858df05	ok
722	RGR P Fe	Root growth rates under nutrient deficiency	10.21958/phenotype:722	rate unit	227	227	227	227	227	130	130	0	1	"{""admixed"": 26, ""asia"": 5, ""central_europe"": 21, ""germany"": 36, ""italy_balkan_caucasus"": 1, ""north_sweden"": 4, ""relict"": 1, ""south_sweden"": 10, ""spain"": 4, ""western_europe"": 22}"	7bb98582a6adb55cea1f120d423e33a4448d167aaa2534effc9b1a50e91b0e51	ok
723	RGE Fe norm	Root growth rates under nutrient deficiency	10.21958/phenotype:723	ratio	227	227	227	227	227	130	130	0	1	"{""admixed"": 26, ""asia"": 5, ""central_europe"": 21, ""germany"": 36, ""italy_balkan_caucasus"": 1, ""north_sweden"": 4, ""relict"": 1, ""south_sweden"": 10, ""spain"": 4, ""western_europe"": 22}"	d556a9afd5bdb676ce17a95fcedfd4463ff4c6407ad63e35ba3fc52b5e9c350b	ok
724	RGR P norm	Root growth rates under nutrient deficiency	10.21958/phenotype:724	ratio	227	227	227	227	227	130	130	0	1	"{""admixed"": 26, ""asia"": 5, ""central_europe"": 21, ""germany"": 36, ""italy_balkan_caucasus"": 1, ""north_sweden"": 4, ""relict"": 1, ""south_sweden"": 10, ""spain"": 4, ""western_europe"": 22}"	97f681e67aa6a0af22b4fe1ec920ac491a90c4f62736fa60ad68bc26da6a223f	ok
725	RGR P Zn norm	Root growth rates under nutrient deficiency	10.21958/phenotype:725	ratio	227	227	227	227	227	130	130	0	1	"{""admixed"": 26, ""asia"": 5, ""central_europe"": 21, ""germany"": 36, ""italy_balkan_caucasus"": 1, ""north_sweden"": 4, ""relict"": 1, ""south_sweden"": 10, ""spain"": 4, ""western_europe"": 22}"	6835171a32fab8ae6867e926e729ce30e5dd30616db7357c6e9c971031d0131f	ok
726	RGR Zn norm	Root growth rates under nutrient deficiency	10.21958/phenotype:726	ratio	227	227	227	227	227	130	130	0	1	"{""admixed"": 26, ""asia"": 5, ""central_europe"": 21, ""germany"": 36, ""italy_balkan_caucasus"": 1, ""north_sweden"": 4, ""relict"": 1, ""south_sweden"": 10, ""spain"": 4, ""western_europe"": 22}"	8c239fcbfa56498a82162dfb953ab49d8f6c5273d1ec5c2fc526b69e7e3e961a	ok
727	RGR P Fe norm	Root growth rates under nutrient deficiency	10.21958/phenotype:727	ratio	227	227	227	227	227	130	130	0	1	"{""admixed"": 26, ""asia"": 5, ""central_europe"": 21, ""germany"": 36, ""italy_balkan_caucasus"": 1, ""north_sweden"": 4, ""relict"": 1, ""south_sweden"": 10, ""spain"": 4, ""western_europe"": 22}"	3bc759d1bfc058c4a1c16a39b53352913cb904fde2a17ba60a401c695a6ac228	ok
728	deltaRGR P Fe norm on Fe norm	Root growth rates under nutrient deficiency	10.21958/phenotype:728	ratio	227	227	227	227	227	130	130	0	1	"{""admixed"": 26, ""asia"": 5, ""central_europe"": 21, ""germany"": 36, ""italy_balkan_caucasus"": 1, ""north_sweden"": 4, ""relict"": 1, ""south_sweden"": 10, ""spain"": 4, ""western_europe"": 22}"	eaf6b4fa88a5b232b79d6782b9116f12cdf10402ddae8dbce38f042986e8ae8d	ok
729	deltaRGR P Zn norm on Zn norm	Root growth rates under nutrient deficiency	10.21958/phenotype:729	ratio	227	227	227	227	227	130	130	0	1	"{""admixed"": 26, ""asia"": 5, ""central_europe"": 21, ""germany"": 36, ""italy_balkan_caucasus"": 1, ""north_sweden"": 4, ""relict"": 1, ""south_sweden"": 10, ""spain"": 4, ""western_europe"": 22}"	9fbba108d7938d805fc8ba3bfa5f86f2e0a34d1646abf834eb4e9969a9c1903c	ok
730	MS-mean Total length day003	Root growth rates under nutrient deficiency	10.21958/phenotype:730	micron pixel	226	226	226	226	226	130	130	0	1	"{""admixed"": 26, ""asia"": 5, ""central_europe"": 21, ""germany"": 36, ""italy_balkan_caucasus"": 1, ""north_sweden"": 4, ""relict"": 1, ""south_sweden"": 10, ""spain"": 4, ""western_europe"": 22}"	de2c21704e0b76916477f39c32084f3c8a16f8fc02ff96d6c985e2a4b77749b2	ok
731	MS-mean Total length day004	Root growth rates under nutrient deficiency	10.21958/phenotype:731	micron pixel	226	226	226	226	226	129	129	0	1	"{""admixed"": 26, ""asia"": 5, ""central_europe"": 21, ""germany"": 36, ""italy_balkan_caucasus"": 1, ""north_sweden"": 4, ""relict"": 1, ""south_sweden"": 10, ""spain"": 4, ""western_europe"": 21}"	351fa8f69d7ebb8f97074fd4ebc196d9a75e1f1281b9078c83334d4d883e1a0d	ok
732	MS-mean Total length day005	Root growth rates under nutrient deficiency	10.21958/phenotype:732	micron pixel	227	227	227	227	227	130	130	0	1	"{""admixed"": 26, ""asia"": 5, ""central_europe"": 21, ""germany"": 36, ""italy_balkan_caucasus"": 1, ""north_sweden"": 4, ""relict"": 1, ""south_sweden"": 10, ""spain"": 4, ""western_europe"": 22}"	a324a3af88c49d068c89a98e6f08590dc3ec73e3ed6622152f3b357335f693a8	ok
733	F-mean Total length day003	Root growth rates under nutrient deficiency	10.21958/phenotype:733	micron pixel	224	224	224	224	224	129	129	0	1	"{""admixed"": 26, ""asia"": 5, ""central_europe"": 21, ""germany"": 36, ""italy_balkan_caucasus"": 1, ""north_sweden"": 4, ""relict"": 1, ""south_sweden"": 10, ""spain"": 4, ""western_europe"": 21}"	2b2be38ae822ff79780465a16ec5306b3456079e9cb09941ef4922a62e8b67a1	ok
734	F-mean Total length day004	Root growth rates under nutrient deficiency	10.21958/phenotype:734	micron pixel	227	227	227	227	227	130	130	0	1	"{""admixed"": 26, ""asia"": 5, ""central_europe"": 21, ""germany"": 36, ""italy_balkan_caucasus"": 1, ""north_sweden"": 4, ""relict"": 1, ""south_sweden"": 10, ""spain"": 4, ""western_europe"": 22}"	8958208b4d53d564426a18a29fe7ed783fd96c52bb2af1ce0f4c1752db0f55b7	ok
735	F-mean Total length day005	Root growth rates under nutrient deficiency	10.21958/phenotype:735	micron pixel	227	227	227	227	227	130	130	0	1	"{""admixed"": 26, ""asia"": 5, ""central_europe"": 21, ""germany"": 36, ""italy_balkan_caucasus"": 1, ""north_sweden"": 4, ""relict"": 1, ""south_sweden"": 10, ""spain"": 4, ""western_europe"": 22}"	20a3813270c12395cdde3bb6f20b5a78b60fe96383b4e514338e756b0829d90f	ok
736	P-mean Total length day003	Root growth rates under nutrient deficiency	10.21958/phenotype:736	micron pixel	208	208	208	208	208	116	116	0	1	"{""admixed"": 22, ""asia"": 5, ""central_europe"": 19, ""germany"": 33, ""italy_balkan_caucasus"": 1, ""north_sweden"": 4, ""relict"": 1, ""south_sweden"": 8, ""spain"": 4, ""western_europe"": 19}"	8f0990eb52d5103e666d8f10a6cd4525994414f147db863089126caa6a408f03	ok
737	P-mean Total length day004	Root growth rates under nutrient deficiency	10.21958/phenotype:737	micron pixel	227	227	227	227	227	130	130	0	1	"{""admixed"": 26, ""asia"": 5, ""central_europe"": 21, ""germany"": 36, ""italy_balkan_caucasus"": 1, ""north_sweden"": 4, ""relict"": 1, ""south_sweden"": 10, ""spain"": 4, ""western_europe"": 22}"	71d7ce36c5ed97a795213dc43737902c4adf9c86301e9a6a4d35d30025da0fc2	ok
738	P-mean Total length day005	Root growth rates under nutrient deficiency	10.21958/phenotype:738	micron pixel	227	227	227	227	227	130	130	0	1	"{""admixed"": 26, ""asia"": 5, ""central_europe"": 21, ""germany"": 36, ""italy_balkan_caucasus"": 1, ""north_sweden"": 4, ""relict"": 1, ""south_sweden"": 10, ""spain"": 4, ""western_europe"": 22}"	68473a6aa393eaac82e95f80407e4498c848a918aab62a0090db8f0325f0f22b	ok
739	PF-mean Total length day003	Root growth rates under nutrient deficiency	10.21958/phenotype:739	micron pixel	221	221	221	221	221	127	127	0	1	"{""admixed"": 26, ""asia"": 5, ""central_europe"": 21, ""germany"": 36, ""italy_balkan_caucasus"": 1, ""north_sweden"": 4, ""relict"": 1, ""south_sweden"": 10, ""spain"": 4, ""western_europe"": 19}"	055e9e98913627a5a25b993265da9024d496aa780ebd0b86ac65fba88216979c	ok
740	PF-mean Total length day004	Root growth rates under nutrient deficiency	10.21958/phenotype:740	micron pixel	227	227	227	227	227	130	130	0	1	"{""admixed"": 26, ""asia"": 5, ""central_europe"": 21, ""germany"": 36, ""italy_balkan_caucasus"": 1, ""north_sweden"": 4, ""relict"": 1, ""south_sweden"": 10, ""spain"": 4, ""western_europe"": 22}"	d4d097db713e28145940d84e38a657b0e7f184a74f0bea21575a85ff1348a437	ok
741	PF-mean Total length day005	Root growth rates under nutrient deficiency	10.21958/phenotype:741	micron pixel	227	227	227	227	227	130	130	0	1	"{""admixed"": 26, ""asia"": 5, ""central_europe"": 21, ""germany"": 36, ""italy_balkan_caucasus"": 1, ""north_sweden"": 4, ""relict"": 1, ""south_sweden"": 10, ""spain"": 4, ""western_europe"": 22}"	adde681fd9ffe6f2bccd426807bb16c4d3bae3ea1fd9b8da1f2514ca66cbe87b	ok
742	PZ-mean Total length day003	Root growth rates under nutrient deficiency	10.21958/phenotype:742	micron pixel	226	226	226	226	226	129	129	0	1	"{""admixed"": 26, ""asia"": 5, ""central_europe"": 21, ""germany"": 36, ""italy_balkan_caucasus"": 1, ""north_sweden"": 4, ""relict"": 1, ""south_sweden"": 9, ""spain"": 4, ""western_europe"": 22}"	799f5034e37863a04365fd730116054a3c7fbf4b0b03a90d19cefcb40baacf9c	ok
743	PZ-mean Total length day004	Root growth rates under nutrient deficiency	10.21958/phenotype:743	micron pixel	227	227	227	227	227	130	130	0	1	"{""admixed"": 26, ""asia"": 5, ""central_europe"": 21, ""germany"": 36, ""italy_balkan_caucasus"": 1, ""north_sweden"": 4, ""relict"": 1, ""south_sweden"": 10, ""spain"": 4, ""western_europe"": 22}"	1de345c328d623d79bce08e33520bd86b11f632eaec32776a3e874c1ff0f3238	ok
744	PZ-mean Total length day005	Root growth rates under nutrient deficiency	10.21958/phenotype:744	micron pixel	227	227	227	227	227	130	130	0	1	"{""admixed"": 26, ""asia"": 5, ""central_europe"": 21, ""germany"": 36, ""italy_balkan_caucasus"": 1, ""north_sweden"": 4, ""relict"": 1, ""south_sweden"": 10, ""spain"": 4, ""western_europe"": 22}"	69a3d9a9ac201595b8d6f6c6d0be3123e938239ece46ee88f31ba04fcbe2aa09	ok
745	Z-mean Total length day003	Root growth rates under nutrient deficiency	10.21958/phenotype:745	micron pixel	188	188	188	188	188	109	109	0	1	"{""admixed"": 24, ""asia"": 3, ""central_europe"": 20, ""germany"": 29, ""italy_balkan_caucasus"": 1, ""north_sweden"": 4, ""relict"": 1, ""south_sweden"": 9, ""spain"": 4, ""western_europe"": 14}"	450fd4a8c43d7f56348dec1846cd906fef7ed9683e93cbead0b11a4e586376d3	ok
746	Z-mean Total length day004	Root growth rates under nutrient deficiency	10.21958/phenotype:746	micron pixel	227	227	227	227	227	130	130	0	1	"{""admixed"": 26, ""asia"": 5, ""central_europe"": 21, ""germany"": 36, ""italy_balkan_caucasus"": 1, ""north_sweden"": 4, ""relict"": 1, ""south_sweden"": 10, ""spain"": 4, ""western_europe"": 22}"	aa1de5e2bfa791f5d837b859a9b8fbf40cf5d6bb77b2ac4892ee3f36d84633bb	ok
747	Z-mean Total length day005	Root growth rates under nutrient deficiency	10.21958/phenotype:747	micron pixel	226	226	226	226	226	129	129	0	1	"{""admixed"": 26, ""asia"": 5, ""central_europe"": 20, ""germany"": 36, ""italy_balkan_caucasus"": 1, ""north_sweden"": 4, ""relict"": 1, ""south_sweden"": 10, ""spain"": 4, ""western_europe"": 22}"	e03772e9177d20f3bee2e61739e6c9eea036b21bf1c44887331f5a8dbb1e0a8c	ok
748	stomata density	Natural variation in stomata size (Dittberner et al. 2018)	10.21958/phenotype:748	density unit	330	330	330	330	330	330	330	0	1	"{""admixed"": 35, ""central_europe"": 23, ""germany"": 17, ""north_sweden"": 29, ""south_sweden"": 118, ""spain"": 90, ""western_europe"": 18}"	8adb4a55dc7e2cc4842f5989045bb7749689855d5a8cdd297fe2ebf61ad0a130	ok
749	stomata density 261	Natural variation in stomata size (Dittberner et al. 2018)	10.21958/phenotype:749	density unit	261	261	261	261	261	261	261	0	1	"{""admixed"": 27, ""central_europe"": 21, ""germany"": 11, ""north_sweden"": 25, ""south_sweden"": 92, ""spain"": 72, ""western_europe"": 13}"	860071f8d6155ffcd4b52ef7704376da78a91f41326d5269ce2173ffbf972fff	ok
750	stomatasize	Natural variation in stomata size (Dittberner et al. 2018)	10.21958/phenotype:750	millimeter	330	330	330	330	330	330	330	0	1	"{""admixed"": 35, ""central_europe"": 23, ""germany"": 17, ""north_sweden"": 29, ""south_sweden"": 118, ""spain"": 90, ""western_europe"": 18}"	f3dfccfef9db2e24627ccc59b85736375b5e7c5a934c099cc849c23e16c5c031	ok
751	Stomatasize 261	Natural variation in stomata size (Dittberner et al. 2018)	10.21958/phenotype:751	millimeter	261	261	261	261	261	261	261	0	1	"{""admixed"": 27, ""central_europe"": 21, ""germany"": 11, ""north_sweden"": 25, ""south_sweden"": 92, ""spain"": 72, ""western_europe"": 13}"	25d15c0356077f54d8b9369444cb2a3b6dc4dad3b32d2dbe9e383cc6745c13dd	ok
752	delta 13C	Natural variation in stomata size (Dittberner et al. 2018)	10.21958/phenotype:752	ratio	310	310	310	310	310	310	310	0	1	"{""admixed"": 32, ""central_europe"": 22, ""germany"": 12, ""north_sweden"": 29, ""south_sweden"": 115, ""spain"": 84, ""western_europe"": 16}"	841c5ddec7edaabea8a98e64aa057cc8f77d8a7cae4c79264ca38834eea02329	ok
753	delta 13C 261	Natural variation in stomata size (Dittberner et al. 2018)	10.21958/phenotype:753	ratio	261	261	261	261	261	261	261	0	1	"{""admixed"": 27, ""central_europe"": 21, ""germany"": 11, ""north_sweden"": 25, ""south_sweden"": 92, ""spain"": 72, ""western_europe"": 13}"	1d349749dbfeb71559a63d3e7f38bdcad31a004cfd94c0d3b67922a2da3d68fb	ok
754	root length day001	Root growth under Zn deficiency Bouain et al. 2018	10.21958/phenotype:754	micron pixel	230	230	230	230	230	130	130	0	1	"{""admixed"": 26, ""asia"": 5, ""central_europe"": 21, ""germany"": 36, ""italy_balkan_caucasus"": 1, ""north_sweden"": 4, ""relict"": 1, ""south_sweden"": 10, ""spain"": 4, ""western_europe"": 22}"	ca98a5701ac9960ea124c0bdd9b03a3c6ae671c585cc824ed9e8a37131012891	ok
755	root length day002	Root growth under Zn deficiency Bouain et al. 2018	10.21958/phenotype:755	micron pixel	230	230	230	230	230	129	129	0	1	"{""admixed"": 26, ""asia"": 5, ""central_europe"": 21, ""germany"": 36, ""italy_balkan_caucasus"": 1, ""north_sweden"": 4, ""relict"": 1, ""south_sweden"": 10, ""spain"": 4, ""western_europe"": 21}"	eba2e40e0db7d971289921567196be64c9be2c950c0d78830df655861fe207bf	ok
756	root length day003	Root growth under Zn deficiency Bouain et al. 2018	10.21958/phenotype:756	micron pixel	231	231	231	231	231	130	130	0	1	"{""admixed"": 26, ""asia"": 5, ""central_europe"": 21, ""germany"": 36, ""italy_balkan_caucasus"": 1, ""north_sweden"": 4, ""relict"": 1, ""south_sweden"": 10, ""spain"": 4, ""western_europe"": 22}"	1c65a5def1fc6900efad3cfcad7a6c743b161753208473736c6cf6bca7cb3e09	ok
757	root length day004	Root growth under Zn deficiency Bouain et al. 2018	10.21958/phenotype:757	micron pixel	231	231	231	231	231	130	130	0	1	"{""admixed"": 26, ""asia"": 5, ""central_europe"": 21, ""germany"": 36, ""italy_balkan_caucasus"": 1, ""north_sweden"": 4, ""relict"": 1, ""south_sweden"": 10, ""spain"": 4, ""western_europe"": 22}"	c938f1b9962c074e0c5ec8109df4426905c83c689c8b64108decd8f803299434	ok
758	root length day005	Root growth under Zn deficiency Bouain et al. 2018	10.21958/phenotype:758	micron pixel	231	231	231	231	231	130	130	0	1	"{""admixed"": 26, ""asia"": 5, ""central_europe"": 21, ""germany"": 36, ""italy_balkan_caucasus"": 1, ""north_sweden"": 4, ""relict"": 1, ""south_sweden"": 10, ""spain"": 4, ""western_europe"": 22}"	7967ad111324edfe6c1028f87a464653166e6344282acfd43ac0654042fc7a21	ok
759	root length day006	Root growth under Zn deficiency Bouain et al. 2018	10.21958/phenotype:759	micron pixel	231	231	231	231	231	130	130	0	1	"{""admixed"": 26, ""asia"": 5, ""central_europe"": 21, ""germany"": 36, ""italy_balkan_caucasus"": 1, ""north_sweden"": 4, ""relict"": 1, ""south_sweden"": 10, ""spain"": 4, ""western_europe"": 22}"	cbc554d79763ee20b7a7b44387ea5740455c178d45a24b236e985e430e2cafd3	ok
760	root length day007	Root growth under Zn deficiency Bouain et al. 2018	10.21958/phenotype:760	micron pixel	231	231	231	231	231	130	130	0	1	"{""admixed"": 26, ""asia"": 5, ""central_europe"": 21, ""germany"": 36, ""italy_balkan_caucasus"": 1, ""north_sweden"": 4, ""relict"": 1, ""south_sweden"": 10, ""spain"": 4, ""western_europe"": 22}"	5ec81ec0e47fad051697a0b32841c99354290b8aa946d19f057420a0c012487e	ok
761	root length day001 minusZn	Root growth under Zn deficiency Bouain et al. 2018	10.21958/phenotype:761	micron pixel	190	190	190	190	190	109	109	0	1	"{""admixed"": 24, ""asia"": 3, ""central_europe"": 20, ""germany"": 29, ""italy_balkan_caucasus"": 1, ""north_sweden"": 4, ""relict"": 1, ""south_sweden"": 9, ""spain"": 4, ""western_europe"": 14}"	e66928f9bb0bad3cff1b65b5098346ec55e2b4a7f0b9be9476361cf6443055a6	ok
762	root length day002 minusZn	Root growth under Zn deficiency Bouain et al. 2018	10.21958/phenotype:762	micron pixel	230	230	230	230	230	130	130	0	1	"{""admixed"": 26, ""asia"": 5, ""central_europe"": 21, ""germany"": 36, ""italy_balkan_caucasus"": 1, ""north_sweden"": 4, ""relict"": 1, ""south_sweden"": 10, ""spain"": 4, ""western_europe"": 22}"	873368788c644e618f337e57610d250bf3821de995e049ed31802f20e72cf4a9	ok
763	root length day003 minusZn	Root growth under Zn deficiency Bouain et al. 2018	10.21958/phenotype:763	micron pixel	230	230	230	230	230	129	129	0	1	"{""admixed"": 26, ""asia"": 5, ""central_europe"": 20, ""germany"": 36, ""italy_balkan_caucasus"": 1, ""north_sweden"": 4, ""relict"": 1, ""south_sweden"": 10, ""spain"": 4, ""western_europe"": 22}"	39862bb63f9a68803ac094c61db6eda2987448af548f47fae748fcdc33c5cfd7	ok
764	root length day004 minusZn	Root growth under Zn deficiency Bouain et al. 2018	10.21958/phenotype:764	micron pixel	231	231	231	231	231	130	130	0	1	"{""admixed"": 26, ""asia"": 5, ""central_europe"": 21, ""germany"": 36, ""italy_balkan_caucasus"": 1, ""north_sweden"": 4, ""relict"": 1, ""south_sweden"": 10, ""spain"": 4, ""western_europe"": 22}"	1c42e26d025628c0c9999b7e1656137e8471fc2f6823de287bd7e4b83ddfb31d	ok
765	root length day005 minusZn	Root growth under Zn deficiency Bouain et al. 2018	10.21958/phenotype:765	micron pixel	229	229	229	229	229	128	128	0	1	"{""admixed"": 26, ""asia"": 5, ""central_europe"": 19, ""germany"": 36, ""italy_balkan_caucasus"": 1, ""north_sweden"": 4, ""relict"": 1, ""south_sweden"": 10, ""spain"": 4, ""western_europe"": 22}"	57029325053960151bd932eba91fd7b5121b93d466d916d85b328dcbea7e19bb	ok
766	root length day006 minusZn	Root growth under Zn deficiency Bouain et al. 2018	10.21958/phenotype:766	micron pixel	231	231	231	231	231	130	130	0	1	"{""admixed"": 26, ""asia"": 5, ""central_europe"": 21, ""germany"": 36, ""italy_balkan_caucasus"": 1, ""north_sweden"": 4, ""relict"": 1, ""south_sweden"": 10, ""spain"": 4, ""western_europe"": 22}"	97f6ad742888ef4c9f3b0771d681fb6910f9f836ad0fa413f18a6a48b8b06046	ok
767	root length day007 minusZn	Root growth under Zn deficiency Bouain et al. 2018	10.21958/phenotype:767	micron pixel	231	231	231	231	231	130	130	0	1	"{""admixed"": 26, ""asia"": 5, ""central_europe"": 21, ""germany"": 36, ""italy_balkan_caucasus"": 1, ""north_sweden"": 4, ""relict"": 1, ""south_sweden"": 10, ""spain"": 4, ""western_europe"": 22}"	2b96b4002ca71118f12b1f78a539748814ce2160c83c258a3cf7b57d41092a03	ok
768	Gravitropic setpoint angle (GSA)	Gravitropic setpoint angle (GSA)	10.21958/phenotype:768	angle unit	214	214	214	213	213	138	138	1	2	"{""admixed"": 25, ""asia"": 7, ""central_europe"": 12, ""germany"": 23, ""italy_balkan_caucasus"": 2, ""north_sweden"": 25, ""relict"": 1, ""south_sweden"": 24, ""spain"": 9, ""western_europe"": 10}"	ea2e17a12387a5a68ac15fcbcbfa9f5f7a36393b870f790bcc1b5b4537af7e2d	ok
1267	shoots 15d protocol a	Genetic dissection of shoot regeneration from root explants in Arabidopsis (Lardon et al., 2020)	10.21958/phenotype:1267	count unit	1713	1713	1713	149	149	133	133	149	24	"{""admixed"": 29, ""asia"": 9, ""central_europe"": 28, ""germany"": 35, ""italy_balkan_caucasus"": 1, ""south_sweden"": 3, ""spain"": 3, ""western_europe"": 25}"	6cbf8ac91bccf37865ef1093a9b2459d85fb37fbbcb2212c10c3a20265637390	ok
1268	shoot primordia 15d protocol a	Genetic dissection of shoot regeneration from root explants in Arabidopsis (Lardon et al., 2020)	10.21958/phenotype:1268	count unit	1713	1713	1713	149	149	133	133	149	24	"{""admixed"": 29, ""asia"": 9, ""central_europe"": 28, ""germany"": 35, ""italy_balkan_caucasus"": 1, ""south_sweden"": 3, ""spain"": 3, ""western_europe"": 25}"	a2874add76e1dee92f07cd0b314edc78db792cff5dd5d04fb4567b680f68c056	ok
1269	undefined structures 15d protocol a	Genetic dissection of shoot regeneration from root explants in Arabidopsis (Lardon et al., 2020)	10.21958/phenotype:1269	count unit	1713	1713	1713	149	149	133	133	149	24	"{""admixed"": 29, ""asia"": 9, ""central_europe"": 28, ""germany"": 35, ""italy_balkan_caucasus"": 1, ""south_sweden"": 3, ""spain"": 3, ""western_europe"": 25}"	d3f4d3e991b21e5eed53f8bac1727746e667d8e919aed3500069e46f2a6dce94	ok
1270	root-like structures 15d protocol a	Genetic dissection of shoot regeneration from root explants in Arabidopsis (Lardon et al., 2020)	10.21958/phenotype:1270	count unit	1713	1713	1713	149	149	133	133	149	24	"{""admixed"": 29, ""asia"": 9, ""central_europe"": 28, ""germany"": 35, ""italy_balkan_caucasus"": 1, ""south_sweden"": 3, ""spain"": 3, ""western_europe"": 25}"	2439cd1644f52475493119265e0cdfff98ce777b9f472b01ed06c8ecfa8d981b	ok
1271	callus score 15d protocol a	Genetic dissection of shoot regeneration from root explants in Arabidopsis (Lardon et al., 2020)	10.21958/phenotype:1271	dimensionless unit	1713	1713	1713	149	149	133	133	149	24	"{""admixed"": 29, ""asia"": 9, ""central_europe"": 28, ""germany"": 35, ""italy_balkan_caucasus"": 1, ""south_sweden"": 3, ""spain"": 3, ""western_europe"": 25}"	91f1ee7329ef800386fd7a91cfa9cf34f3d2e606bd9aacfba09dff893c6fc751	ok
1272	area 15d protocol a	Genetic dissection of shoot regeneration from root explants in Arabidopsis (Lardon et al., 2020)	10.21958/phenotype:1272	area unit	1703	1703	1703	149	149	133	133	149	24	"{""admixed"": 29, ""asia"": 9, ""central_europe"": 28, ""germany"": 35, ""italy_balkan_caucasus"": 1, ""south_sweden"": 3, ""spain"": 3, ""western_europe"": 25}"	9e89af3bd4072410877fdfe92dd8e6de1a6d94355819e392b96beaedb849fdc4	ok
1273	greening 15d protocol a	Genetic dissection of shoot regeneration from root explants in Arabidopsis (Lardon et al., 2020)	10.21958/phenotype:1273	dimensionless unit	1703	1703	1703	149	149	133	133	149	24	"{""admixed"": 29, ""asia"": 9, ""central_europe"": 28, ""germany"": 35, ""italy_balkan_caucasus"": 1, ""south_sweden"": 3, ""spain"": 3, ""western_europe"": 25}"	7bfd0ee4c914811a3002f7bf485f53cb97572eee8c3d8233acc8007f7af9c409	ok
1274	shoots 15d protocol b	Genetic dissection of shoot regeneration from root explants in Arabidopsis (Lardon et al., 2020)	10.21958/phenotype:1274	count unit	2164	2164	2164	168	168	152	152	168	24	"{""admixed"": 35, ""asia"": 13, ""central_europe"": 29, ""germany"": 40, ""italy_balkan_caucasus"": 3, ""north_sweden"": 1, ""south_sweden"": 3, ""spain"": 3, ""western_europe"": 25}"	5c283427ad8b2133fb4f94281d8e1d28e98ea42379219fe9fbdaae990297fb26	ok
1275	shoot primordia 15d protocol b	Genetic dissection of shoot regeneration from root explants in Arabidopsis (Lardon et al., 2020)	10.21958/phenotype:1275	count unit	2164	2164	2164	168	168	152	152	168	24	"{""admixed"": 35, ""asia"": 13, ""central_europe"": 29, ""germany"": 40, ""italy_balkan_caucasus"": 3, ""north_sweden"": 1, ""south_sweden"": 3, ""spain"": 3, ""western_europe"": 25}"	88a052baa9235879817eafbf18a9e16ace5dc819ff8880b2bd327c0d39aa94ec	ok
1276	undefined structures 15d protocol b	Genetic dissection of shoot regeneration from root explants in Arabidopsis (Lardon et al., 2020)	10.21958/phenotype:1276	count unit	2164	2164	2164	168	168	152	152	168	24	"{""admixed"": 35, ""asia"": 13, ""central_europe"": 29, ""germany"": 40, ""italy_balkan_caucasus"": 3, ""north_sweden"": 1, ""south_sweden"": 3, ""spain"": 3, ""western_europe"": 25}"	9a5902fa7d1c9e3176042020feadeadc236cc18036d5df15802a48997d6e7a61	ok
1277	root-like structures 15d protocol b	Genetic dissection of shoot regeneration from root explants in Arabidopsis (Lardon et al., 2020)	10.21958/phenotype:1277	count unit	2164	2164	2164	168	168	152	152	168	24	"{""admixed"": 35, ""asia"": 13, ""central_europe"": 29, ""germany"": 40, ""italy_balkan_caucasus"": 3, ""north_sweden"": 1, ""south_sweden"": 3, ""spain"": 3, ""western_europe"": 25}"	ce24daa2cd8ab3cdf08a38d7bac1ebe825889695189a987d92ba7180eb4e693c	ok
1278	callus score 15d protocol b	Genetic dissection of shoot regeneration from root explants in Arabidopsis (Lardon et al., 2020)	10.21958/phenotype:1278	dimensionless unit	2164	2164	2164	168	168	152	152	168	24	"{""admixed"": 35, ""asia"": 13, ""central_europe"": 29, ""germany"": 40, ""italy_balkan_caucasus"": 3, ""north_sweden"": 1, ""south_sweden"": 3, ""spain"": 3, ""western_europe"": 25}"	9712f6fc5cae5d9c793a356440b0e2da4b547ab3d7423d490f7cfc5c3e8334f9	ok
1279	area 15d protocol b	Genetic dissection of shoot regeneration from root explants in Arabidopsis (Lardon et al., 2020)	10.21958/phenotype:1279	area unit	2132	2132	2132	168	168	152	152	168	24	"{""admixed"": 35, ""asia"": 13, ""central_europe"": 29, ""germany"": 40, ""italy_balkan_caucasus"": 3, ""north_sweden"": 1, ""south_sweden"": 3, ""spain"": 3, ""western_europe"": 25}"	4fb38e57406e678f81d120dd8b08aed82696da3356308c2b8197fac69a0d289a	ok
1280	greening 15d protocol b	Genetic dissection of shoot regeneration from root explants in Arabidopsis (Lardon et al., 2020)	10.21958/phenotype:1280	dimensionless unit	2132	2132	2132	168	168	152	152	168	24	"{""admixed"": 35, ""asia"": 13, ""central_europe"": 29, ""germany"": 40, ""italy_balkan_caucasus"": 3, ""north_sweden"": 1, ""south_sweden"": 3, ""spain"": 3, ""western_europe"": 25}"	ee705f167f952f47f92b377ffc1589a91457ad0abed4def61e6719c8e1137ccb	ok
1281	shoots 21d protocol a	Genetic dissection of shoot regeneration from root explants in Arabidopsis (Lardon et al., 2020)	10.21958/phenotype:1281	count unit	1711	1711	1711	149	149	133	133	149	24	"{""admixed"": 29, ""asia"": 9, ""central_europe"": 28, ""germany"": 35, ""italy_balkan_caucasus"": 1, ""south_sweden"": 3, ""spain"": 3, ""western_europe"": 25}"	a56f20104e0721e571fd3380b5c115dac821a5c6e4cd0b9765a2a321cf928983	ok
1282	shoot primordia 21d protocol a	Genetic dissection of shoot regeneration from root explants in Arabidopsis (Lardon et al., 2020)	10.21958/phenotype:1282	count unit	1711	1711	1711	149	149	133	133	149	24	"{""admixed"": 29, ""asia"": 9, ""central_europe"": 28, ""germany"": 35, ""italy_balkan_caucasus"": 1, ""south_sweden"": 3, ""spain"": 3, ""western_europe"": 25}"	dc2b5f7de8b877246960c192a87fa60572ca533750b602bf2d4eef6a70341f12	ok
1283	undefined structures 21d protocol a	Genetic dissection of shoot regeneration from root explants in Arabidopsis (Lardon et al., 2020)	10.21958/phenotype:1283	count unit	1711	1711	1711	149	149	133	133	149	24	"{""admixed"": 29, ""asia"": 9, ""central_europe"": 28, ""germany"": 35, ""italy_balkan_caucasus"": 1, ""south_sweden"": 3, ""spain"": 3, ""western_europe"": 25}"	e50ad002412e132b0f00a07d585a4dfe7f9a953924efae41ba766d362d467c32	ok
1284	root-like structures 21d protocol a	Genetic dissection of shoot regeneration from root explants in Arabidopsis (Lardon et al., 2020)	10.21958/phenotype:1284	count unit	1711	1711	1711	149	149	133	133	149	24	"{""admixed"": 29, ""asia"": 9, ""central_europe"": 28, ""germany"": 35, ""italy_balkan_caucasus"": 1, ""south_sweden"": 3, ""spain"": 3, ""western_europe"": 25}"	d0da5da24d3e2690ffc14b182198415c9feb7d0e760631a08b681aefd158eedb	ok
1285	callus score 21d protocol a	Genetic dissection of shoot regeneration from root explants in Arabidopsis (Lardon et al., 2020)	10.21958/phenotype:1285	dimensionless unit	1711	1711	1711	149	149	133	133	149	24	"{""admixed"": 29, ""asia"": 9, ""central_europe"": 28, ""germany"": 35, ""italy_balkan_caucasus"": 1, ""south_sweden"": 3, ""spain"": 3, ""western_europe"": 25}"	75109eb898c8359e3279624f9dc6f9483efc35b82a1d4e30e6da572dc4c17a0f	ok
1286	area 21d protocol a	Genetic dissection of shoot regeneration from root explants in Arabidopsis (Lardon et al., 2020)	10.21958/phenotype:1286	area unit	1688	1688	1688	148	148	132	132	148	24	"{""admixed"": 29, ""asia"": 9, ""central_europe"": 28, ""germany"": 34, ""italy_balkan_caucasus"": 1, ""south_sweden"": 3, ""spain"": 3, ""western_europe"": 25}"	1e6685b9784d1295e58eb8dbe932a2ed8779ca278734b9269f06de4ee409b8b9	ok
1287	greening 21d protocol a	Genetic dissection of shoot regeneration from root explants in Arabidopsis (Lardon et al., 2020)	10.21958/phenotype:1287	dimensionless unit	1688	1688	1688	148	148	132	132	148	24	"{""admixed"": 29, ""asia"": 9, ""central_europe"": 28, ""germany"": 34, ""italy_balkan_caucasus"": 1, ""south_sweden"": 3, ""spain"": 3, ""western_europe"": 25}"	b36369ade271cf6137519c424e68ed9115eea720e245a812c657ba7beece9444	ok
1288	shoots 21d protocol b	Genetic dissection of shoot regeneration from root explants in Arabidopsis (Lardon et al., 2020)	10.21958/phenotype:1288	count unit	2165	2165	2165	168	168	152	152	168	24	"{""admixed"": 35, ""asia"": 13, ""central_europe"": 29, ""germany"": 40, ""italy_balkan_caucasus"": 3, ""north_sweden"": 1, ""south_sweden"": 3, ""spain"": 3, ""western_europe"": 25}"	b685828b3c30005585e6295dbc058fab42030ef3cbef2335934f60d4f55621a7	ok
1289	shoot primordia 21d protocol b	Genetic dissection of shoot regeneration from root explants in Arabidopsis (Lardon et al., 2020)	10.21958/phenotype:1289	count unit	2165	2165	2165	168	168	152	152	168	24	"{""admixed"": 35, ""asia"": 13, ""central_europe"": 29, ""germany"": 40, ""italy_balkan_caucasus"": 3, ""north_sweden"": 1, ""south_sweden"": 3, ""spain"": 3, ""western_europe"": 25}"	1ee516b38cc2590993c175def22e03edba9e68a11a197c58aa511cdedb32987d	ok
1290	undefined structures 21d protocol b	Genetic dissection of shoot regeneration from root explants in Arabidopsis (Lardon et al., 2020)	10.21958/phenotype:1290	count unit	2165	2165	2165	168	168	152	152	168	24	"{""admixed"": 35, ""asia"": 13, ""central_europe"": 29, ""germany"": 40, ""italy_balkan_caucasus"": 3, ""north_sweden"": 1, ""south_sweden"": 3, ""spain"": 3, ""western_europe"": 25}"	3d58017d1681e3588cef73dcae00a9c89c2afca14499757a38589449e6bb7ea7	ok
1291	root-like structures 21d protocol b	Genetic dissection of shoot regeneration from root explants in Arabidopsis (Lardon et al., 2020)	10.21958/phenotype:1291	count unit	2165	2165	2165	168	168	152	152	168	24	"{""admixed"": 35, ""asia"": 13, ""central_europe"": 29, ""germany"": 40, ""italy_balkan_caucasus"": 3, ""north_sweden"": 1, ""south_sweden"": 3, ""spain"": 3, ""western_europe"": 25}"	33e646e98ede8ffcc9c57fa0e5d184db77ee9806820e16ede619591b2298f38d	ok
1292	callus score 21d protocol b	Genetic dissection of shoot regeneration from root explants in Arabidopsis (Lardon et al., 2020)	10.21958/phenotype:1292	dimensionless unit	2165	2165	2165	168	168	152	152	168	24	"{""admixed"": 35, ""asia"": 13, ""central_europe"": 29, ""germany"": 40, ""italy_balkan_caucasus"": 3, ""north_sweden"": 1, ""south_sweden"": 3, ""spain"": 3, ""western_europe"": 25}"	ffd9257a0cc0630eeb34d70a7e38155076968d70f8a8de3187b54252c5765ad8	ok
1293	area 21d protocol b	Genetic dissection of shoot regeneration from root explants in Arabidopsis (Lardon et al., 2020)	10.21958/phenotype:1293	area unit	2148	2148	2148	168	168	152	152	168	24	"{""admixed"": 35, ""asia"": 13, ""central_europe"": 29, ""germany"": 40, ""italy_balkan_caucasus"": 3, ""north_sweden"": 1, ""south_sweden"": 3, ""spain"": 3, ""western_europe"": 25}"	6aa8f5a77f20b16a3e6b9e4e24cfb965ee075e4f36b1b2c6a64e76e8f84206fb	ok
1294	greening 21d protocol b	Genetic dissection of shoot regeneration from root explants in Arabidopsis (Lardon et al., 2020)	10.21958/phenotype:1294	dimensionless unit	2148	2148	2148	168	168	152	152	168	24	"{""admixed"": 35, ""asia"": 13, ""central_europe"": 29, ""germany"": 40, ""italy_balkan_caucasus"": 3, ""north_sweden"": 1, ""south_sweden"": 3, ""spain"": 3, ""western_europe"": 25}"	455d6ae00af3b81343170dbf7e45403f924005145ba1a62fea380c175d2d15bc	ok
1307	NAT (Natural seed Aging Treatment)	Seed longevity (Renard et. al., 2020)	10.21958/phenotype:1307	ratio	269	269	269	269	269	100	100	0	1	"{""admixed"": 19, ""asia"": 1, ""central_europe"": 23, ""germany"": 29, ""north_sweden"": 1, ""relict"": 1, ""south_sweden"": 6, ""spain"": 3, ""western_europe"": 17}"	e58ed2629b842bbc27deecb7e074dec9085d1c2eb6e8df3a41e2110ce17fce0a	ok
1308	AAT (Accelerated seed Aging Treatment)	Seed longevity (Renard et. al., 2020)	10.21958/phenotype:1308	ratio	269	269	269	269	269	100	100	0	1	"{""admixed"": 19, ""asia"": 1, ""central_europe"": 23, ""germany"": 29, ""north_sweden"": 1, ""relict"": 1, ""south_sweden"": 6, ""spain"": 3, ""western_europe"": 17}"	76d3b1a67dc5546f7db9996b21a1f3a4a4a5e2bd174399d3db8c7e7f6ab4571a	ok
1309	CDT (Controlled seed Deterioration Treatment)	Seed longevity (Renard et. al., 2020)	10.21958/phenotype:1309	ratio	267	267	267	267	267	99	99	0	1	"{""admixed"": 18, ""asia"": 1, ""central_europe"": 23, ""germany"": 29, ""north_sweden"": 1, ""relict"": 1, ""south_sweden"": 6, ""spain"": 3, ""western_europe"": 17}"	8b75b88f9a1146cbcbdde93c79ad49fd27dd882cbb9fbf71058cf8606c08dc1f	ok
1310	EPPO (Elevated Partial Pressure of Oxygen seed-aging treatment)	Seed longevity (Renard et. al., 2020)	10.21958/phenotype:1310	ratio	267	267	267	267	267	100	100	0	1	"{""admixed"": 19, ""asia"": 1, ""central_europe"": 23, ""germany"": 29, ""north_sweden"": 1, ""relict"": 1, ""south_sweden"": 6, ""spain"": 3, ""western_europe"": 17}"	e3c050e0f35d34690b793a65ec1bca5517497d60acd1f44797610ceeb740f338	ok
1311	Chlorophyll	Isoprenoid concentration	10.21958/phenotype:1311	microgram	117	117	117	117	117	86	86	0	1	"{""admixed"": 11, ""asia"": 5, ""central_europe"": 18, ""germany"": 20, ""north_sweden"": 8, ""relict"": 1, ""south_sweden"": 1, ""spain"": 5, ""western_europe"": 17}"	11089776b4ab25b72606589145ac4308dba7c908c634a32062853231bc82a195	ok
1312	Dolichole	Isoprenoid concentration	10.21958/phenotype:1312	microgram	114	114	114	114	114	83	83	0	1	"{""admixed"": 11, ""asia"": 5, ""central_europe"": 18, ""germany"": 19, ""north_sweden"": 7, ""relict"": 1, ""spain"": 5, ""western_europe"": 17}"	a02d60efa818e409573421c601fd918193061055613fc85fa5512e538bb7abfa	ok
1313	Carotenoid	Isoprenoid concentration	10.21958/phenotype:1313	microgram	117	117	117	117	117	86	86	0	1	"{""admixed"": 11, ""asia"": 5, ""central_europe"": 18, ""germany"": 20, ""north_sweden"": 8, ""relict"": 1, ""south_sweden"": 1, ""spain"": 5, ""western_europe"": 17}"	52aa5e39f5aad9dd12843258253075432ef847c8869a05c67d03757961a20e7d	ok
1314	Plastoquinone	Isoprenoid concentration	10.21958/phenotype:1314	microgram	116	116	116	116	116	85	85	0	1	"{""admixed"": 11, ""asia"": 5, ""central_europe"": 18, ""germany"": 19, ""north_sweden"": 7, ""relict"": 1, ""south_sweden"": 1, ""spain"": 6, ""western_europe"": 17}"	0ab71ee03086f4a33d67a3e2127929b0321cdec17f7d07892c04c15898718809	ok
1315	Polyprenol	Isoprenoid concentration	10.21958/phenotype:1315	microgram	114	114	114	114	114	83	83	0	1	"{""admixed"": 11, ""asia"": 5, ""central_europe"": 18, ""germany"": 19, ""north_sweden"": 7, ""relict"": 1, ""spain"": 5, ""western_europe"": 17}"	c285e9ce286710231400994572d3d4782ff4fb0ad31c0a14be70b74034795e8c	ok
1316	Sterol	Isoprenoid concentration	10.21958/phenotype:1316	microgram	114	114	114	114	114	83	83	0	1	"{""admixed"": 11, ""asia"": 5, ""central_europe"": 18, ""germany"": 19, ""north_sweden"": 7, ""relict"": 1, ""spain"": 5, ""western_europe"": 17}"	f6c16d3b554fb8c4a24c5de0bf7f73077e6e9d8def8199f545e76fc54629d269	ok
1317	Tokoferol	Isoprenoid concentration	10.21958/phenotype:1317	microgram	117	117	117	117	117	86	86	0	1	"{""admixed"": 11, ""asia"": 5, ""central_europe"": 18, ""germany"": 20, ""north_sweden"": 8, ""relict"": 1, ""south_sweden"": 1, ""spain"": 5, ""western_europe"": 17}"	859af176f70dc0102c8a2f7db57f3923a72f4cec16da3942cb5ae40ad9c1f7f8	ok
1388	Rosette diameter Mine	Pb Mine soil	10.21958/phenotype:1388	millimeter	207	207	207	207	207	83	83	0	1	"{""admixed"": 19, ""central_europe"": 15, ""germany"": 20, ""north_sweden"": 4, ""relict"": 1, ""south_sweden"": 14, ""western_europe"": 10}"	02ccbef7e2a191735848f46907cde1ca8185853465fa4439916ed306584bc6b5	ok
1389	Growth rate	Pb Mine soil	10.21958/phenotype:1389	ratio	207	207	207	207	207	83	83	0	1	"{""admixed"": 19, ""central_europe"": 15, ""germany"": 20, ""north_sweden"": 4, ""relict"": 1, ""south_sweden"": 14, ""western_europe"": 10}"	33feccce9b341ef1d947b85f58fb661db3d05c677af6587131b09cb21c60f57c	ok
1390	Estimated Soil Pb	Pb Mine soil	10.21958/phenotype:1390		136	136	136	136	136	49	49	0	1	"{""admixed"": 13, ""central_europe"": 7, ""germany"": 11, ""north_sweden"": 2, ""south_sweden"": 13, ""western_europe"": 3}"	0ed6a1d259c1555a26ea13f9224fb6afd7072ec33abef232423b3b25c131f514	ok
1391	Leaf Pb Mine (μg/g)	Pb Mine soil	10.21958/phenotype:1391		199	199	199	199	199	81	81	0	1	"{""admixed"": 19, ""central_europe"": 15, ""germany"": 19, ""north_sweden"": 4, ""south_sweden"": 14, ""western_europe"": 10}"	5f41d0fae7bb36391be9ac921439a8192f278ac6d89c849b6da9a8bee15ede94	ok
1392	Leaf P Mine (μg/g)	Pb Mine soil	10.21958/phenotype:1392	microgram	200	200	200	200	200	81	81	0	1	"{""admixed"": 19, ""central_europe"": 15, ""germany"": 20, ""north_sweden"": 4, ""south_sweden"": 14, ""western_europe"": 9}"	49e2a9d8f532f24bd4151ae0d841b574be0912eb4ae1ea6444f35f2e23151082	ok
1393	Leaf  S Mine (μg/g)	Pb Mine soil	10.21958/phenotype:1393	microgram	200	200	200	200	200	81	81	0	1	"{""admixed"": 19, ""central_europe"": 15, ""germany"": 20, ""north_sweden"": 4, ""south_sweden"": 14, ""western_europe"": 9}"	e06fa4d1c92277d4816d309501cabf217e4a37610a75cac30d7980b7ad0dec4d	ok
1394	Leaf Mg Mine (μg/g)	Pb Mine soil	10.21958/phenotype:1394	microgram	200	200	200	200	200	81	81	0	1	"{""admixed"": 19, ""central_europe"": 15, ""germany"": 20, ""north_sweden"": 4, ""south_sweden"": 14, ""western_europe"": 9}"	b1ddf624ebd68f3bbe43ba0a12e535984902bef39e6e47db80012621fa8a88c3	ok
1395	Leaf Zn Mine (μg/g)	Pb Mine soil	10.21958/phenotype:1395	microgram	200	200	200	200	200	81	81	0	1	"{""admixed"": 19, ""central_europe"": 15, ""germany"": 20, ""north_sweden"": 4, ""south_sweden"": 14, ""western_europe"": 9}"	c6b1a6602e3d1cf10c8c740af7178d7f640c7c40620f1e6a2cecc57f69b8c5a5	ok
1396	Leaf Fe Mine (μg/g)	Pb Mine soil	10.21958/phenotype:1396	microgram	199	199	199	199	199	80	80	0	1	"{""admixed"": 19, ""central_europe"": 14, ""germany"": 20, ""north_sweden"": 4, ""south_sweden"": 14, ""western_europe"": 9}"	3be7cde5caa8143a5ec7b07f461cf7769c2af1ebecc85ecb51839bdf59d7e99c	ok
1397	Leaf Mn Mine (μg/g)	Pb Mine soil	10.21958/phenotype:1397	microgram	182	182	182	182	182	77	77	0	1	"{""admixed"": 18, ""central_europe"": 15, ""germany"": 20, ""north_sweden"": 3, ""south_sweden"": 13, ""western_europe"": 8}"	a173adbf014307451bd54271e7de9ef8d5c43d148a86eb689925637fa68716f4	ok
1398	Leaf Cu Mine (μg/g)	Pb Mine soil	10.21958/phenotype:1398	microgram	90	90	90	90	90	35	35	0	1	"{""admixed"": 13, ""central_europe"": 5, ""germany"": 10, ""south_sweden"": 2, ""western_europe"": 5}"	4a4a6dd425b5cdbf3b47dcdf9e25c7ffb21bd8adcbb8cf88c6a0cd4aceffc573	ok
1399	Leaf B Mine (μg/g)	Pb Mine soil	10.21958/phenotype:1399	microgram	106	106	106	106	106	41	41	0	1	"{""admixed"": 11, ""central_europe"": 4, ""germany"": 11, ""north_sweden"": 4, ""south_sweden"": 7, ""western_europe"": 4}"	09ef0bb62af26fd7358aa045e15001517ee71de5d73732f583b1a92b24a643c6	ok
1400	Leaf Ca Mine (μg/g)	Pb Mine soil	10.21958/phenotype:1400	microgram	200	200	200	200	200	81	81	0	1	"{""admixed"": 19, ""central_europe"": 15, ""germany"": 20, ""north_sweden"": 4, ""south_sweden"": 14, ""western_europe"": 9}"	86e0364a28ade2d6f98f29ba655df3f6f06ebb25a04acec34757ee0a54dd3bd0	ok
1401	Leaf K Mine (μg/g)	Pb Mine soil	10.21958/phenotype:1401	microgram	200	200	200	200	200	81	81	0	1	"{""admixed"": 19, ""central_europe"": 15, ""germany"": 20, ""north_sweden"": 4, ""south_sweden"": 14, ""western_europe"": 9}"	e6de9b6a5e7993e3302284fac3c79b2bb88dcb59e19c4505eb1ae36eec86d13f	ok
1402	Leaf Na Mine (μg/g)	Pb Mine soil	10.21958/phenotype:1402	microgram	200	200	200	200	200	81	81	0	1	"{""admixed"": 19, ""central_europe"": 15, ""germany"": 20, ""north_sweden"": 4, ""south_sweden"": 14, ""western_europe"": 9}"	bee66230d008e950aeec18aa8a4a587398db1b497614b3832a87f172e41c9778	ok
1892	Trichome area	trichome_development_epidermis_metal_traits	10.21958/phenotype:1892	area unit	302	302	302	302	302	302	302	0	1	"{""admixed"": 38, ""asia"": 7, ""central_europe"": 30, ""germany"": 40, ""italy_balkan_caucasus"": 1, ""north_sweden"": 47, ""relict"": 1, ""south_sweden"": 117, ""spain"": 3, ""western_europe"": 18}"	ee69b401b18afc17e77236d324356ad95d7848f87bd9fd38726e786bd66fe2fe	ok
1893	Trichome circularity	trichome_development_epidermis_metal_traits	10.21958/phenotype:1893	dimensionless unit	302	302	302	302	302	302	302	0	1	"{""admixed"": 38, ""asia"": 7, ""central_europe"": 30, ""germany"": 40, ""italy_balkan_caucasus"": 1, ""north_sweden"": 47, ""relict"": 1, ""south_sweden"": 117, ""spain"": 3, ""western_europe"": 18}"	861d3b31e36f258cf4fcd02092854a39ef6405a6e4713b268a0961edc17a8037	ok
1894	Trichome solidity	trichome_development_epidermis_metal_traits	10.21958/phenotype:1894	dimensionless unit	302	302	302	302	302	302	302	0	1	"{""admixed"": 38, ""asia"": 7, ""central_europe"": 30, ""germany"": 40, ""italy_balkan_caucasus"": 1, ""north_sweden"": 47, ""relict"": 1, ""south_sweden"": 117, ""spain"": 3, ""western_europe"": 18}"	bed827447ea6f1fc4d9cba1789bbd183e5063dfe4f75ae270b8d76b50be6b756	ok
1895	Trichome length	trichome_development_epidermis_metal_traits	10.21958/phenotype:1895	length unit	302	302	302	302	302	302	302	0	1	"{""admixed"": 38, ""asia"": 7, ""central_europe"": 30, ""germany"": 40, ""italy_balkan_caucasus"": 1, ""north_sweden"": 47, ""relict"": 1, ""south_sweden"": 117, ""spain"": 3, ""western_europe"": 18}"	332cd8efcfc8a14b90bcf28dd2842edcf6a0d87314e61bb1f0765bf54ebb0fb6	ok
1896	Trichome perimeter	trichome_development_epidermis_metal_traits	10.21958/phenotype:1896	length unit	302	302	302	302	302	302	302	0	1	"{""admixed"": 38, ""asia"": 7, ""central_europe"": 30, ""germany"": 40, ""italy_balkan_caucasus"": 1, ""north_sweden"": 47, ""relict"": 1, ""south_sweden"": 117, ""spain"": 3, ""western_europe"": 18}"	c4336d50e732744d94aed36b61e75fd1aa94c74205774fde0823d1f7cfd4551b	ok
1897	Callose content in trichomes	trichome_development_epidermis_metal_traits	10.21958/phenotype:1897	dimensionless unit	302	302	302	302	302	302	302	0	1	"{""admixed"": 38, ""asia"": 7, ""central_europe"": 30, ""germany"": 40, ""italy_balkan_caucasus"": 1, ""north_sweden"": 47, ""relict"": 1, ""south_sweden"": 117, ""spain"": 3, ""western_europe"": 18}"	089237b7861e1fa6dfdb4551061849d106b51bb0a0cfb5a246a2931e6e4014f2	ok
1898	Trichome stem length	trichome_development_epidermis_metal_traits	10.21958/phenotype:1898	micrometer	305	305	305	305	305	305	305	0	1	"{""admixed"": 38, ""asia"": 7, ""central_europe"": 31, ""germany"": 40, ""italy_balkan_caucasus"": 1, ""north_sweden"": 47, ""relict"": 1, ""south_sweden"": 118, ""spain"": 3, ""western_europe"": 19}"	f2eaa616732197fe92742de43145343161f3843c28195ba1504508058565a294	ok
1899	Trichome autofluorescence	trichome_development_epidermis_metal_traits	10.21958/phenotype:1899	dimensionless unit	309	309	309	309	309	309	309	0	1	"{""admixed"": 38, ""asia"": 7, ""central_europe"": 32, ""germany"": 40, ""italy_balkan_caucasus"": 1, ""north_sweden"": 47, ""relict"": 1, ""south_sweden"": 119, ""spain"": 3, ""western_europe"": 21}"	05c57b6dc126cb8f5f1f703a21b3bfbfbe3ccd965811ab5daf1b9df6930b05db	ok
1900	Leaf epidermis autofluorescence	trichome_development_epidermis_metal_traits	10.21958/phenotype:1900	dimensionless unit	309	309	309	309	309	309	309	0	1	"{""admixed"": 38, ""asia"": 7, ""central_europe"": 32, ""germany"": 40, ""italy_balkan_caucasus"": 1, ""north_sweden"": 47, ""relict"": 1, ""south_sweden"": 119, ""spain"": 3, ""western_europe"": 21}"	13c68ab53d6a16efdf24d8bc573c8fdae03f5e9824437c30adce91f027ac7352	ok
1901	Autofluorescence color	trichome_development_epidermis_metal_traits	10.21958/phenotype:1901	dimensionless unit	306	306	306	306	306	306	306	0	1	"{""admixed"": 38, ""asia"": 7, ""central_europe"": 31, ""germany"": 40, ""italy_balkan_caucasus"": 1, ""north_sweden"": 47, ""relict"": 1, ""south_sweden"": 119, ""spain"": 3, ""western_europe"": 19}"	8815651da981639d80d06bb85dfe8a3242005094b3f6efb1e3ce74bc6870e411	ok
1902	Trichome density	trichome_development_epidermis_metal_traits	10.21958/phenotype:1902	dimensionless unit	309	309	309	309	309	309	309	0	1	"{""admixed"": 38, ""asia"": 7, ""central_europe"": 32, ""germany"": 40, ""italy_balkan_caucasus"": 1, ""north_sweden"": 47, ""relict"": 1, ""south_sweden"": 119, ""spain"": 3, ""western_europe"": 21}"	c388f0519a9edf055e4e9099863be37a4c4e763865af618a2ac9f5fc2a2b8b45	ok
1903	Number of trichome branches	trichome_development_epidermis_metal_traits	10.21958/phenotype:1903	count unit	307	307	307	307	307	307	307	0	1	"{""admixed"": 38, ""asia"": 7, ""central_europe"": 31, ""germany"": 40, ""italy_balkan_caucasus"": 1, ""north_sweden"": 47, ""relict"": 1, ""south_sweden"": 119, ""spain"": 3, ""western_europe"": 20}"	9f23a0c2335dd5e205868debd41df4d1d55c72e61a880decb075198101474bff	ok
1904	Metal ring in trichomes	trichome_development_epidermis_metal_traits	10.21958/phenotype:1904	dimensionless unit	307	307	307	307	307	307	307	0	1	"{""admixed"": 38, ""asia"": 7, ""central_europe"": 32, ""germany"": 40, ""italy_balkan_caucasus"": 1, ""north_sweden"": 47, ""relict"": 1, ""south_sweden"": 117, ""spain"": 3, ""western_europe"": 21}"	5d383146b0b46775586cf44af027620906e62aa07ff46cdf6b496a73bfd00049	ok
1905	Metal gradient in trichomes	trichome_development_epidermis_metal_traits	10.21958/phenotype:1905	dimensionless unit	307	307	307	307	307	307	307	0	1	"{""admixed"": 38, ""asia"": 7, ""central_europe"": 32, ""germany"": 40, ""italy_balkan_caucasus"": 1, ""north_sweden"": 47, ""relict"": 1, ""south_sweden"": 117, ""spain"": 3, ""western_europe"": 21}"	f0bc2fedd5908f9c720df44efb2c3fb8bc421e7a3c6b9a82b1c2cca1a7bc482a	ok
1906	Metal in trichome base	trichome_development_epidermis_metal_traits	10.21958/phenotype:1906	dimensionless unit	307	307	307	307	307	307	307	0	1	"{""admixed"": 38, ""asia"": 7, ""central_europe"": 32, ""germany"": 40, ""italy_balkan_caucasus"": 1, ""north_sweden"": 47, ""relict"": 1, ""south_sweden"": 117, ""spain"": 3, ""western_europe"": 21}"	af65609b6a70a91975f94d2eb45144551043335f2ecbf964216332f2799a0023	ok
1907	Metal surrounding trichomes	trichome_development_epidermis_metal_traits	10.21958/phenotype:1907	dimensionless unit	307	307	307	307	307	307	307	0	1	"{""admixed"": 38, ""asia"": 7, ""central_europe"": 32, ""germany"": 40, ""italy_balkan_caucasus"": 1, ""north_sweden"": 47, ""relict"": 1, ""south_sweden"": 117, ""spain"": 3, ""western_europe"": 21}"	501aafca23b4fd408a7904a987dd28fbb994ee49ce141c4c7ac8251029a049dd	ok
1908	Metals in stomata	trichome_development_epidermis_metal_traits	10.21958/phenotype:1908	dimensionless unit	307	307	307	307	307	307	307	0	1	"{""admixed"": 38, ""asia"": 7, ""central_europe"": 32, ""germany"": 40, ""italy_balkan_caucasus"": 1, ""north_sweden"": 47, ""relict"": 1, ""south_sweden"": 117, ""spain"": 3, ""western_europe"": 21}"	477be48cdd059b7c17ba20db89c75ac07c7cba8f28b6edf0157cba84988ff89c	ok
1909	Shaveproof trichomes	trichome_development_epidermis_metal_traits	10.21958/phenotype:1909	dimensionless unit	309	309	309	309	309	309	309	0	1	"{""admixed"": 38, ""asia"": 7, ""central_europe"": 32, ""germany"": 40, ""italy_balkan_caucasus"": 1, ""north_sweden"": 47, ""relict"": 1, ""south_sweden"": 119, ""spain"": 3, ""western_europe"": 21}"	b82372526c9364816ee1ab090f0a60f9d17fdef305fd9be9d5158ae5d3042808	ok
1910	Raffinose 32C	Raffinose (22°C and 32°C)	10.21958/phenotype:1910	concentration unit	250	250	250	250	250	250	250	0	1	"{""admixed"": 35, ""asia"": 15, ""central_europe"": 36, ""germany"": 33, ""italy_balkan_caucasus"": 9, ""north_sweden"": 20, ""relict"": 3, ""south_sweden"": 52, ""spain"": 20, ""western_europe"": 27}"	4bc3bf8202fabb20dfb70ed617ec37c9dc39696cf34814039956587a983d4ac4	ok
1911	Raffinose 22C	Raffinose (22°C and 32°C)	10.21958/phenotype:1911	concentration unit	250	250	250	250	250	250	250	0	1	"{""admixed"": 35, ""asia"": 15, ""central_europe"": 36, ""germany"": 33, ""italy_balkan_caucasus"": 9, ""north_sweden"": 20, ""relict"": 3, ""south_sweden"": 52, ""spain"": 20, ""western_europe"": 27}"	b81506de6c2c5df59973f859899d22e2a8325ea6f635fdf88c77d0364ebf721a	ok
